Date,AGGH.MI,CSPX.L,EFA,GLD,TIP,TLT,VNQ,XEON.MI,SPY,AGG
2009-08-27,64.3857192993164,76.58740997314453,32.54731750488281,93.19000244140625,65.60115814208984,58.631263732910156,20.440759658813477,138.10899353027344,76.58740997314453,64.3857192993164
2009-08-28,64.34223937988281,76.57259368896484,32.56572723388672,93.87000274658203,65.62688446044922,58.89985275268555,20.621644973754883,138.11000061035156,76.57259368896484,64.34223937988281
2009-08-31,64.60930633544922,75.89118957519531,32.326412200927734,93.4000015258789,65.56891632080078,58.95472717285156,20.296043395996094,138.11000061035156,75.89118957519531,64.60930633544922
2009-09-01,64.49840545654297,74.21719360351562,31.52255630493164,93.9000015258789,65.65996551513672,58.81208801269531,19.210691452026367,138.11000061035156,74.21719360351562,64.49840545654297
2009-09-02,64.84114837646484,73.93573760986328,31.485734939575195,96.19000244140625,65.76399230957031,59.669219970703125,18.82306671142578,138.11099243164062,73.93573760986328,64.84114837646484
2009-09-03,64.72269439697266,74.550537109375,31.731189727783203,97.45999908447266,65.84854125976562,59.30188751220703,19.200361251831055,138.11399841308594,74.550537109375,64.72269439697266
2009-09-04,64.59808349609375,75.5948715209961,32.21595764160156,97.52999877929688,65.83553314208984,58.29166030883789,19.42259979248047,138.1199951171875,75.5948715209961,64.59808349609375
2009-09-07,64.59808349609375,75.5948715209961,32.21595764160156,97.52999877929688,65.83553314208984,58.29166030883789,19.42259979248047,138.11599731445312,75.5948715209961,64.59808349609375
2009-09-08,64.5046157836914,76.24665832519531,32.85414123535156,97.43000030517578,65.97205352783203,57.88147735595703,20.099651336669922,138.11500549316406,76.24665832519531,64.5046157836914
2009-09-09,64.62921905517578,76.83182525634766,33.259151458740234,97.08000183105469,66.18013763427734,57.81415939331055,20.49244499206543,138.11900329589844,76.83182525634766,64.62921905517578
2009-09-10,64.95946502685547,77.61698150634766,33.55369567871094,97.69999694824219,66.33621215820312,58.879451751708984,20.797386169433594,138.1199951171875,77.61698150634766,64.95946502685547
2009-09-11,64.95327758789062,77.60214233398438,33.510738372802734,98.77999877929688,66.48572540283203,59.20394515991211,20.761201858520508,138.12100219726562,77.60214233398438,64.95327758789062
2009-09-14,64.85984802246094,77.97991180419922,33.57822799682617,97.95999908447266,66.33621215820312,58.61616134643555,21.376230239868164,138.12100219726562,77.97991180419922,64.85984802246094
2009-09-15,64.76008605957031,78.30579376220703,33.584373474121094,98.9000015258789,66.37520599365234,58.31614303588867,21.71733856201172,138.12100219726562,78.30579376220703,64.76008605957031
2009-09-16,64.8099594116211,79.49095153808594,34.24708938598633,99.91000366210938,66.50528717041016,58.420223236083984,22.60112953186035,138.1219940185547,79.49095153808594,64.8099594116211
2009-09-17,65.11524963378906,79.37242889404297,34.02619934082031,99.33999633789062,66.58977508544922,59.15495681762695,22.502925872802734,138.12600708007812,79.37242889404297,65.11524963378906
2009-09-18,64.95327758789062,79.42301940917969,34.11823272705078,98.66999816894531,66.28416442871094,58.62843704223633,22.533939361572266,138.13099670410156,79.42301940917969,64.95327758789062
2009-09-21,64.90342712402344,79.22208404541016,33.75619125366211,98.36000061035156,66.21263885498047,58.76310348510742,22.182485580444336,138.12600708007812,79.22208404541016,64.90342712402344
2009-09-22,64.85984802246094,79.68352508544922,34.222557067871094,99.66999816894531,66.3686752319336,58.885555267333984,22.885387420654297,138.1320037841797,79.68352508544922,64.85984802246094
2009-09-23,65.02181243896484,79.02117156982422,33.928009033203125,98.83000183105469,66.51176452636719,59.0631217956543,22.058446884155273,138.1280059814453,79.02117156982422,65.02181243896484
2009-09-24,65.10279846191406,78.15040588378906,33.43096160888672,97.55000305175781,66.44673919677734,59.234561920166016,21.253108978271484,138.13099670410156,78.15040588378906,65.10279846191406
2009-09-25,65.29600524902344,77.73365020751953,33.289825439453125,97.0,66.54425811767578,59.98762130737305,21.320955276489258,138.1320037841797,77.73365020751953,65.29600524902344
2009-09-28,65.28971862792969,79.12535095214844,33.74391174316406,97.05000305175781,66.68080139160156,60.51408767700195,22.203020095825195,138.13800048828125,79.12535095214844,65.28971862792969
2009-09-29,65.25861358642578,78.88720703125,33.54140090942383,97.43000030517578,66.6548080444336,60.45904541015625,21.842884063720703,138.13400268554688,78.88720703125,65.25861358642578
2009-09-30,65.37698364257812,78.58201599121094,33.55369567871094,98.8499984741211,66.89541625976562,60.403892517089844,21.634117126464844,138.13999938964844,78.58201599121094,65.37698364257812
2009-10-01,65.52827453613281,76.63218688964844,32.67618942260742,97.88999938964844,67.08207702636719,61.2311897277832,20.663328170776367,138.1439971923828,76.63218688964844,65.52827453613281
2009-10-02,65.40320587158203,76.27497863769531,32.314144134521484,98.37000274658203,66.95198059082031,60.80738830566406,20.517179489135742,138.13900756835938,76.27497863769531,65.40320587158203
2009-10-05,65.44705200195312,77.41361236572266,32.78050994873047,99.81999969482422,66.99105072021484,60.813575744628906,21.080860137939453,138.13900756835938,77.41361236572266,65.44705200195312
2009-10-06,65.35323333740234,78.5224838256836,33.33278274536133,102.27999877929688,66.98451232910156,60.211708068847656,21.02345085144043,138.13900756835938,78.5224838256836,65.35323333740234
2009-10-07,65.61575317382812,78.73834991455078,33.455501556396484,102.36000061035156,67.2772445678711,60.91796112060547,21.007795333862305,138.13900756835938,78.73834991455078,65.61575317382812
2009-10-08,65.57203674316406,79.34113311767578,33.940277099609375,103.63999938964844,67.21218872070312,60.279212951660156,21.40967559814453,138.14199829101562,79.34113311767578,65.57203674316406
2009-10-09,65.11565399169922,79.82490539550781,33.854373931884766,102.83999633789062,66.86742401123047,58.89738845825195,21.592363357543945,138.1439971923828,79.82490539550781,65.11565399169922
2009-10-12,65.2657470703125,80.1374740600586,34.05686950683594,103.55999755859375,67.03002166748047,58.989532470703125,21.5610408782959,138.14300537109375,80.1374740600586,65.2657470703125
2009-10-13,65.4282455444336,79.97373962402344,33.98323440551758,104.26000213623047,67.40736389160156,59.29658126831055,21.258325576782227,138.14300537109375,79.97373962402344,65.4282455444336
2009-10-14,65.27198791503906,81.35055541992188,34.799373626708984,104.18000030517578,67.11463928222656,58.41837692260742,22.035999298095703,138.14500427246094,81.35055541992188,65.27198791503906
2009-10-15,65.17189025878906,81.64818572998047,34.958919525146484,102.86000061035156,67.16667938232422,58.14814758300781,21.848115921020508,138.14999389648438,81.64818572998047,65.17189025878906
2009-10-16,65.16568756103516,81.03794860839844,34.431182861328125,103.18000030517578,67.38136291503906,58.621009826660156,21.27398109436035,138.1540069580078,81.03794860839844,65.16568756103516
2009-10-19,65.29692077636719,81.70777130126953,34.98345947265625,104.2300033569336,67.8106460571289,59.08160400390625,21.7332763671875,138.1490020751953,81.70777130126953,65.29692077636719
2009-10-20,65.45327758789062,81.2761001586914,34.799373626708984,103.41999816894531,67.86924743652344,59.40105056762695,21.331396102905273,138.14999389648438,81.2761001586914,65.45327758789062
2009-10-21,65.40950775146484,80.54680633544922,34.682777404785156,103.75,67.60250854492188,59.0447998046875,21.059988021850586,138.14999389648438,80.54680633544922,65.40950775146484
2009-10-22,65.30946350097656,81.36544036865234,35.020286560058594,103.91999816894531,67.27072143554688,58.75613021850586,21.61324691772461,138.1540069580078,81.36544036865234,65.30946350097656
2009-10-23,65.22821807861328,80.4351577758789,34.46800994873047,103.48999786376953,67.12760162353516,58.31397247314453,21.35749626159668,138.16000366210938,80.4351577758789,65.22821807861328
2009-10-26,65.0531997680664,79.56441497802734,33.9464225769043,101.86000061035156,66.82182312011719,57.55854415893555,21.305299758911133,138.1540069580078,79.56441497802734,65.0531997680664
2009-10-27,65.30946350097656,79.19973754882812,33.676422119140625,101.8499984741211,67.35530853271484,58.34467315673828,20.997358322143555,138.15499877929688,79.19973754882812,65.30946350097656
2009-10-28,65.40320587158203,77.70389556884766,32.86642074584961,100.7300033569336,67.40736389160156,58.621009826660156,20.115293502807617,138.16099548339844,77.70389556884766,65.40320587158203
2009-10-29,65.27198791503906,79.37092590332031,33.83597183227539,102.69000244140625,67.4138412475586,57.982322692871094,21.033891677856445,138.15899658203125,79.37092590332031,65.27198791503906
2009-10-30,65.52198028564453,77.0712661743164,32.706871032714844,102.52999877929688,67.66101837158203,58.823707580566406,20.668542861938477,138.16000366210938,77.0712661743164,65.52198028564453
2009-11-02,65.41793060302734,77.63687896728516,33.02595520019531,103.94999694824219,67.79288482666016,58.56367874145508,20.663328170776367,138.16000366210938,77.63687896728516,65.41793060302734
2009-11-03,65.33013916015625,77.88247680664062,32.8970947265625,106.45999908447266,67.65583038330078,57.97836685180664,20.966047286987305,138.16600036621094,77.88247680664062,65.33013916015625
2009-11-04,65.22354888916016,78.08341979980469,33.228477478027344,107.0999984741211,67.786376953125,57.448463439941406,20.517179489135742,138.16099548339844,78.08341979980469,65.22354888916016
2009-11-05,65.39286041259766,79.51976013183594,33.65801239013672,106.9800033569336,67.91688537597656,57.448463439941406,20.981700897216797,138.1649932861328,79.51976013183594,65.39286041259766
2009-11-06,65.44927215576172,79.72816467285156,33.75619125366211,107.43000030517578,68.08657836914062,57.50395965576172,20.637218475341797,138.1699981689453,79.72816467285156,65.44927215576172
2009-11-09,65.53704071044922,81.54405975341797,34.70119857788086,108.19000244140625,68.43905639648438,57.57172393798828,21.654996871948242,138.1649932861328,81.54405975341797,65.53704071044922
2009-11-10,65.5558853149414,81.55892181396484,34.51709747314453,108.38999938964844,68.32154846191406,57.466983795166016,21.493192672729492,138.16600036621094,81.55892181396484,65.5558853149414
2009-11-11,65.58094787597656,81.97571563720703,34.62141799926758,109.5999984741211,68.56957244873047,57.70722198486328,21.895084381103516,138.17300415039062,81.97571563720703,65.58094787597656
2009-11-12,65.712646484375,81.14214324951172,34.11823272705078,108.20999908447266,68.24974060058594,57.60252380371094,21.6706600189209,138.17100524902344,81.14214324951172,65.712646484375
2009-11-13,65.7816390991211,81.58125305175781,34.596858978271484,109.73999786376953,68.27582550048828,57.86744689941406,21.96293067932129,138.177001953125,81.58125305175781,65.7816390991211
2009-11-16,65.93842315673828,82.76455688476562,35.149131774902344,111.62999725341797,68.79147338867188,58.54522705078125,22.495304107666016,138.1719970703125,82.76455688476562,65.93842315673828
2009-11-17,65.99485778808594,82.861328125,34.91596603393555,111.97000122070312,68.97421264648438,58.85945510864258,22.10385513305664,138.1719970703125,82.861328125,65.99485778808594
2009-11-18,65.85688781738281,82.80921173095703,34.805511474609375,112.25,68.95467376708984,58.51437759399414,22.505748748779297,138.17300415039062,82.80921173095703,65.85688781738281
2009-11-19,65.92586517333984,81.73007202148438,34.14890670776367,112.30000305175781,68.9611587524414,58.61913299560547,21.989028930664062,138.17599487304688,81.73007202148438,65.92586517333984
2009-11-20,65.9509506225586,81.43985748291016,33.95869064331055,112.94000244140625,68.9611587524414,58.6068229675293,21.83245277404785,138.177001953125,81.43985748291016,65.9509506225586
2009-11-23,65.93842315673828,82.47428894042969,34.56618881225586,114.29000091552734,69.01991271972656,58.532894134521484,22.10907554626465,138.18299865722656,82.47428894042969,65.93842315673828
2009-11-24,66.1328125,82.60082244873047,34.42505645751953,114.7300033569336,69.09169006347656,58.902610778808594,21.780258178710938,138.17799377441406,82.60082244873047,66.1328125
2009-11-25,66.19548797607422,82.89107513427734,34.885284423828125,116.62000274658203,69.36582946777344,59.17363739013672,21.86897850036621,138.17799377441406,82.89107513427734,66.19548797607422
2009-11-26,66.19548797607422,82.89107513427734,34.885284423828125,116.62000274658203,69.36582946777344,59.17363739013672,21.86897850036621,138.1820068359375,82.89107513427734,66.19548797607422
2009-11-27,66.25199127197266,81.54405975341797,33.878910064697266,115.05999755859375,69.51596069335938,59.39548873901367,21.232236862182617,138.18299865722656,81.54405975341797,66.25199127197266
2009-11-30,66.36480712890625,81.81940460205078,33.9893798828125,115.63999938964844,69.5550765991211,59.53717803955078,22.02556800842285,138.1820068359375,81.81940460205078,66.36480712890625
2009-12-01,66.20307159423828,82.83149719238281,34.92210388183594,117.37999725341797,69.43610382080078,58.87397003173828,22.349159240722656,138.18899536132812,82.83149719238281,66.20307159423828
2009-12-02,66.07730865478516,82.7943344116211,34.977325439453125,119.18000030517578,69.36416625976562,58.923458099365234,22.71451187133789,138.1840057373047,82.7943344116211,66.07730865478516
2009-12-03,66.08358764648438,82.14686584472656,34.897552490234375,118.69999694824219,69.13526153564453,58.311485290527344,22.458770751953125,138.18800354003906,82.14686584472656,66.08358764648438
2009-12-04,65.95143127441406,82.61566925048828,34.77481460571289,113.75,68.5728988647461,57.69342803955078,23.121625900268555,138.1929931640625,82.61566925048828,65.95143127441406
2009-12-07,66.01436614990234,82.48919677734375,34.5845947265625,113.11000061035156,68.68401336669922,57.7675895690918,22.636226654052734,138.1929931640625,82.48919677734375,66.01436614990234
2009-12-08,66.10246276855469,81.57381439208984,33.98323440551758,110.94999694824219,68.65135192871094,57.85405731201172,22.505748748779297,138.19000244140625,81.57381439208984,66.10246276855469
2009-12-09,66.03328704833984,81.87892150878906,33.940277099609375,110.83999633789062,68.35054779052734,57.58835220336914,22.458770751953125,138.19000244140625,81.87892150878906,66.03328704833984
2009-12-10,65.98291015625,82.34034729003906,34.04459762573242,110.81999969482422,68.12821197509766,56.926944732666016,22.370038986206055,138.19400024414062,82.34034729003906,65.98291015625
2009-12-11,65.82565307617188,82.69010925292969,34.03231430053711,109.31999969482422,68.15435791015625,56.9207878112793,22.730167388916016,138.1999969482422,82.69010925292969,65.82565307617188
2009-12-14,65.86337280273438,83.25572967529297,34.363685607910156,110.23999786376953,68.38978576660156,56.988765716552734,23.142507553100586,138.19400024414062,83.25572967529297,65.86337280273438
2009-12-15,65.68091583251953,82.86874389648438,33.98323440551758,110.20999908447266,68.3832015991211,56.73533248901367,22.912851333618164,138.19500732421875,82.86874389648438,65.68091583251953
2009-12-16,65.80043029785156,82.99527740478516,34.3820915222168,111.58999633789062,68.50094604492188,56.667362213134766,23.079879760742188,138.1959991455078,82.99527740478516,65.80043029785156
2009-12-17,65.90745544433594,81.99801635742188,33.57210159301758,107.33999633789062,68.79521942138672,57.60070037841797,22.938949584960938,138.20399475097656,81.99801635742188,65.90745544433594
2009-12-18,65.90745544433594,82.46188354492188,33.651878356933594,108.94999694824219,68.69056701660156,57.35346603393555,23.090307235717773,138.20199584960938,82.46188354492188,65.90745544433594
2009-12-21,65.63060760498047,83.29993438720703,33.75004196166992,106.94999694824219,68.37010955810547,56.33357620239258,23.403472900390625,138.1999969482422,83.29993438720703,65.63060760498047
2009-12-22,65.44183349609375,83.59921264648438,33.964298248291016,106.16999816894531,68.1478042602539,56.01835250854492,23.648775100708008,138.2050018310547,83.59921264648438,65.44183349609375
2009-12-23,65.46697998046875,83.7637939453125,34.27391815185547,106.55000305175781,68.0497055053711,56.03070068359375,23.930627822875977,138.2050018310547,83.7637939453125,65.46697998046875
2009-12-24,65.35369873046875,84.16036987304688,34.410133361816406,108.36000061035156,67.86661529541016,55.44970703125,24.2763671875,138.2050018310547,84.16036987304688,65.35369873046875
2009-12-28,64.95732116699219,84.3399429321289,34.55875778198242,108.55000305175781,67.84696197509766,55.2951774597168,24.392677307128906,138.21499633789062,84.3399429321289,64.95732116699219
2009-12-29,65.0343246459961,84.22025299072266,34.61448669433594,107.47000122070312,68.05606079101562,55.6599235534668,24.027894973754883,138.21499633789062,84.22025299072266,65.0343246459961
2009-12-30,65.1983871459961,84.19029998779297,34.472068786621094,106.93000030517578,68.16095733642578,56.02587127685547,24.064903259277344,138.21600341796875,84.19029998779297,65.1983871459961
2009-12-31,65.11634826660156,83.38221740722656,34.23056411743164,107.30999755859375,68.10198211669922,55.759132385253906,23.65254783630371,138.21600341796875,83.38221740722656,65.11634826660156
2010-01-04,65.19205474853516,84.79639434814453,35.12843704223633,109.80000305175781,68.27894592285156,55.709495544433594,23.552101135253906,138.21299743652344,84.79639434814453,65.19205474853516
2010-01-05,65.48867797851562,85.02084350585938,35.15939712524414,109.69999694824219,68.50181579589844,56.069305419921875,23.525659561157227,138.21800231933594,85.02084350585938,65.48867797851562
2010-01-06,65.45085906982422,85.08068084716797,35.308013916015625,111.51000213623047,68.3248062133789,55.3187141418457,23.483367919921875,138.21299743652344,85.08068084716797,65.45085906982422
2010-01-07,65.37508392333984,85.43983459472656,35.171783447265625,110.81999969482422,68.42971801757812,55.41173553466797,23.737125396728516,138.2209930419922,85.43983459472656,65.37508392333984
2010-01-08,65.4129409790039,85.72415161132812,35.45043182373047,111.37000274658203,68.57389831542969,55.38691711425781,23.562673568725586,138.22300720214844,85.72415161132812,65.4129409790039
2010-01-11,65.36249542236328,85.84388732910156,35.74147415161133,112.8499984741211,68.42314147949219,55.08305740356445,23.700130462646484,138.2169952392578,85.84388732910156,65.36249542236328
2010-01-12,65.77893829345703,85.04327392578125,35.32040023803711,110.48999786376953,68.73775482177734,56.02587127685547,23.303613662719727,138.21800231933594,85.04327392578125,65.77893829345703
2010-01-13,65.50128173828125,85.76158905029297,35.61762237548828,111.54000091552734,68.42971801757812,55.37458038330078,23.774133682250977,138.218994140625,85.76158905029297,65.50128173828125
2010-01-14,65.67163848876953,85.9935302734375,35.89007568359375,112.02999877929688,68.60663604736328,56.149925231933594,23.752979278564453,138.2220001220703,85.9935302734375,65.67163848876953
2010-01-15,65.79794311523438,85.02832794189453,35.32658767700195,110.86000061035156,68.82951354980469,56.497291564941406,23.573244094848633,138.2270050048828,85.02832794189453,65.79794311523438
2010-01-18,65.79794311523438,85.02832794189453,35.32658767700195,110.86000061035156,68.82951354980469,56.497291564941406,23.573244094848633,138.2220001220703,85.02832794189453,65.79794311523438
2010-01-19,65.6905746459961,86.09081268310547,35.67335510253906,111.5199966430664,68.77713012695312,56.33602523803711,24.054330825805664,138.2270050048828,86.09081268310547,65.6905746459961
2010-01-20,65.8609619140625,85.21536254882812,34.763092041015625,108.94000244140625,68.88198852539062,56.906707763671875,23.784717559814453,138.2239990234375,85.21536254882812,65.8609619140625
2010-01-21,65.87992095947266,83.57679748535156,34.02003860473633,107.37000274658203,69.01300048828125,57.16728591918945,23.102731704711914,138.2270050048828,83.57679748535156,65.87992095947266
2010-01-22,65.91778564453125,81.71369934082031,33.35747146606445,107.16999816894531,68.94754028320312,57.068023681640625,22.521196365356445,138.22799682617188,81.71369934082031,65.91778564453125
2010-01-25,65.91143798828125,82.13270568847656,33.76614761352539,107.4800033569336,68.77051544189453,56.80745315551758,22.679794311523438,138.23300170898438,82.13270568847656,65.91143798828125
2010-01-26,65.99349975585938,81.78852844238281,33.57419967651367,107.55999755859375,68.98028564453125,56.826053619384766,22.46833038330078,138.22799682617188,81.78852844238281,65.99349975585938
2010-01-27,65.94302368164062,82.17759704589844,33.53703689575195,106.52999877929688,68.7967300415039,56.79502868652344,22.66922950744629,138.23399353027344,82.17759704589844,65.94302368164062
2010-01-28,65.88626098632812,81.23486328125,32.97355270385742,106.4800033569336,68.88853454589844,56.763999938964844,22.473615646362305,138.23699951171875,81.23486328125,65.88626098632812
2010-01-29,66.03766632080078,80.35189819335938,32.49675750732422,105.95999908447266,69.14411926269531,57.26028823852539,22.346731185913086,138.23300170898438,80.35189819335938,66.03766632080078
2010-02-01,65.9471435546875,81.60149383544922,33.091190338134766,108.3499984741211,69.11656188964844,56.74052047729492,22.753820419311523,138.23199462890625,81.60149383544922,65.9471435546875
2010-02-02,66.02314758300781,82.589111328125,33.64230728149414,109.12999725341797,69.24137115478516,56.90239715576172,23.065723419189453,138.23800659179688,82.589111328125,66.02314758300781
2010-02-03,65.90283203125,82.17759704589844,33.289344787597656,108.69999694824219,68.95889282226562,56.242469787597656,22.690372467041016,138.23899841308594,82.17759704589844,65.90283203125
2010-02-04,66.06107330322266,79.64110565185547,31.933271408081055,104.37000274658203,69.14283752441406,57.13265609741211,21.849794387817383,138.23699951171875,79.64110565185547,66.06107330322266
2010-02-05,66.08641052246094,79.80574035644531,31.87752342224121,104.68000030517578,69.01805114746094,57.257205963134766,22.25157356262207,138.24000549316406,79.80574035644531,66.08641052246094
2010-02-08,66.2130355834961,79.22956085205078,31.24592399597168,104.04000091552734,68.91297912597656,57.33185577392578,21.76519775390625,138.24200439453125,79.22956085205078,66.2130355834961
2010-02-09,66.0927734375,80.2247314453125,32.2304801940918,105.41000366210938,68.67654418945312,56.75916290283203,21.69647216796875,138.23800659179688,80.2247314453125,66.0927734375
2010-02-10,65.94080352783203,80.06758880615234,32.02614212036133,105.12000274658203,68.47295379638672,56.217613220214844,21.73876953125,138.24000549316406,80.06758880615234,65.94080352783203
2010-02-11,65.83322143554688,80.90559387207031,32.323360443115234,107.12999725341797,68.3087387084961,55.9125862121582,21.944955825805664,138.2480010986328,80.90559387207031,65.83322143554688
2010-02-12,65.84585571289062,80.8382797241211,32.04471969604492,107.04000091552734,68.3087387084961,56.14291763305664,22.203994750976562,138.2480010986328,80.8382797241211,65.84585571289062
2010-02-15,65.84585571289062,80.8382797241211,32.04471969604492,107.04000091552734,68.3087387084961,56.14291763305664,22.203994750976562,138.2429962158203,80.8382797241211,65.84585571289062
2010-02-16,66.01042175292969,82.1102294921875,32.75682067871094,109.62000274658203,68.50580596923828,56.24871063232422,22.83310317993164,138.2429962158203,82.1102294921875,66.01042175292969
2010-02-17,65.8078842163086,82.49933624267578,32.800167083740234,109.25,68.37442016601562,55.60757064819336,23.03929328918457,138.24400329589844,82.49933624267578,65.8078842163086
2010-02-18,65.7825927734375,82.98565673828125,32.98594284057617,109.9800033569336,68.31529235839844,55.38347244262695,23.3829288482666,138.2519989013672,82.98565673828125,65.7825927734375
2010-02-19,65.83322143554688,83.15776824951172,32.781585693359375,109.47000122070312,68.19706726074219,55.682273864746094,23.398780822753906,138.2480010986328,83.15776824951172,65.83322143554688
2010-02-22,65.71928405761719,83.17276000976562,32.843509674072266,109.06999969482422,68.0263900756836,55.45193862915039,23.45694351196289,138.2480010986328,83.17276000976562,65.71928405761719
2010-02-23,65.95344543457031,82.1626205444336,32.37909698486328,107.88999938964844,68.23651123046875,56.31721496582031,23.277185440063477,138.2480010986328,82.1626205444336,65.95344543457031
2010-02-24,66.02314758300781,82.91831970214844,32.583431243896484,107.36000061035156,68.10514831542969,56.45417022705078,23.515090942382812,138.24899291992188,82.91831970214844,66.02314758300781
2010-02-25,66.15607452392578,82.80609130859375,32.38528823852539,108.30999755859375,68.10514831542969,56.771610260009766,23.60496711730957,138.2570037841797,82.80609130859375,66.15607452392578
2010-02-26,66.16870880126953,82.85848999023438,32.583431243896484,109.43000030517578,68.24305725097656,57.0641975402832,23.594392776489258,138.2530059814453,82.85848999023438,66.16870880126953
2010-03-01,66.265869140625,83.71892547607422,32.837318420410156,109.43000030517578,68.25224304199219,57.03922653198242,23.79528045654297,138.2530059814453,83.71892547607422,66.265869140625
2010-03-02,66.291259765625,83.95088958740234,33.08501052856445,111.0199966430664,68.30482482910156,56.96428298950195,23.80586051940918,138.25799560546875,83.95088958740234,66.291259765625
2010-03-03,66.291259765625,84.02569580078125,33.48130798339844,111.62999725341797,68.27854919433594,56.82068634033203,23.742416381835938,138.25900268554688,84.02569580078125,66.291259765625
2010-03-04,66.411865234375,84.28012084960938,33.394615173339844,110.83000183105469,68.35079193115234,57.12038040161133,23.890430450439453,138.2570037841797,84.28012084960938,66.411865234375
2010-03-05,66.2848892211914,85.4847412109375,34.0447998046875,110.80999755859375,68.19970703125,56.37099838256836,24.54070472717285,138.25799560546875,85.4847412109375,66.2848892211914
2010-03-08,66.329345703125,85.49971771240234,34.0447998046875,109.87999725341797,68.14060974121094,56.07756423950195,24.78917121887207,138.25799560546875,85.49971771240234,66.329345703125
2010-03-09,66.40556335449219,85.64187622070312,33.964298248291016,109.72000122070312,68.25884246826172,56.09004592895508,24.847328186035156,138.25799560546875,85.64187622070312,66.40556335449219
2010-03-10,66.36111450195312,86.0234603881836,34.10673141479492,108.47000122070312,68.18659973144531,55.946380615234375,25.069374084472656,138.25999450683594,86.0234603881836,66.36111450195312
2010-03-11,66.36111450195312,86.38260650634766,34.23676300048828,108.5999984741211,68.2654037475586,56.15245819091797,25.217395782470703,138.26300048828125,86.38260650634766,66.36111450195312
2010-03-12,66.36746978759766,86.39010620117188,34.46587371826172,107.94999694824219,68.44273376464844,56.50218200683594,25.418296813964844,138.2689971923828,86.39010620117188,66.36746978759766
2010-03-15,66.44999694824219,86.41250610351562,34.22437286376953,108.36000061035156,68.42963409423828,56.427249908447266,25.36012840270996,138.26400756835938,86.41250610351562,66.44999694824219
2010-03-16,66.57062530517578,87.10089111328125,34.657833099365234,110.4000015258789,68.68572998046875,56.87686538696289,25.973379135131836,138.26400756835938,87.10089111328125,66.57062530517578
2010-03-17,66.62144470214844,87.61719512939453,34.843597412109375,109.58999633789062,68.83023071289062,57.12038040161133,26.359317779541016,138.26499938964844,87.61719512939453,66.62144470214844
2010-03-18,66.56429290771484,87.57229614257812,34.639259338378906,110.33999633789062,68.55440521240234,56.93307876586914,26.216577529907227,138.26800537109375,87.57229614257812,66.56429290771484
2010-03-19,66.5135269165039,87.12902069091797,34.28630065917969,108.27999877929688,68.42301177978516,56.98927307128906,25.931089401245117,138.27000427246094,87.12902069091797,66.5135269165039
2010-03-22,66.56429290771484,87.59481811523438,34.385372161865234,107.75,68.5806655883789,57.051734924316406,26.258869171142578,138.2689971923828,87.59481811523438,66.56429290771484
2010-03-23,66.5770034790039,88.21090698242188,34.62687301635742,108.31999969482422,68.52808380126953,56.783172607421875,26.18485450744629,138.2689971923828,88.21090698242188,66.5770034790039
2010-03-24,66.24048614501953,87.78265380859375,34.05718994140625,106.30000305175781,67.97642517089844,55.74657440185547,26.327600479125977,138.27000427246094,87.78265380859375,66.24048614501953
2010-03-25,66.06900024414062,87.63986206054688,34.038604736328125,106.77999877929688,67.8844985961914,55.39059066772461,26.392053604125977,138.2729949951172,87.63986206054688,66.06900024414062
2010-03-26,66.17691040039062,87.5873031616211,34.372989654541016,108.58999633789062,67.96989440917969,55.546783447265625,26.253564834594727,138.2790069580078,87.5873031616211,66.17691040039062
2010-03-29,66.1007308959961,88.14328002929688,34.66402053833008,108.75,67.8844985961914,55.33440017700195,26.333452224731445,138.2740020751953,88.14328002929688,66.1007308959961
2010-03-30,66.12613677978516,88.2033920288086,34.66402053833008,107.97000122070312,67.94359588623047,55.50925827026367,26.296171188354492,138.2790069580078,88.2033920288086,66.12613677978516
2010-03-31,66.16427612304688,87.90283203125,34.66402053833008,108.94999694824219,68.23912048339844,55.89020538330078,25.997896194458008,138.2790069580078,87.90283203125,66.16427612304688
2010-04-01,66.13939666748047,88.50386810302734,35.27705001831055,110.26000213623047,68.22726440429688,55.75354766845703,26.131052017211914,138.281005859375,88.50386810302734,66.13939666748047
2010-04-05,65.73177337646484,89.22518157958984,35.314205169677734,110.88999938964844,67.7457504272461,54.825904846191406,26.7062931060791,138.281005859375,89.22518157958984,65.73177337646484
2010-04-06,65.81459045410156,89.43553161621094,35.21513366699219,111.02999877929688,68.01620483398438,54.913692474365234,27.318830490112305,138.28199768066406,89.43553161621094,65.81459045410156
2010-04-07,66.0948257446289,88.92466735839844,34.967437744140625,112.48999786376953,68.4977035522461,55.61564636230469,26.716941833496094,138.2779998779297,88.92466735839844,66.0948257446289
2010-04-08,66.03116607666016,89.23269653320312,34.93029022216797,112.6500015258789,68.43174743652344,55.64067840576172,26.748920440673828,138.281005859375,89.23269653320312,66.03116607666016
2010-04-09,66.10123443603516,89.8187026977539,35.38850784301758,113.63999938964844,68.5042953491211,55.77235412597656,27.127086639404297,138.28700256347656,89.8187026977539,66.10123443603516
2010-04-12,66.25406646728516,89.96143341064453,35.499961853027344,113.01000213623047,68.69561004638672,56.066951751708984,26.956642150878906,138.28199768066406,89.96143341064453,66.25406646728516
2010-04-13,66.36228942871094,90.02906799316406,35.46900939941406,112.69000244140625,68.7548828125,56.24870300292969,27.617101669311523,138.28199768066406,90.02906799316406,66.36228942871094
2010-04-14,66.28589630126953,91.05085754394531,35.93960952758789,113.02999877929688,68.66918182373047,55.85383605957031,27.659725189208984,138.28399658203125,91.05085754394531,66.28589630126953
2010-04-15,66.40693664550781,91.12596893310547,35.91485595703125,113.6500015258789,68.8670883178711,55.91651153564453,26.90337562561035,138.28700256347656,91.12596893310547,66.40693664550781
2010-04-16,66.50885772705078,89.67591857910156,35.122249603271484,111.23999786376953,69.02539825439453,56.32394790649414,26.285520553588867,138.29299926757812,89.67591857910156,66.50885772705078
2010-04-19,66.38778686523438,90.01405334472656,35.02935791015625,111.1500015258789,68.86046600341797,56.1860237121582,26.402694702148438,138.29299926757812,90.01405334472656,66.38778686523438
2010-04-20,66.49610900878906,90.81793975830078,35.24609375,111.45999908447266,69.02539825439453,56.3865966796875,26.850107192993164,138.28900146484375,90.81793975830078,66.49610900878906
2010-04-21,66.61076354980469,90.65265655517578,35.01697540283203,112.30999755859375,69.23641967773438,56.85044860839844,27.318830490112305,138.28900146484375,90.65265655517578,66.61076354980469
2010-04-22,66.47699737548828,90.923095703125,34.70117950439453,111.83999633789062,69.0385513305664,56.68122482299805,27.739612579345703,138.29299926757812,90.923095703125,66.47699737548828
2010-04-23,66.39418029785156,91.51663970947266,34.961246490478516,113.19000244140625,69.045166015625,56.48067855834961,28.107128143310547,138.29800415039062,91.51663970947266,66.39418029785156
2010-04-26,66.38778686523438,91.17105102539062,34.9984016418457,112.75,69.1045150756836,56.54335021972656,28.330825805664062,138.29299926757812,91.17105102539062,66.38778686523438
2010-04-27,66.59803771972656,89.01482391357422,33.592769622802734,114.62999725341797,69.5068588256836,57.33936309814453,27.42535972595215,138.29800415039062,89.01482391357422,66.59803771972656
2010-04-28,66.49610900878906,89.69097900390625,33.598960876464844,114.30999755859375,69.36836242675781,56.85044860839844,27.51057243347168,138.2989959716797,89.69097900390625,66.49610900878906
2010-04-29,66.52157592773438,90.80290222167969,34.119117736816406,114.27999877929688,69.73110961914062,57.08863830566406,28.751619338989258,138.29800415039062,90.80290222167969,66.52157592773438
2010-04-30,66.8082046508789,89.2627182006836,33.69184875488281,115.36000061035156,69.95536804199219,57.74678039550781,27.856792449951172,138.30299377441406,89.2627182006836,66.8082046508789
2010-05-03,66.68169403076172,90.41975402832031,33.933345794677734,115.7300033569336,69.83189392089844,57.67131423950195,28.7835693359375,138.30299377441406,90.41975402832031,66.68169403076172
2010-05-04,66.95004272460938,88.2935562133789,32.589637756347656,114.87000274658203,69.93755340576172,58.70907974243164,28.128435134887695,138.3040008544922,88.2935562133789,66.95004272460938
2010-05-05,66.89891052246094,87.76762390136719,31.964218139648438,115.08999633789062,69.97054290771484,59.055030822753906,27.750255584716797,138.2989959716797,87.76762390136719,66.89891052246094
2010-05-06,66.99474334716797,84.85258483886719,30.540002822875977,118.48999786376953,70.28768157958984,60.87910079956055,26.610424041748047,138.30299377441406,84.85258483886719,66.99474334716797
2010-05-07,66.70088195800781,83.5903549194336,30.47189712524414,118.2699966430664,70.1357192993164,60.118045806884766,26.16301155090332,138.30299377441406,83.5903549194336,66.70088195800781
2010-05-10,66.6944808959961,87.27176666259766,32.44720458984375,117.56999969482422,69.93755340576172,58.87267303466797,27.88875389099121,138.30299377441406,87.27176666259766,66.6944808959961
2010-05-11,66.9436264038086,87.02381896972656,31.920869827270508,120.66000366210938,70.06966400146484,58.721717834472656,28.05385398864746,138.3040008544922,87.02381896972656,66.9436264038086
2010-05-12,66.87340545654297,88.24093627929688,32.28002166748047,121.4000015258789,70.15554809570312,58.275115966796875,28.506595611572266,138.31100463867188,88.24093627929688,66.87340545654297
2010-05-13,66.96920776367188,87.14405059814453,31.858951568603516,120.55999755859375,70.2149887084961,58.65877914428711,28.043209075927734,138.31399536132812,87.14405059814453,66.96920776367188
2010-05-14,67.21192932128906,85.56629180908203,30.95488166809082,120.37000274658203,70.41975402832031,59.677738189697266,27.153717041015625,138.3090057373047,85.56629180908203,67.21192932128906
2010-05-17,67.16088104248047,85.61138153076172,30.998233795166016,119.36000061035156,70.17536163330078,59.45758056640625,27.191003799438477,138.31399536132812,85.61138153076172,67.16088104248047
2010-05-18,67.39080047607422,84.44680786132812,30.3294734954834,119.48999786376953,70.5386734008789,60.3696403503418,26.50388526916504,138.30999755859375,84.44680786132812,67.39080047607422
2010-05-19,67.42273712158203,83.96601104736328,30.447120666503906,116.62999725341797,70.0894775390625,60.570919036865234,26.25889015197754,138.31500244140625,83.96601104736328,67.42273712158203
2010-05-20,67.36524963378906,80.79549407958984,29.38825798034668,115.83999633789062,70.08287811279297,61.84772491455078,24.911319732666016,138.31900024414062,80.79549407958984,67.36524963378906
2010-05-21,67.65276336669922,81.9750747680664,30.106552124023438,115.22000122070312,70.12910461425781,61.91061782836914,25.74755859375,138.3159942626953,81.9750747680664,67.65276336669922
2010-05-24,67.61444854736328,80.92324829101562,29.413022994995117,116.83999633789062,70.05641174316406,61.69679641723633,25.172313690185547,138.31399536132812,80.92324829101562,67.61444854736328
2010-05-25,67.69741821289062,81.00586700439453,29.301563262939453,117.36000061035156,69.82523345947266,61.99870681762695,25.374711990356445,138.31399536132812,81.00586700439453,67.69741821289062
2010-05-26,67.62080383300781,80.51754760742188,28.868112564086914,118.47000122070312,69.95734405517578,61.82256317138672,25.321456909179688,138.31500244140625,80.51754760742188,67.62080383300781
2010-05-27,67.46110534667969,83.2146987915039,30.509044647216797,118.69000244140625,69.69975280761719,60.419952392578125,26.711620330810547,138.3179931640625,83.2146987915039,67.46110534667969
2010-05-28,67.53134155273438,82.17039489746094,29.920787811279297,118.87999725341797,70.0894775390625,60.69670867919922,26.370746612548828,138.32000732421875,82.17039489746094,67.53134155273438
2010-05-31,67.53134155273438,82.17039489746094,29.920787811279297,118.87999725341797,70.0894775390625,60.69670867919922,26.370746612548828,138.32400512695312,82.17039489746094,67.53134155273438
2010-06-01,67.64285278320312,80.78797912597656,29.62355613708496,119.91000366210938,69.95734405517578,61.12336349487305,25.822126388549805,138.32400512695312,80.78797912597656,67.64285278320312
2010-06-02,67.5723876953125,82.89165496826172,30.416160583496094,119.77999877929688,69.8843002319336,60.54270553588867,26.3281307220459,138.32000732421875,82.89165496826172,67.5723876953125
2010-06-03,67.54032135009766,83.17716979980469,30.32328224182129,117.95999908447266,69.91748046875,60.100921630859375,26.253564834594727,138.322998046875,83.17716979980469,67.54032135009766
2010-06-04,67.71331024169922,80.25455474853516,29.029104232788086,119.19000244140625,70.36233520507812,61.716552734375,24.767513275146484,138.322998046875,80.25455474853516,67.71331024169922
2010-06-07,67.9119873046875,79.2553482055664,28.66376495361328,121.48999786376953,70.42212677001953,62.18988037109375,24.63435173034668,138.3280029296875,79.2553482055664,67.9119873046875
2010-06-08,67.83511352539062,80.10430908203125,29.121980667114258,121.0,70.24280548095703,61.88066482543945,25.076435089111328,138.32899475097656,80.10430908203125,67.83511352539062
2010-06-09,67.87356567382812,79.6760482788086,29.016725540161133,120.55999755859375,70.31586456298828,61.81126403808594,25.2255802154541,138.3300018310547,79.6760482788086,67.87356567382812
2010-06-10,67.66848754882812,82.00513458251953,30.242782592773438,118.97000122070312,69.7979965209961,60.7067756652832,26.31747817993164,138.33299255371094,82.00513458251953,67.66848754882812
2010-06-11,67.70694732666016,82.40330505371094,30.286123275756836,120.01000213623047,70.20301055908203,61.47675323486328,26.631732940673828,138.3300018310547,82.40330505371094,67.70694732666016
2010-06-14,67.80303955078125,82.27558898925781,30.478086471557617,119.5999984741211,70.20301055908203,61.16118240356445,26.96196937561035,138.33399963378906,82.27558898925781,67.80303955078125
2010-06-15,67.80303955078125,84.14632415771484,31.444067001342773,120.98999786376953,70.11000061035156,60.908714294433594,27.563840866088867,138.32899475097656,84.14632415771484,67.80303955078125
2010-06-16,67.90553283691406,84.11627960205078,31.295461654663086,120.33000183105469,70.32916259765625,61.255821228027344,27.313499450683594,138.33099365234375,84.11627960205078,67.90553283691406
2010-06-17,68.0657958984375,84.25150299072266,31.394529342651367,121.9000015258789,70.66773986816406,61.75444030761719,27.372085571289062,138.33399963378906,84.25150299072266,68.0657958984375
2010-06-18,67.95684051513672,84.3428726196289,31.338815689086914,122.83000183105469,70.54825592041016,61.65346145629883,27.286867141723633,138.3350067138672,84.3428726196289,67.95684051513672
2010-06-21,68.10419464111328,84.101318359375,31.33260726928711,120.38999938964844,70.58811950683594,61.47675323486328,27.07381248474121,138.33999633789062,84.101318359375,68.10419464111328
2010-06-22,68.17472839355469,82.71232604980469,30.93629264831543,121.44999694824219,70.75411224365234,62.208839416503906,26.269535064697266,138.33599853515625,82.71232604980469,68.17472839355469
2010-06-23,68.3477783203125,82.45567321777344,31.143596649169922,120.94999694824219,70.76739501953125,62.6317138671875,26.33878517150879,138.33599853515625,82.45567321777344,68.3477783203125
2010-06-24,68.29013061523438,81.08931732177734,30.60173988342285,121.30000305175781,70.56820678710938,62.25934600830078,25.781225204467773,138.34500122070312,81.08931732177734,68.29013061523438
2010-06-25,68.38624572753906,81.42900085449219,30.778160095214844,122.76000213623047,70.81391906738281,62.51179122924805,26.431795120239258,138.33999633789062,81.42900085449219,68.38624572753906
2010-06-28,68.51437377929688,81.1723403930664,30.551340103149414,121.08999633789062,70.97988891601562,63.09872817993164,26.11996078491211,138.33999633789062,81.1723403930664,68.51437377929688
2010-06-29,68.71944427490234,78.66613006591797,29.50545883178711,121.2699966430664,71.03962707519531,63.786598205566406,25.265066146850586,138.34100341796875,78.66613006591797,68.71944427490234
2010-06-30,68.72582244873047,77.9188232421875,29.303831100463867,121.68000030517578,70.98654174804688,64.21575927734375,24.996231079101562,138.3459930419922,77.9188232421875,68.72582244873047
2010-07-01,68.68983459472656,77.5715560913086,29.732271194458008,117.04000091552734,70.5810775756836,64.31707000732422,24.910200119018555,138.3470001220703,77.5715560913086,68.68983459472656
2010-07-02,68.59346008300781,77.14884185791016,29.669273376464844,118.48999786376953,70.44791412353516,63.804317474365234,24.431669235229492,138.35000610351562,77.14884185791016,68.59346008300781
2010-07-05,68.59346008300781,77.14884185791016,29.669273376464844,118.48999786376953,70.44791412353516,63.804317474365234,24.431669235229492,138.35400390625,77.14884185791016,68.59346008300781
2010-07-06,68.8055191040039,77.6546401977539,30.261518478393555,116.51000213623047,70.52780151367188,64.32972717285156,23.888622283935547,138.3489990234375,77.6546401977539,68.8055191040039
2010-07-07,68.71554565429688,80.1004409790039,31.20660400390625,117.7300033569336,70.23493957519531,63.57637023925781,25.04998207092285,138.35400390625,80.1004409790039,68.71554565429688
2010-07-08,68.70264434814453,80.89305114746094,31.509033203125,117.20999908447266,70.34144592285156,63.171241760253906,25.361831665039062,138.35400390625,80.89305114746094,68.70264434814453
2010-07-09,68.5998764038086,81.49693298339844,31.54053497314453,118.36000061035156,70.39471435546875,62.81037902832031,25.68444061279297,138.35400390625,81.49693298339844,68.5998764038086
2010-07-12,68.67700958251953,81.54981994628906,31.420822143554688,117.33999633789062,70.34806823730469,62.78508758544922,25.765094757080078,138.35400390625,81.54981994628906,68.67700958251953
2010-07-13,68.50346374511719,82.7802734375,32.00046157836914,118.36000061035156,70.26819610595703,62.247039794921875,26.399539947509766,138.36000061035156,82.7802734375,68.50346374511719
2010-07-14,68.7348403930664,82.77271270751953,32.113887786865234,118.30000305175781,70.46790313720703,62.87373352050781,26.243614196777344,138.35699462890625,82.77271270751953,68.7348403930664
2010-07-15,68.83122253417969,82.79534912109375,32.271400451660156,118.2300033569336,70.55451202392578,63.500450134277344,26.157590866088867,138.36099243164062,82.79534912109375,68.83122253417969
2010-07-16,69.04331970214844,80.515625,31.23811149597168,116.66999816894531,70.38802337646484,63.81062698364258,25.308067321777344,138.36300659179688,80.515625,69.04331970214844
2010-07-19,68.97903442382812,80.99119567871094,31.439722061157227,115.7300033569336,70.11506652832031,63.418155670166016,25.619915008544922,138.36399841308594,80.99119567871094,68.97903442382812
2010-07-20,68.92759704589844,81.88951110839844,31.65393829345703,116.6500015258789,70.1949234008789,63.51309585571289,26.098451614379883,138.36599731445312,81.88951110839844,68.92759704589844
2010-07-21,69.22966766357422,80.82510375976562,31.080595016479492,115.8499984741211,70.56107330322266,64.5892562866211,25.555397033691406,138.36700439453125,80.82510375976562,69.22966766357422
2010-07-22,69.1654052734375,82.62930297851562,32.12649154663086,116.86000061035156,70.4944839477539,63.8422966003418,26.512454986572266,138.3730010986328,82.62930297851562,69.1654052734375
2010-07-23,69.04331970214844,83.34640502929688,32.5045166015625,116.08999633789062,70.31477355957031,63.164920806884766,26.85118293762207,138.37899780273438,83.34640502929688,69.04331970214844
2010-07-26,69.03047180175781,84.21455383300781,32.7313346862793,115.5199966430664,70.34144592285156,63.057350158691406,27.523263931274414,138.37399291992188,84.21455383300781,69.03047180175781
2010-07-27,69.00475311279297,84.20697784423828,32.825836181640625,113.51000213623047,70.2415771484375,62.44956970214844,27.51788902282715,138.375,84.20697784423828,69.00475311279297
2010-07-28,69.13330078125,83.66345977783203,32.65572738647461,113.77999877929688,70.47457885742188,62.65214538574219,27.464122772216797,138.3769989013672,83.66345977783203,69.13330078125
2010-07-29,69.19752502441406,83.25584411621094,32.80694580078125,114.29000091552734,70.56107330322266,62.63313674926758,27.23293113708496,138.3820037841797,83.25584411621094,69.19752502441406
2010-07-30,69.31324005126953,83.24073028564453,32.70613479614258,115.48999786376953,70.8140869140625,63.6081428527832,27.39423179626465,138.38299560546875,83.24073028564453,69.31324005126953
2010-08-02,69.2191390991211,85.12039947509766,33.808719635009766,115.54000091552734,70.942138671875,62.71512985229492,28.31363868713379,138.38299560546875,85.12039947509766,69.2191390991211
2010-08-03,69.2642593383789,84.71276092529297,33.75831604003906,115.98999786376953,71.31562805175781,63.07710647583008,28.039426803588867,138.38299560546875,84.71276092529297,69.2642593383789
2010-08-04,69.14181518554688,85.27891540527344,33.78982925415039,116.72000122070312,71.07551574707031,62.594390869140625,28.238365173339844,138.38299560546875,85.27891540527344,69.14181518554688
2010-08-05,69.22557067871094,85.18832397460938,33.764617919921875,116.9800033569336,71.33560180664062,62.886558532714844,27.883502960205078,138.38699340820312,85.18832397460938,69.22557067871094
2010-08-06,69.36095428466797,84.841064453125,33.86543273925781,117.83999633789062,71.40229034423828,63.57251739501953,27.754474639892578,138.38900756835938,84.841064453125,69.36095428466797
2010-08-09,69.36095428466797,85.29400634765625,33.903236389160156,117.4000015258789,71.36897277832031,63.3375244140625,28.071691513061523,138.38900756835938,85.29400634765625,69.36095428466797
2010-08-10,69.4769287109375,84.83350372314453,33.63230895996094,117.7300033569336,71.80916595458984,63.47087860107422,27.7974853515625,138.38900756835938,84.83350372314453,69.4769287109375
2010-08-11,69.54136657714844,82.50846099853516,32.101280212402344,117.33999633789062,71.80248260498047,64.32186126708984,27.1038761138916,138.39100646972656,82.50846099853516,69.54136657714844
2010-08-12,69.43180847167969,82.00273132324219,32.063480377197266,118.7699966430664,71.3289794921875,64.16311645507812,26.765148162841797,138.39599609375,82.00273132324219,69.43180847167969
2010-08-13,69.59290313720703,81.76118469238281,31.9500675201416,118.73999786376953,71.51573181152344,64.96331787109375,26.765148162841797,138.4029998779297,81.76118469238281,69.59290313720703
2010-08-16,69.82489776611328,81.72339630126953,32.20838928222656,119.7300033569336,71.7491226196289,66.58916473388672,26.743656158447266,138.4029998779297,81.72339630126953,69.82489776611328
2010-08-17,69.74112701416016,82.72740936279297,32.5675163269043,119.75,71.58908081054688,66.2081298828125,27.356592178344727,138.4040069580078,82.72740936279297,69.74112701416016
2010-08-18,69.66382598876953,82.87840270996094,32.55491638183594,120.22000122070312,71.54904174804688,66.38591003417969,27.38347816467285,138.39999389648438,82.87840270996094,69.66382598876953
2010-08-19,69.88932800292969,81.43657684326172,32.031978607177734,120.38999938964844,71.55573272705078,67.42113494873047,26.68449592590332,138.4040069580078,81.43657684326172,69.88932800292969
2010-08-20,69.7927017211914,81.1723403930664,31.698041915893555,119.97000122070312,71.46897888183594,67.34491729736328,26.598478317260742,138.40499877929688,81.1723403930664,69.7927017211914
2010-08-23,69.86357879638672,80.86287689208984,31.635026931762695,119.77999877929688,71.46897888183594,67.35762023925781,26.458681106567383,138.40499877929688,80.86287689208984,69.86357879638672
2010-08-24,70.14070892333984,79.6625747680664,31.200300216674805,120.36000061035156,71.70915985107422,68.43726348876953,26.35114288330078,138.406005859375,79.6625747680664,70.14070892333984
2010-08-25,69.97956848144531,79.97212982177734,31.231801986694336,121.36000061035156,71.70915985107422,68.2149887084961,26.770526885986328,138.41000366210938,79.97212982177734,69.97956848144531
2010-08-26,70.06983947753906,79.43611907958984,31.219196319580078,120.95999908447266,72.095947265625,68.85648345947266,26.60922622680664,138.41200256347656,79.43611907958984,70.06983947753906
2010-08-27,69.68312072753906,80.6666030883789,31.83035659790039,121.01000213623047,71.66909790039062,66.90670776367188,27.050121307373047,138.41299438476562,80.6666030883789,69.68312072753906
2010-08-30,70.15357971191406,79.49653625488281,31.37040901184082,120.91000366210938,71.9892578125,68.18962097167969,26.840412139892578,138.41299438476562,79.49653625488281,70.15357971191406
2010-08-31,70.20512390136719,79.49653625488281,31.46491241455078,122.08000183105469,72.1893539428711,68.94535064697266,27.044742584228516,138.41400146484375,79.49653625488281,70.20512390136719
2010-09-01,70.05522155761719,81.87440490722656,32.58641815185547,121.69000244140625,71.8824462890625,67.5198745727539,27.926513671875,138.4149932861328,81.87440490722656,70.05522155761719
2010-09-02,69.9647445678711,82.63682556152344,32.769142150878906,122.29000091552734,71.7490234375,66.80638122558594,28.281383514404297,138.4239959716797,82.63682556152344,69.9647445678711
2010-09-03,69.8031234741211,83.7087631225586,33.07155990600586,121.86000061035156,71.63560485839844,65.97833251953125,28.695377349853516,138.4199981689453,83.7087631225586,69.8031234741211
2010-09-06,69.8031234741211,83.7087631225586,33.07155990600586,121.86000061035156,71.63560485839844,65.97833251953125,28.695377349853516,138.4199981689453,83.7087631225586,69.8031234741211
2010-09-07,70.00344848632812,82.76515197753906,32.61161804199219,122.69999694824219,72.03585815429688,67.32866668701172,28.254499435424805,138.4199981689453,82.76515197753906,70.00344848632812
2010-09-08,69.95178985595703,83.34640502929688,32.863643646240234,122.70999908447266,71.82239532470703,66.79358673095703,28.31363868713379,138.4219970703125,83.34640502929688,69.95178985595703
2010-09-09,69.61581420898438,83.73139190673828,33.17237091064453,121.55999755859375,71.66226959228516,65.4750747680664,27.985658645629883,138.43099975585938,83.73139190673828,69.61581420898438
2010-09-10,69.46717071533203,84.15411376953125,33.27317428588867,121.7300033569336,71.73568725585938,65.17569732666016,28.13620948791504,138.42999267578125,84.15411376953125,69.46717071533203
2010-09-13,69.6222152709961,85.0901870727539,33.87803268432617,121.62000274658203,72.22268676757812,65.49417114257812,28.598594665527344,138.4320068359375,85.0901870727539,69.6222152709961
2010-09-14,69.87427520751953,85.03733825683594,34.104854583740234,124.0199966430664,72.14929962158203,66.12483215332031,28.491073608398438,138.42799377441406,85.03733825683594,69.87427520751953
2010-09-15,69.74504852294922,85.36195373535156,34.117454528808594,123.94000244140625,71.99585723876953,65.14387512207031,28.738393783569336,138.42999267578125,85.36195373535156,69.74504852294922
2010-09-16,69.6286849975586,85.33930206298828,33.953636169433594,124.62999725341797,71.84904479980469,64.50049591064453,28.58785057067871,138.4340057373047,85.33930206298828,69.6286849975586
2010-09-17,69.71919250488281,85.37117004394531,33.78982925415039,124.54000091552734,71.64226531982422,64.76166534423828,28.673879623413086,138.44000244140625,85.37117004394531,69.71919250488281
2010-09-20,69.74504852294922,86.67650604248047,34.37576675415039,124.87000274658203,71.92247772216797,65.13749694824219,29.37285041809082,138.43499755859375,86.67650604248047,69.74504852294922
2010-09-21,70.04226684570312,86.5019760131836,34.369468688964844,126.01000213623047,72.84312438964844,66.04200744628906,28.942712783813477,138.43699645996094,86.5019760131836,70.04226684570312
2010-09-22,70.06166076660156,86.07698822021484,34.319068908691406,126.19999694824219,72.94316101074219,66.6343765258789,28.55021858215332,138.43800354003906,86.07698822021484,70.06166076660156
2010-09-23,70.13922882080078,85.37876892089844,33.94733810424805,126.30000305175781,72.8897933959961,66.82546997070312,27.84585189819336,138.44200134277344,85.37876892089844,70.13922882080078
2010-09-24,69.8807601928711,87.13946533203125,34.89241409301758,126.69000244140625,72.52288055419922,65.92735290527344,28.63359260559082,138.4429931640625,87.13946533203125,69.8807601928711
2010-09-27,70.1198501586914,86.72206115722656,34.71601867675781,126.72000122070312,72.73638153076172,67.07386779785156,28.280954360961914,138.4429931640625,86.72206115722656,70.1198501586914
2010-09-28,70.2878646850586,87.025634765625,34.91762161254883,127.8499984741211,73.24340057373047,67.5324935913086,28.39488410949707,138.44400024414062,87.025634765625,70.2878646850586
2010-09-29,70.23616790771484,86.87383270263672,34.86091232299805,127.94999694824219,72.91644287109375,67.25225830078125,28.17245864868164,138.4499969482422,86.87383270263672,70.23616790771484
2010-09-30,70.2103042602539,86.61579132080078,34.60259246826172,127.91000366210938,72.7563705444336,67.20765686035156,28.25383949279785,138.45399475097656,86.61579132080078,70.2103042602539
2010-10-01,70.12934112548828,86.98008728027344,34.949127197265625,128.91000366210938,72.95341491699219,66.88288116455078,28.39488410949707,138.4550018310547,86.98008728027344,70.12934112548828
2010-10-04,70.24593353271484,86.3274154663086,34.44507598876953,128.4600067138672,73.06697082519531,67.05553436279297,28.65528678894043,138.4550018310547,86.3274154663086,70.24593353271484
2010-10-05,70.24593353271484,88.06535339355469,35.42166519165039,130.99000549316406,73.53449249267578,66.6527099609375,29.110994338989258,138.45700073242188,88.06535339355469,70.24593353271484
2010-10-06,70.31722259521484,88.05774688720703,35.71778869628906,131.80999755859375,74.18243408203125,67.49026489257812,28.953670501708984,138.45899963378906,88.05774688720703,70.31722259521484
2010-10-07,70.34957885742188,87.9515151977539,35.598079681396484,130.3699951171875,74.01544189453125,66.92765045166016,29.0350341796875,138.46800231933594,87.9515151977539,70.34957885742188
2010-10-08,70.49207305908203,88.44483184814453,35.83119583129883,131.66000366210938,74.50300598144531,66.6335220336914,29.116418838500977,138.46400451660156,88.44483184814453,70.49207305908203
2010-10-11,70.45323944091797,88.5282974243164,35.78710174560547,132.2899932861328,74.50300598144531,66.64632415771484,29.110994338989258,138.46499633789062,88.5282974243164,70.45323944091797
2010-10-12,70.38197326660156,88.8014907836914,35.711490631103516,131.9600067138672,74.27593994140625,65.98779296875,29.31715965270996,138.46499633789062,88.8014907836914,70.38197326660156
2010-10-13,70.37550354003906,89.49213409423828,36.11473083496094,134.07000732421875,74.72348022460938,65.88549041748047,29.620960235595703,138.46800231933594,89.49213409423828,70.37550354003906
2010-10-14,70.1163558959961,89.14299011230469,36.36674880981445,134.75,74.957275390625,64.90087127685547,29.545013427734375,138.47500610351562,89.14299011230469,70.1163558959961
2010-10-15,69.97383880615234,89.32514190673828,36.247039794921875,133.67999267578125,74.47632598876953,64.10804748535156,29.507030487060547,138.4770050048828,89.32514190673828,69.97383880615234
2010-10-18,70.22001647949219,89.76532745361328,36.328948974609375,134.27999877929688,74.643310546875,64.6259765625,29.88677978515625,138.47799682617188,89.76532745361328,70.22001647949219
2010-10-19,70.27831268310547,88.58901977539062,35.52877426147461,130.11000061035156,74.68338775634766,65.0159912109375,29.517879486083984,138.4810028076172,88.58901977539062,70.27831268310547
2010-10-20,70.3625259399414,89.45416259765625,36.19664001464844,131.32000732421875,74.66338348388672,65.15663146972656,30.163454055786133,138.48300170898438,89.45416259765625,70.3625259399414
2010-10-21,70.25238800048828,89.65150451660156,36.001319885253906,129.47000122070312,74.66338348388672,64.38298797607422,30.13092041015625,138.49200439453125,89.65150451660156,70.25238800048828
2010-10-22,70.28478240966797,89.81845092773438,36.0958251953125,129.72999572753906,74.68338775634766,64.81781005859375,30.14719581604004,138.50100708007812,89.81845092773438,70.28478240966797
2010-10-25,70.29126739501953,90.08409881591797,36.23443603515625,130.85000610351562,74.91048431396484,65.00318145751953,30.201425552368164,138.4980010986328,90.08409881591797,70.29126739501953
2010-10-26,70.12934112548828,90.0992431640625,36.001319885253906,130.8800048828125,74.50300598144531,63.99939727783203,29.984437942504883,138.5050048828125,90.0992431640625,70.12934112548828
2010-10-27,69.9932861328125,89.84121704101562,35.654788970947266,129.52000427246094,74.04218292236328,63.43674087524414,29.772863388061523,138.50799560546875,89.84121704101562,69.9932861328125
2010-10-28,70.168212890625,89.85641479492188,35.932010650634766,131.24000549316406,74.30933380126953,63.609344482421875,29.588403701782227,138.51199340820312,89.85641479492188,70.168212890625
2010-10-29,70.31722259521484,89.92473602294922,35.919403076171875,132.6199951171875,74.5564956665039,64.2040023803711,29.593822479248047,138.51400756835938,89.92473602294922,70.31722259521484
2010-11-01,70.28862762451172,89.95508575439453,35.78710174560547,131.9199981689453,74.67361450195312,63.927520751953125,29.848800659179688,138.51499938964844,89.95508575439453,70.28862762451172
2010-11-02,70.4119873046875,90.66844177246094,36.37934875488281,132.49000549316406,74.8543930053711,64.76778411865234,30.054962158203125,138.51699829101562,90.66844177246094,70.4119873046875
2010-11-03,70.39898681640625,91.03276062011719,36.631370544433594,131.57000732421875,74.72051239013672,63.44649124145508,30.054962158203125,138.52499389648438,91.03276062011719,70.39898681640625
2010-11-04,70.73672485351562,92.78584289550781,37.46303939819336,136.02999877929688,74.90126037597656,63.940372467041016,30.749370574951172,138.5260009765625,92.78584289550781,70.73672485351562
2010-11-05,70.54191589355469,93.13494873046875,37.299217224121094,136.3800048828125,74.64686584472656,62.84357452392578,31.080310821533203,138.5260009765625,93.13494873046875,70.54191589355469
2010-11-08,70.50940704345703,92.96041870117188,37.072410583496094,137.77999877929688,74.747314453125,63.125850677490234,30.91211700439453,138.5260009765625,92.96041870117188,70.50940704345703
2010-11-09,70.16523742675781,92.29254913330078,36.7006721496582,135.58999633789062,74.0711441040039,61.73394775390625,29.65892219543457,138.5260009765625,92.29254913330078,70.16523742675781
2010-11-10,70.10676574707031,92.6644058227539,36.80779266357422,137.24000549316406,74.25190734863281,61.81739807128906,30.027820587158203,138.53399658203125,92.6644058227539,70.10676574707031
2010-11-11,70.10028839111328,92.31529998779297,36.492759704589844,137.66000366210938,74.25860595703125,61.78530502319336,29.78913688659668,138.53700256347656,92.31529998779297,70.10028839111328
2010-11-12,69.8210220336914,91.22247314453125,36.190330505371094,133.69000244140625,73.64935302734375,61.451751708984375,29.512453079223633,138.53900146484375,91.22247314453125,69.8210220336914
2010-11-15,69.4378433227539,91.09346008300781,36.165122985839844,132.4199981689453,72.72547912597656,60.16900634765625,29.230350494384766,138.5399932861328,91.09346008300781,69.4378433227539
2010-11-16,69.60670471191406,89.67425537109375,35.314571380615234,130.97000122070312,72.859375,61.66339874267578,28.22671127319336,138.54299926757812,89.67425537109375,69.60670471191406
2010-11-17,69.62618255615234,89.71981048583984,35.5098762512207,130.3800048828125,72.87274932861328,61.32350540161133,28.443714141845703,138.55099487304688,89.71981048583984,69.62618255615234
2010-11-18,69.60670471191406,91.04033660888672,36.39825439453125,132.08999633789062,72.9932632446289,61.573612213134766,28.69869041442871,138.552001953125,91.04033660888672,69.60670471191406
2010-11-19,69.68463134765625,91.290771484375,36.39825439453125,132.1999969482422,73.2008285522461,61.95206069946289,28.8505916595459,138.56100463867188,91.290771484375,69.68463134765625
2010-11-22,69.85342407226562,91.2148666381836,36.00762176513672,133.47999572753906,73.45520782470703,62.215023040771484,28.926555633544922,138.55299377441406,91.2148666381836,69.85342407226562
2010-11-23,69.92495727539062,89.89433288574219,34.923927307128906,134.41000366210938,73.48196411132812,62.522945404052734,28.69869041442871,138.55499267578125,89.89433288574219,69.92495727539062
2010-11-24,69.58721923828125,91.22247314453125,35.47836685180664,134.17999267578125,73.09367370605469,61.40684509277344,29.252052307128906,138.55999755859375,91.22247314453125,69.58721923828125
2010-11-25,69.58721923828125,91.22247314453125,35.47836685180664,134.17999267578125,73.09367370605469,61.40684509277344,29.252052307128906,138.56100463867188,91.22247314453125,69.58721923828125
2010-11-26,69.7301025390625,90.15997314453125,34.8861198425293,133.11000061035156,73.30792236328125,62.25994110107422,29.19237518310547,138.5679931640625,90.15997314453125,69.7301025390625
2010-11-29,69.77554321289062,90.43318176269531,34.577396392822266,133.50999450683594,73.38825225830078,62.79234313964844,29.17608642578125,138.56199645996094,90.43318176269531,69.77554321289062
2010-11-30,69.7301025390625,89.92473602294922,34.1867561340332,135.4199981689453,73.29454803466797,63.119388580322266,29.045902252197266,138.5679931640625,89.92473602294922,69.7301025390625
2010-12-01,69.36651611328125,91.8371810913086,35.15705490112305,135.3800048828125,72.8177490234375,61.71632385253906,29.21407127380371,138.57400512695312,91.8371810913086,69.36651611328125
2010-12-02,69.2293930053711,93.01351928710938,35.824893951416016,135.1999969482422,72.79093933105469,61.55540084838867,29.66436004638672,138.5749969482422,93.01351928710938,69.2293930053711
2010-12-03,69.36651611328125,93.26396942138672,36.17143249511719,138.07000732421875,72.7842025756836,61.072723388671875,29.65892219543457,138.5709991455078,93.26396942138672,69.36651611328125
2010-12-06,69.62107849121094,93.1653060913086,36.00762176513672,139.11000061035156,73.07254791259766,61.935096740722656,29.718599319458008,138.5760040283203,93.1653060913086,69.62107849121094
2010-12-07,69.07923889160156,93.21844482421875,36.02650833129883,136.5,72.34835815429688,60.60926818847656,29.783710479736328,138.5709991455078,93.21844482421875,69.07923889160156
2010-12-08,68.74627685546875,93.55994415283203,36.13361740112305,134.7899932861328,71.64424896240234,60.023555755615234,29.34427261352539,138.58099365234375,93.55994415283203,68.74627685546875
2010-12-09,68.87035369873047,93.92424774169922,36.22814178466797,135.3699951171875,71.55711364746094,60.31965255737305,29.083860397338867,138.58200073242188,93.92424774169922,68.87035369873047
2010-12-10,68.7398452758789,94.47064208984375,36.31005096435547,135.41000366210938,71.2083511352539,59.95281982421875,29.27375030517578,138.58399963378906,94.47064208984375,68.7398452758789
2010-12-13,68.78549194335938,94.53136444091797,36.7006721496582,136.0500030517578,71.63752746582031,60.17805862426758,29.322574615478516,138.58399963378906,94.53136444091797,68.78549194335938
2010-12-14,68.40029907226562,94.61483001708984,36.75738525390625,136.17999267578125,70.95355224609375,59.302738189697266,29.0350341796875,138.59100341796875,94.61483001708984,68.40029907226562
2010-12-15,68.28287506103516,94.1822738647461,36.272239685058594,134.6999969482422,71.17487335205078,58.53041076660156,28.75836944580078,138.5919952392578,94.1822738647461,68.28287506103516
2010-12-16,68.41346740722656,94.72864532470703,36.47385025024414,133.80999755859375,71.49004364013672,58.935909271240234,28.80719757080078,138.5919952392578,94.72864532470703,68.41346740722656
2010-12-17,68.78549194335938,94.83015441894531,36.272239685058594,134.1999969482422,71.97280883789062,60.010704040527344,29.045902252197266,138.59800720214844,94.83015441894531,68.78549194335938
2010-12-20,68.83123016357422,95.05902862548828,36.35414505004883,135.11000061035156,71.96611022949219,59.94633865356445,29.393095016479492,138.59300231933594,95.05902862548828,68.83123016357422
2010-12-21,68.96175384521484,95.66172790527344,36.65814208984375,135.32000732421875,72.08683013916016,60.36470031738281,29.70233917236328,138.59500122070312,95.66172790527344,68.96175384521484
2010-12-22,68.88338470458984,95.9592514038086,36.728111267089844,135.0500030517578,72.03315734863281,59.9334831237793,29.930187225341797,138.60299682617188,95.9592514038086,68.88338470458984
2010-12-23,68.7528076171875,95.82196807861328,36.70902633666992,134.66000366210938,71.76493072509766,59.81120681762695,29.79456329345703,138.60699462890625,95.82196807861328,68.7528076171875
2010-12-24,68.7528076171875,95.82196807861328,36.70902633666992,134.66000366210938,71.76493072509766,59.81120681762695,29.79456329345703,138.60699462890625,95.82196807861328,68.7528076171875
2010-12-27,68.94874572753906,95.86009216308594,36.63270568847656,135.02000427246094,71.91918182373047,60.345420837402344,30.16476821899414,138.59800720214844,95.86009216308594,68.94874572753906
2010-12-28,68.54521179199219,95.99742889404297,36.66450119018555,137.22000122070312,71.3833999633789,59.16355895996094,30.285423278808594,138.60299682617188,95.99742889404297,68.54521179199219
2010-12-29,69.02989196777344,96.06607055664062,36.98249435424805,137.7100067138672,71.8472671508789,60.16459274291992,30.34574317932129,138.6060028076172,96.06607055664062,69.02989196777344
2010-12-30,68.97745513916016,95.91350555419922,36.80441665649414,137.02999877929688,71.77999877929688,60.119354248046875,30.428007125854492,138.61199951171875,95.91350555419922,68.97745513916016
2010-12-31,69.25914001464844,95.93638610839844,37.02702331542969,138.72000122070312,72.2774658203125,60.78455352783203,30.367687225341797,138.61199951171875,95.93638610839844,69.25914001464844
2011-01-03,69.18054962158203,96.92819213867188,37.33228302001953,138.0,71.9749526977539,60.326019287109375,30.93259620666504,138.61199951171875,96.92819213867188,69.18054962158203
2011-01-04,69.20016479492188,96.87477111816406,37.217811584472656,134.75,72.15647888183594,60.397064208984375,30.340272903442383,139.0,96.87477111816406,69.20016479492188
2011-01-05,68.86613464355469,97.3782730102539,37.05881881713867,134.3699951171875,71.88084411621094,59.06666946411133,30.449949264526367,138.6230010986328,97.3782730102539,68.86613464355469
2011-01-06,68.87924194335938,97.18758392333984,36.63270568847656,133.8300018310547,72.08924102783203,59.325035095214844,30.16476821899414,138.61900329589844,97.18758392333984,68.87924194335938
2011-01-07,69.10197448730469,96.99681091308594,36.48643112182617,133.5800018310547,72.31784057617188,59.64142608642578,30.175739288330078,138.625,96.99681091308594,69.10197448730469
2011-01-10,69.28539276123047,96.87477111816406,36.42283630371094,134.1199951171875,72.52617645263672,59.96434783935547,30.170242309570312,138.6199951171875,96.87477111816406,69.28539276123047
2011-01-11,69.14778137207031,97.21808624267578,36.670875549316406,134.91000366210938,72.55305480957031,59.6285285949707,30.104421615600586,138.6179962158203,97.21808624267578,69.14778137207031
2011-01-12,69.1412353515625,98.09542083740234,37.47856521606445,135.4600067138672,72.53294372558594,59.16355895996094,30.230579376220703,138.6219940185547,98.09542083740234,69.1412353515625
2011-01-13,69.39010620117188,97.93523406982422,37.580326080322266,134.0500030517578,72.7547607421875,59.69316482543945,30.329296112060547,138.6230010986328,97.93523406982422,69.39010620117188
2011-01-14,69.24601745605469,98.64474487304688,37.80928421020508,132.69000244140625,72.43878936767578,59.312110900878906,30.532222747802734,138.62399291992188,98.64474487304688,69.24601745605469
2011-01-17,69.24601745605469,98.64474487304688,37.80928421020508,132.69000244140625,72.43878936767578,59.312110900878906,30.532222747802734,138.6280059814453,98.64474487304688,69.24601745605469
2011-01-18,69.20016479492188,98.81258392333984,38.05731964111328,133.42999267578125,72.4522476196289,59.03438949584961,30.79547691345215,138.62899780273438,98.81258392333984,69.20016479492188
2011-01-19,69.21330261230469,97.84363555908203,37.796566009521484,133.72000122070312,72.47913360595703,59.460628509521484,30.389629364013672,138.63999938964844,97.84363555908203,69.21330261230469
2011-01-20,68.95135498046875,97.71394348144531,37.47220993041992,131.1999969482422,71.79348754882812,58.64044189453125,30.39511489868164,138.63699340820312,97.71394348144531,68.95135498046875
2011-01-21,69.16742706298828,97.93523406982422,37.675724029541016,131.02999877929688,71.9278564453125,59.105430603027344,30.417043685913086,138.63900756835938,97.93523406982422,69.16742706298828
2011-01-24,69.12818908691406,98.49217224121094,38.076385498046875,130.36000061035156,71.88084411621094,59.131263732910156,30.57061195373535,138.64599609375,98.49217224121094,69.12818908691406
2011-01-25,69.34427642822266,98.54553985595703,38.00006103515625,130.10000610351562,72.1632080078125,59.69316482543945,30.927108764648438,138.6490020751953,98.54553985595703,69.34427642822266
2011-01-26,69.11502075195312,98.92699432373047,38.24175262451172,131.16000366210938,72.04218292236328,58.78902053833008,30.976470947265625,138.66000366210938,98.92699432373047,69.11502075195312
2011-01-27,69.23294830322266,99.17115020751953,38.330787658691406,127.93000030517578,71.9951171875,59.05377197265625,31.46457862854004,138.66299438476562,99.17115020751953,69.23294830322266
2011-01-28,69.33118438720703,97.4393310546875,37.47856521606445,130.27999877929688,72.270751953125,59.36376953125,30.94356918334961,138.66900634765625,97.4393310546875,69.33118438720703
2011-01-31,69.20016479492188,98.17169952392578,37.802921295166016,129.8699951171875,72.29087829589844,58.91165542602539,31.354890823364258,138.66600036621094,98.17169952392578,69.20016479492188
2011-02-01,69.05302429199219,99.74330139160156,38.699649810791016,130.8000030517578,72.22627258300781,58.6199836730957,31.431669235229492,138.67599487304688,99.74330139160156,69.05302429199219
2011-02-02,68.9742202758789,99.55256652832031,38.6678581237793,130.4499969482422,72.03105163574219,58.633018493652344,31.431669235229492,138.68600463867188,99.55256652832031,68.9742202758789
2011-02-03,68.71800231933594,99.77383422851562,38.674217224121094,132.1999969482422,71.65404510498047,58.14695739746094,31.519424438476562,138.68800354003906,99.77383422851562,68.71800231933594
2011-02-04,68.48809051513672,100.05611419677734,38.661502838134766,131.66000366210938,71.25003051757812,57.557193756103516,31.289093017578125,138.6820068359375,100.05611419677734,68.48809051513672
2011-02-07,68.51435852050781,100.68173217773438,38.782325744628906,131.67999267578125,71.23660278320312,57.855316162109375,31.59621810913086,138.6790008544922,100.68173217773438,68.51435852050781
2011-02-08,68.31733703613281,101.13947296142578,39.03672409057617,133.13999938964844,70.86629486083984,57.323822021484375,31.73333168029785,138.6840057373047,101.13947296142578,68.31733703613281
2011-02-09,68.44212341308594,100.91059112548828,38.922245025634766,133.07000732421875,71.06825256347656,57.82290267944336,31.755260467529297,138.68800354003906,100.91059112548828,68.44212341308594
2011-02-10,68.24508666992188,100.94869232177734,38.6678581237793,132.85000610351562,70.63068389892578,57.155372619628906,31.886882781982422,138.7010040283203,100.94869232177734,68.24508666992188
2011-02-11,68.51435852050781,101.55140686035156,38.68694305419922,132.32000732421875,70.99420928955078,57.97845458984375,32.09530258178711,138.70399475097656,101.55140686035156,68.51435852050781
2011-02-14,68.5472183227539,101.79556274414062,38.76325225830078,132.9499969482422,71.0480728149414,58.017333984375,32.100791931152344,138.7050018310547,101.79556274414062,68.5472183227539
2011-02-15,68.63261413574219,101.47513580322266,38.648780822753906,133.97000122070312,71.1356201171875,58.276554107666016,31.980127334594727,138.7030029296875,101.47513580322266,68.63261413574219
2011-02-16,68.63261413574219,102.11600494384766,39.11304473876953,134.10000610351562,71.03462982177734,58.08863830566406,32.051429748535156,138.71499633789062,102.11600494384766,68.63261413574219
2011-02-17,68.79680633544922,102.42113494873047,39.246604919433594,135.0399932861328,71.30396270751953,58.17932891845703,32.0843391418457,138.7169952392578,102.42113494873047,68.79680633544922
2011-02-18,68.77056121826172,102.63477325439453,39.380157470703125,135.41000366210938,71.67420196533203,57.997867584228516,32.210479736328125,138.7169952392578,102.63477325439453,68.77056121826172
2011-02-21,68.77056121826172,102.63477325439453,39.380157470703125,135.41000366210938,71.67420196533203,57.997867584228516,32.210479736328125,138.71200561523438,102.63477325439453,68.77056121826172
2011-02-22,69.02017211914062,100.57489776611328,38.25446701049805,136.2899932861328,72.23976135253906,58.866310119628906,31.930782318115234,138.71299743652344,100.57489776611328,69.02017211914062
2011-02-23,69.07272338867188,99.95691680908203,38.305355072021484,137.50999450683594,72.5022964477539,59.080204010009766,31.662029266357422,138.72300720214844,99.95691680908203,69.07272338867188
2011-02-24,69.0859146118164,99.88825988769531,38.33713912963867,136.47999572753906,72.76485443115234,59.45608139038086,31.420703887939453,138.7270050048828,99.88825988769531,69.0859146118164
2011-02-25,69.26980590820312,100.95635223388672,38.795047760009766,137.3800048828125,73.00727081298828,59.806053161621094,32.03496551513672,138.72999572753906,100.95635223388672,69.26980590820312
2011-02-28,69.40115356445312,101.5819320678711,39.144840240478516,137.66000366210938,72.81200408935547,59.88385009765625,32.830230712890625,138.72999572753906,101.5819320678711,69.40115356445312
2011-03-01,69.34520721435547,99.88825988769531,38.597900390625,140.02999877929688,73.23319244384766,60.05742263793945,31.853981018066406,138.7270050048828,99.88825988769531,69.34520721435547
2011-03-02,69.2332534790039,100.10186767578125,38.801414489746094,139.9199981689453,73.01716613769531,59.134178161621094,31.563304901123047,138.73300170898438,100.10186767578125,69.2332534790039
2011-03-03,68.98951721191406,101.82606506347656,39.29747772216797,138.08999633789062,72.82142639160156,58.55550765991211,32.01852035522461,138.73300170898438,101.82606506347656,68.98951721191406
2011-03-04,69.17400360107422,101.06312561035156,38.94133377075195,139.35000610351562,73.30743408203125,59.04313659667969,31.711395263671875,138.73300170898438,101.06312561035156,69.17400360107422
2011-03-07,69.20690155029297,100.26971435546875,38.56610107421875,139.72000122070312,73.24667358398438,58.6660270690918,31.48103904724121,138.73199462890625,100.26971435546875,69.20690155029297
2011-03-08,69.15418243408203,101.1470947265625,38.68694305419922,139.36000061035156,73.29389190673828,58.30848693847656,31.925283432006836,138.73899841308594,101.1470947265625,69.15418243408203
2011-03-09,69.31889343261719,101.00210571289062,38.699649810791016,139.41000366210938,73.39518737792969,58.87409591674805,31.89238166809082,138.7480010986328,101.00210571289062,69.31889343261719
2011-03-10,69.56256103515625,99.13300323486328,37.739315032958984,137.77000427246094,73.81363677978516,59.86236572265625,31.404266357421875,138.7469940185547,99.13300323486328,69.56256103515625
2011-03-11,69.57573699951172,99.81963348388672,37.739315032958984,138.22000122070312,73.69216918945312,59.52426528930664,31.722354888916016,138.74899291992188,99.81963348388672,69.57573699951172
2011-03-14,69.61527252197266,99.21692657470703,37.06517028808594,138.86000061035156,73.80016326904297,59.498287200927734,31.404266357421875,138.7550048828125,99.21692657470703,69.61527252197266
2011-03-15,69.64164733886719,98.08016967773438,36.28928756713867,136.27000427246094,73.77992248535156,60.38901901245117,31.239713668823242,138.7519989013672,98.08016967773438,69.64164733886719
2011-03-16,69.83919525146484,96.26445007324219,35.16358184814453,136.24000549316406,74.30635070800781,61.07168960571289,30.779010772705078,138.76400756835938,96.26445007324219,69.83919525146484
2011-03-17,69.79309844970703,97.53849029541016,36.333797454833984,136.97000122070312,74.45486450195312,60.603553771972656,31.014860153198242,138.76699829101562,97.53849029541016,69.79309844970703
2011-03-18,69.76675415039062,97.89322662353516,36.83622360229492,138.3699951171875,74.40087127685547,60.76613235473633,31.327468872070312,138.76300048828125,97.89322662353516,69.76675415039062
2011-03-21,69.60212707519531,99.41041564941406,37.74567413330078,139.13999938964844,74.08363342285156,60.40853500366211,31.66752052307129,138.7689971923828,99.41041564941406,69.60212707519531
2011-03-22,69.60865783691406,99.06558990478516,37.637569427490234,139.0500030517578,73.90139770507812,60.61008834838867,31.46457862854004,138.76600646972656,99.06558990478516,69.60865783691406
2011-03-23,69.57573699951172,99.34909057617188,37.68207931518555,140.33999633789062,73.77992248535156,60.53209686279297,31.119075775146484,138.7779998779297,99.34909057617188,69.57573699951172
2011-03-24,69.38471221923828,100.2992172241211,38.184505462646484,139.22000122070312,73.8474349975586,60.076969146728516,31.250688552856445,138.7760009765625,100.2992172241211,69.38471221923828
2011-03-25,69.32547760009766,100.60570526123047,37.76476287841797,139.25999450683594,73.5031509399414,59.92741394042969,31.4948673248291,138.7779998779297,100.60570526123047,69.32547760009766
2011-03-28,69.2925033569336,100.36051940917969,37.74567413330078,138.5399932861328,73.54365539550781,60.01192092895508,31.456207275390625,138.7779998779297,100.36051940917969,69.2925033569336
2011-03-29,69.20690155029297,101.03480529785156,37.94284439086914,138.2100067138672,73.39518737792969,59.55027770996094,31.583255767822266,138.7790069580078,101.03480529785156,69.20690155029297
2011-03-30,69.32547760009766,101.73206329345703,38.394386291503906,138.6699981689453,73.65164947509766,60.02492904663086,32.041786193847656,138.78599548339844,101.73206329345703,69.32547760009766
2011-03-31,69.24640655517578,101.59414672851562,38.2099494934082,139.86000061035156,73.67865753173828,59.90138626098633,32.30143356323242,138.78700256347656,101.59414672851562,69.24640655517578
2011-04-01,69.34089660644531,102.02322387695312,38.57246017456055,139.1999969482422,73.87001037597656,60.19256591796875,32.35116195678711,138.79299926757812,102.02322387695312,69.34089660644531
2011-04-04,69.45317077636719,102.10749053955078,38.623348236083984,139.83999633789062,74.2025146484375,60.257877349853516,32.32905960083008,138.7949981689453,102.10749053955078,69.45317077636719
2011-04-05,69.3078384399414,102.0921859741211,38.52793884277344,142.0500030517578,74.06678009033203,60.01627731323242,32.36222457885742,138.79200744628906,102.0921859741211,69.3078384399414
2011-04-06,69.10305786132812,102.41399383544922,38.84593963623047,142.3800048828125,73.66641235351562,59.115257263183594,32.378780364990234,138.8040008544922,102.41399383544922,69.10305786132812
2011-04-07,69.20877075195312,102.15348815917969,38.655147552490234,142.50999450683594,73.79540252685547,58.99772644042969,32.01969909667969,138.80499267578125,102.15348815917969,69.20877075195312
2011-04-08,69.07665252685547,101.80101776123047,38.9731330871582,143.66000366210938,73.95146179199219,58.684322357177734,31.787673950195312,138.80099487304688,101.80101776123047,69.07665252685547
2011-04-11,69.14268493652344,101.49452209472656,38.896812438964844,142.63999938964844,73.89715576171875,58.736572265625,31.80978012084961,138.802001953125,101.49452209472656,69.14268493652344
2011-04-12,69.40693664550781,100.7359848022461,38.5343017578125,141.61000061035156,74.2704086303711,59.36990737915039,31.75452423095703,138.80299377441406,100.7359848022461,69.40693664550781
2011-04-13,69.47962188720703,100.72831726074219,38.648780822753906,141.89999389648438,74.4332275390625,59.74209976196289,31.704811096191406,138.81199645996094,100.72831726074219,69.47962188720703
2011-04-14,69.41358184814453,100.804931640625,38.820491790771484,143.80999755859375,74.3382339477539,59.696372985839844,32.163333892822266,138.8249969482422,100.804931640625,69.41358184814453
2011-04-15,69.66460418701172,101.17269134521484,38.76325225830078,145.0500030517578,74.8811264038086,60.50597381591797,32.5776481628418,138.82400512695312,101.17269134521484,69.66460418701172
2011-04-18,69.78348541259766,100.03868103027344,37.96826934814453,145.92999267578125,74.90142059326172,60.64306640625,32.28486251831055,138.8300018310547,100.03868103027344,69.78348541259766
2011-04-19,69.92225646972656,100.61339569091797,38.24810028076172,145.92999267578125,75.16612243652344,60.90426254272461,32.53899002075195,138.84500122070312,100.61339569091797,69.92225646972656
2011-04-20,69.82316589355469,101.98490905761719,39.221160888671875,146.5,74.90823364257812,60.51249694824219,32.920166015625,138.8520050048828,101.98490905761719,69.82316589355469
2011-04-21,69.86941528320312,102.50592803955078,39.475563049316406,146.74000549316406,74.77251434326172,60.4603157043457,33.14115905761719,138.85699462890625,102.50592803955078,69.86941528320312
2011-04-25,69.90902709960938,102.398681640625,39.475563049316406,146.8699951171875,74.97610473632812,60.68882369995117,33.36213302612305,138.85699462890625,102.398681640625,69.90902709960938
2011-04-26,70.16668701171875,103.27983856201172,39.78082275390625,146.3800048828125,75.23399353027344,61.27643585205078,33.65492248535156,138.86300659179688,103.27983856201172,70.16668701171875
2011-04-27,70.10722351074219,103.9541244506836,40.27689743041992,149.1999969482422,75.05072784423828,60.64962387084961,33.903541564941406,138.87600708007812,103.9541244506836,70.10722351074219
2011-04-28,70.27239227294922,104.29125213623047,40.55036926269531,149.82000732421875,75.27470397949219,61.11320877075195,34.35652160644531,138.88299560546875,104.29125213623047,70.27239227294922
2011-04-29,70.33182525634766,104.53646850585938,40.359580993652344,152.3699951171875,75.43075561523438,61.30252456665039,34.15766143798828,138.88699340820312,104.53646850585938,70.33182525634766
2011-05-02,70.36895751953125,104.37553405761719,40.620330810546875,150.41000366210938,75.55628204345703,61.400909423828125,34.207374572753906,138.89199829101562,104.37553405761719,70.36895751953125
2011-05-03,70.38882446289062,104.00012969970703,40.289615631103516,149.8800048828125,75.67906951904297,61.748451232910156,33.91459274291992,138.89500427246094,104.00012969970703,70.38882446289062
2011-05-04,70.5213623046875,103.31048583984375,39.94618606567383,147.72999572753906,75.74723815917969,62.023841857910156,33.721221923828125,138.90899658203125,103.31048583984375,70.5213623046875
2011-05-05,70.68034362792969,102.37569427490234,39.157569885253906,143.47000122070312,75.65864562988281,62.613948822021484,33.69912338256836,138.9149932861328,102.37569427490234,70.68034362792969
2011-05-06,70.6737289428711,102.8277587890625,39.1766471862793,145.3000030517578,75.6859130859375,62.338592529296875,33.400814056396484,138.91000366210938,102.8277587890625,70.6737289428711
2011-05-09,70.75328063964844,103.2262191772461,39.456485748291016,147.3800048828125,75.8427963256836,62.27296829223633,33.57206344604492,138.91299438476562,103.2262191772461,70.75328063964844
2011-05-10,70.62736511230469,104.1073989868164,39.831703186035156,147.89999389648438,75.6381607055664,61.82713317871094,34.102413177490234,138.91400146484375,104.1073989868164,70.62736511230469
2011-05-11,70.75328063964844,103.01168060302734,39.030372619628906,146.5399932861328,75.39933776855469,62.18119812011719,33.74332809448242,138.92100524902344,103.01168060302734,70.75328063964844
2011-05-12,70.6472396850586,103.50205993652344,39.157569885253906,146.58999633789062,75.31067657470703,61.78778839111328,33.79856491088867,138.9261016845703,103.50205993652344,70.6472396850586
2011-05-13,70.75991821289062,102.70514678955078,38.547019958496094,145.6300048828125,75.29702758789062,62.34508514404297,33.43946838378906,138.9290008544922,102.70514678955078,70.75991821289062
2011-05-16,70.91229248046875,102.05390930175781,38.47705841064453,145.3699951171875,75.31751251220703,62.69267272949219,33.489192962646484,138.93299865722656,102.05390930175781,70.91229248046875
2011-05-17,70.99182891845703,102.03858184814453,38.55973434448242,144.74000549316406,75.3788833618164,63.33527374267578,33.4781494140625,138.93600463867188,102.03858184814453,70.99182891845703
2011-05-18,70.87913513183594,102.95039367675781,38.795047760009766,145.60000610351562,75.33796691894531,62.49595260620117,33.80409240722656,138.95399475097656,102.95039367675781,70.87913513183594
2011-05-19,70.82614135742188,103.19554901123047,39.017635345458984,145.64999389648438,75.1401138305664,62.4697265625,33.947723388671875,138.95799255371094,103.19554901123047,70.82614135742188
2011-05-20,70.89239501953125,102.37569427490234,38.4643440246582,147.49000549316406,75.11286163330078,62.502498626708984,33.533382415771484,138.96200561523438,102.37569427490234,70.89239501953125
2011-05-23,70.9520492553711,101.18807220458984,37.57396697998047,147.8300018310547,75.11964416503906,62.804161071777344,33.19088363647461,138.96499633789062,101.18807220458984,70.9520492553711
2011-05-24,70.97856140136719,101.103759765625,37.790199279785156,148.58999633789062,75.50170135498047,63.040164947509766,33.29030990600586,138.968994140625,101.103759765625,70.97856140136719
2011-05-25,70.96533203125,101.44086456298828,38.0318717956543,148.5800018310547,75.52217102050781,62.74507141113281,33.44499969482422,138.9770050048828,101.44086456298828,70.96533203125
2011-05-26,71.1176528930664,101.9083251953125,38.38801574707031,148.22000122070312,75.70639038085938,63.28279495239258,33.89247512817383,138.97999572753906,101.9083251953125,71.1176528930664
2011-05-27,71.18397521972656,102.299072265625,38.6678581237793,149.6999969482422,75.8291244506836,63.2565803527832,34.085845947265625,138.98300170898438,102.299072265625,71.18397521972656
2011-05-30,71.18397521972656,102.299072265625,38.6678581237793,149.6999969482422,75.8291244506836,63.2565803527832,34.085845947265625,138.98699951171875,102.299072265625,71.18397521972656
2011-05-31,71.20381927490234,103.3641357421875,39.46920394897461,149.63999938964844,75.63130187988281,63.40078353881836,34.62722396850586,138.98699951171875,103.3641357421875,71.20381927490234
2011-06-01,71.51148223876953,101.0424575805664,38.5343017578125,149.91000366210938,76.17471313476562,64.2576904296875,33.63283157348633,139.0019989013672,101.0424575805664,71.51148223876953
2011-06-02,71.2257308959961,100.9351806640625,38.73146057128906,149.5,75.89920806884766,63.03362274169922,33.38975524902344,138.9980010986328,100.9351806640625,71.2257308959961
2011-06-03,71.31877899169922,99.93143463134766,38.75053024291992,150.22000122070312,76.01634979248047,63.39554977416992,33.52235412597656,139.00100708007812,99.93143463134766,71.31877899169922
2011-06-06,71.33209228515625,98.87400817871094,38.24810028076172,150.47999572753906,76.05078125,62.9151496887207,33.030662536621094,139.0019989013672,98.87400817871094,71.33209228515625
2011-06-07,71.47830963134766,98.81273651123047,38.597900390625,150.4199981689453,76.1610336303711,63.20469284057617,33.378692626953125,139.0050048828125,98.81273651123047,71.47830963134766
2011-06-08,71.53809356689453,98.39898681640625,38.10183334350586,149.80999755859375,76.15410614013672,63.698307037353516,33.2847900390625,139.01499938964844,98.39898681640625,71.53809356689453
2011-06-09,71.43175506591797,99.14987182617188,38.49613571166992,150.55999755859375,76.06452941894531,63.44161605834961,32.925697326660156,139.02099609375,99.14987182617188,71.43175506591797
2011-06-10,71.42513275146484,97.77067565917969,37.60576248168945,149.24000549316406,76.03699493408203,63.92862319946289,32.097023010253906,139.0279998779297,97.77067565917969,71.42513275146484
2011-06-13,71.33209228515625,97.84729766845703,37.66300582885742,147.77000427246094,76.03009796142578,63.60613250732422,32.22962188720703,139.03599548339844,97.84729766845703,71.33209228515625
2011-06-14,71.13941192626953,99.08856201171875,38.330787658691406,148.6699981689453,75.8234634399414,62.64533996582031,32.71024703979492,139.04400634765625,99.08856201171875,71.13941192626953
2011-06-15,71.31877899169922,97.32623291015625,37.071537017822266,149.1199951171875,76.21604919433594,63.78383255004883,32.1854362487793,139.05299377441406,97.32623291015625,71.31877899169922
2011-06-16,71.36530303955078,97.54077911376953,36.94434356689453,148.97000122070312,76.1610336303711,64.07343292236328,32.43955612182617,139.05799865722656,97.54077911376953,71.36530303955078
2011-06-17,71.43175506591797,97.8318862915039,37.306854248046875,149.94000244140625,76.11962890625,63.770652770996094,32.74891662597656,139.06199645996094,97.8318862915039,71.43175506591797
2011-06-20,71.3387680053711,98.3323745727539,37.26233673095703,150.02999877929688,75.91301727294922,63.84968185424805,33.14667892456055,139.06900024414062,98.3323745727539,71.3387680053711
2011-06-21,71.40520477294922,99.6799087524414,38.070030212402344,150.75999450683594,76.09899139404297,63.566654205322266,33.406341552734375,139.07400512695312,99.6799087524414,71.40520477294922
2011-06-22,71.3586196899414,99.07929992675781,37.70113754272461,150.99000549316406,75.92677307128906,63.60613250732422,33.306888580322266,139.08900451660156,99.07929992675781,71.3586196899414
2011-06-23,71.59126281738281,98.79438781738281,37.376956939697266,148.33999633789062,76.47779846191406,64.0931625366211,32.63289260864258,139.08599853515625,98.79438781738281,71.59126281738281
2011-06-24,71.52479553222656,97.6470718383789,37.02037048339844,146.25999450683594,76.77397155761719,63.82334518432617,32.63792419433594,139.08900451660156,97.6470718383789,71.52479553222656
2011-06-27,71.39851379394531,98.5171890258789,37.32509231567383,145.72999572753906,76.64993286132812,62.94805145263672,32.7772102355957,139.08999633789062,98.5171890258789,71.39851379394531
2011-06-28,71.11276245117188,99.80314636230469,37.77244567871094,146.24000549316406,76.34695434570312,62.44129943847656,33.05021286010742,139.09500122070312,99.80314636230469,71.11276245117188
2011-06-29,70.90009307861328,100.6578598022461,38.43376159667969,147.17999267578125,76.37445831298828,62.02667236328125,33.395652770996094,139.0989990234375,100.6578598022461,70.90009307861328
2011-06-30,70.88681030273438,101.62042236328125,38.99132537841797,146.0,76.20230102539062,61.92797088623047,33.48479461669922,139.10299682617188,101.62042236328125,70.88681030273438
2011-07-01,70.90951538085938,103.1219711303711,39.41923904418945,144.92999267578125,76.28897094726562,61.82888412475586,34.05866241455078,139.11900329589844,103.1219711303711,70.90951538085938
2011-07-04,70.90951538085938,103.1219711303711,39.41923904418945,144.92999267578125,76.28897094726562,61.82888412475586,34.05866241455078,139.11199951171875,103.1219711303711,70.90951538085938
2011-07-05,71.18272399902344,103.03726196289062,39.185829162597656,147.6300048828125,76.3721694946289,61.96757888793945,34.32051467895508,139.11399841308594,103.03726196289062,71.18272399902344
2011-07-06,71.22273254394531,103.16043090820312,38.93946075439453,148.91000366210938,76.5941162109375,62.28456115722656,34.576812744140625,139.1199951171875,103.16043090820312,71.22273254394531
2011-07-07,71.02276611328125,104.23081970214844,39.27659606933594,149.14999389648438,76.56631469726562,62.099639892578125,35.01139831542969,139.1269989013672,104.23081970214844,71.02276611328125
2011-07-08,71.38939666748047,103.4915542602539,38.790340423583984,150.25,76.91310119628906,62.97792053222656,34.96681594848633,139.12399291992188,103.4915542602539,71.38939666748047
2011-07-11,71.5826416015625,101.62042236328125,37.61683654785156,151.58999633789062,77.34305572509766,63.92222213745117,34.359519958496094,139.1280059814453,101.62042236328125,71.5826416015625
2011-07-12,71.64259338378906,101.18148803710938,37.363990783691406,152.77000427246094,77.65512084960938,64.1401596069336,34.47651290893555,139.125,101.18148803710938,71.64259338378906
2011-07-13,71.78252410888672,101.5202865600586,37.921566009521484,154.13999938964844,77.80074310302734,64.31845092773438,34.13666534423828,139.13800048828125,101.5202865600586,71.78252410888672
2011-07-14,71.60260772705078,100.81956481933594,37.590911865234375,154.5399932861328,77.33610534667969,63.40055847167969,33.81907653808594,139.1479949951172,100.81956481933594,71.60260772705078
2011-07-15,71.70257568359375,101.4048080444336,37.72056579589844,155.1999969482422,77.57884979248047,63.50619125366211,34.192386627197266,139.1580047607422,101.4048080444336,71.70257568359375
2011-07-18,71.59590911865234,100.57318115234375,37.163002014160156,156.57000732421875,77.64814758300781,62.8921012878418,33.952796936035156,139.1580047607422,100.57318115234375,71.59590911865234
2011-07-19,71.74927520751953,102.20561981201172,37.72056579589844,154.66000366210938,78.03653717041016,64.19959259033203,34.49882125854492,139.16299438476562,102.20561981201172,71.74927520751953
2011-07-20,71.63595581054688,102.14403533935547,38.16793441772461,156.02000427246094,77.59269714355469,63.44015121459961,34.7495231628418,139.1790008544922,102.14403533935547,71.63595581054688
2011-07-21,71.52263641357422,103.56088256835938,38.97836685180664,154.8300018310547,77.4332046508789,62.951560974121094,35.02809524536133,139.1840057373047,103.56088256835938,71.52263641357422
2011-07-22,71.67591857910156,103.63020324707031,39.01726531982422,156.1199951171875,77.68985748291016,63.426963806152344,35.200828552246094,139.18299865722656,103.63020324707031,71.67591857910156
2011-07-25,71.46923828125,103.05267333984375,38.77088165283203,157.33999633789062,77.77300262451172,62.73362350463867,34.872100830078125,139.1840057373047,103.05267333984375,71.46923828125
2011-07-26,71.63595581054688,102.66763305664062,39.00428771972656,157.77000427246094,77.80074310302734,63.16282272338867,34.95008850097656,139.18600463867188,102.66763305664062,71.63595581054688
2011-07-27,71.51594543457031,100.56547546386719,38.05771255493164,157.19000244140625,77.94640350341797,63.16939163208008,33.96952819824219,139.2010040283203,100.56547546386719,71.51594543457031
2011-07-28,71.65593719482422,100.27283477783203,37.966941833496094,157.32000732421875,78.26535034179688,63.40719985961914,34.0029411315918,139.19900512695312,100.27283477783203,71.65593719482422
2011-07-29,72.08244323730469,99.58753967285156,38.06420135498047,158.2899932861328,79.17384338378906,64.66181182861328,34.008514404296875,139.20700073242188,99.58753967285156,72.08244323730469
2011-08-01,72.25621032714844,99.16400146484375,37.58442687988281,157.72000122070312,79.39061737060547,65.314453125,33.495933532714844,139.2100067138672,99.16400146484375,72.25621032714844
2011-08-02,72.56363677978516,96.6306381225586,36.59245681762695,161.52000427246094,79.91336822509766,67.2756576538086,32.42619705200195,139.20799255371094,96.6306381225586,72.56363677978516
2011-08-03,72.63709259033203,97.15425872802734,36.80641174316406,161.49000549316406,79.41842651367188,67.40811157226562,32.15877151489258,139.22300720214844,97.15425872802734,72.63709259033203
2011-08-04,73.02474212646484,92.60338592529297,34.23897171020508,160.63999938964844,80.11548614501953,69.80657196044922,30.587614059448242,139.2259979248047,92.60338592529297,73.02474212646484
2011-08-05,72.5435562133789,92.46475982666016,34.84192657470703,161.75,79.20235443115234,67.79240417480469,29.82430648803711,139.22900390625,92.46475982666016,72.5435562133789
2011-08-08,72.57694244384766,86.44318389892578,32.24208450317383,167.1199951171875,80.15734100341797,69.9324722290039,27.233562469482422,139.2239990234375,86.44318389892578,72.57694244384766
2011-08-09,73.00469207763672,90.46269989013672,34.414031982421875,168.61000061035156,80.82644653320312,70.14445495605469,29.71287727355957,139.23199462890625,90.46269989013672,73.00469207763672
2011-08-10,73.5994873046875,86.46626281738281,32.35879135131836,174.5800018310547,82.31812286376953,72.23150634765625,29.027576446533203,139.2519989013672,86.46626281738281,73.5994873046875
2011-08-11,72.68392181396484,90.34721374511719,33.9083251953125,170.75,80.60337829589844,68.58744812011719,30.531892776489258,139.2519989013672,90.34721374511719,72.68392181396484
2011-08-12,73.00469207763672,90.95551300048828,34.297325134277344,169.97000122070312,81.06346893310547,69.94571685791016,30.526315689086914,139.25,90.95551300048828,73.00469207763672
2011-08-15,73.11834716796875,92.880615234375,35.094791412353516,171.8000030517578,80.65220642089844,69.23677062988281,31.640625,139.25,92.880615234375,73.11834716796875
2011-08-16,73.27202606201172,92.08747100830078,34.58259582519531,173.9199981689453,80.83342742919922,70.38298797607422,31.545902252197266,139.2480010986328,92.08747100830078,73.27202606201172
2011-08-17,73.39234924316406,92.14910125732422,34.78357696533203,174.4199981689453,81.25164794921875,71.61530303955078,31.63504409790039,139.25799560546875,92.14910125732422,73.39234924316406
2011-08-18,73.4992446899414,88.17572021484375,33.09141159057617,177.72000122070312,80.63129425048828,73.08625030517578,30.22545051574707,139.26100158691406,88.17572021484375,73.4992446899414
2011-08-19,73.53264617919922,86.73578643798828,32.52734375,179.9499969482422,80.90311431884766,73.67587280273438,29.646015167236328,139.26400756835938,86.73578643798828,73.53264617919922
2011-08-22,73.43905639648438,86.80506896972656,32.73481750488281,184.58999633789062,80.88220977783203,73.49038696289062,29.679445266723633,139.26600646972656,86.80506896972656,73.43905639648438
2011-08-23,73.26532745361328,89.66188049316406,33.79811096191406,177.6699981689453,80.38037109375,72.47666931152344,30.40931510925293,139.2740020751953,89.66188049316406,73.26532745361328
2011-08-24,72.8509750366211,90.92472839355469,33.811058044433594,171.64999389648438,79.19544219970703,70.41607666015625,30.81047248840332,139.28399658203125,90.92472839355469,72.8509750366211
2011-08-25,72.99797821044922,89.53870391845703,32.99415969848633,172.36000061035156,79.81578063964844,71.17803955078125,30.236600875854492,139.28599548339844,89.53870391845703,72.99797821044922
2011-08-26,73.0982666015625,90.83999633789062,33.5128288269043,177.47000122070312,80.05274200439453,71.88036346435547,30.604310989379883,139.28399658203125,90.83999633789062,73.0982666015625
2011-08-29,73.01805877685547,93.450439453125,34.3102912902832,173.88999938964844,79.57881164550781,70.88651275634766,31.65176010131836,139.28599548339844,93.450439453125,73.01805877685547
2011-08-30,73.24525451660156,93.69680786132812,34.10930252075195,179.10000610351562,80.0457992553711,72.02613067626953,31.740901947021484,139.29400634765625,93.69680786132812,73.24525451660156
2011-08-31,73.17843627929688,94.11265563964844,34.73171615600586,177.72000122070312,79.68331909179688,70.91300964355469,32.09748840332031,139.29800415039062,94.11265563964844,73.17843627929688
2011-09-01,73.41419982910156,93.12699890136719,34.303810119628906,177.8699951171875,80.40831756591797,72.41627502441406,31.63504409790039,139.30799865722656,93.12699890136719,73.41419982910156
2011-09-02,73.63516998291016,90.74761199951172,33.53877258300781,183.24000549316406,81.28661346435547,74.76873779296875,30.888460159301758,139.30999755859375,90.74761199951172,73.63516998291016
2011-09-05,73.63516998291016,90.74761199951172,33.53877258300781,183.24000549316406,81.28661346435547,74.76873779296875,30.888460159301758,139.30599975585938,90.74761199951172,73.63516998291016
2011-09-06,73.82939147949219,90.08544158935547,32.436588287353516,182.89999389648438,80.8056411743164,75.54623413085938,30.754751205444336,139.3090057373047,90.08544158935547,73.82939147949219
2011-09-07,73.6552963256836,92.62648010253906,33.402618408203125,177.0800018310547,80.58953094482422,74.10419464111328,31.91362762451172,139.32400512695312,92.62648010253906,73.6552963256836
2011-09-08,73.67538452148438,91.6639404296875,32.741310119628906,181.80999755859375,81.07054138183594,74.76873779296875,31.668472290039062,139.3209991455078,91.6639404296875,73.67538452148438
2011-09-09,73.77581024169922,89.26148986816406,31.606708526611328,180.6999969482422,81.16812896728516,75.56620025634766,30.676759719848633,139.32899475097656,89.26148986816406,73.77581024169922
2011-09-12,73.6285171508789,89.83898162841797,31.47054672241211,176.6699981689453,80.8893051147461,75.64596557617188,30.77703285217285,139.3249969482422,89.83898162841797,73.6285171508789
2011-09-13,73.6552963256836,90.66293334960938,31.807682037353516,178.5399932861328,80.54073333740234,74.56940460205078,30.84946632385254,139.3280029296875,90.66293334960938,73.6552963256836
2011-09-14,73.66865539550781,91.91806030273438,32.2874641418457,177.2100067138672,80.4431381225586,75.20073699951172,31.050037384033203,139.34300231933594,91.91806030273438,73.66865539550781
2011-09-15,73.45436096191406,93.50434112548828,32.98767852783203,174.39999389648438,80.28280639648438,74.05097961425781,31.562618255615234,139.34300231933594,93.50434112548828,73.45436096191406
2011-09-16,73.5615234375,94.05773162841797,33.00064468383789,176.02999877929688,80.31068420410156,74.58929443359375,31.869049072265625,139.3459930419922,94.05773162841797,73.5615234375
2011-09-19,73.72225189208984,93.12117004394531,32.09295654296875,173.30999755859375,80.51287078857422,76.01144409179688,31.172605514526367,139.35000610351562,93.12117004394531,73.72225189208984
2011-09-20,73.86959075927734,93.01282501220703,32.22262954711914,175.77999877929688,80.86143493652344,76.33045959472656,31.155900955200195,139.35400390625,93.01282501220703,73.86959075927734
2011-09-21,73.99017333984375,90.2728500366211,31.26308822631836,173.58999633789062,81.0008544921875,78.85575866699219,29.51230239868164,139.36500549316406,90.2728500366211,73.99017333984375
2011-09-22,74.20442962646484,87.35482025146484,30.251670837402344,169.0500030517578,80.81260681152344,81.81961059570312,28.7935791015625,139.37399291992188,87.35482025146484,74.20442962646484
2011-09-23,73.82271575927734,87.88111877441406,30.59528350830078,159.8000030517578,80.34557342529297,80.29780578613281,29.005661010742188,139.3719940185547,87.88111877441406,73.82271575927734
2011-09-26,73.6552963256836,89.97097778320312,31.22417449951172,157.5800018310547,79.96219635009766,79.0085678100586,29.410694122314453,139.3800048828125,89.97097778320312,73.6552963256836
2011-09-27,73.55484771728516,90.97715759277344,31.99570655822754,160.6300048828125,80.10856628417969,77.7990951538086,29.703237533569336,139.3780059814453,90.97715759277344,73.55484771728516
2011-09-28,73.49454498291016,89.11955261230469,31.451099395751953,156.22000122070312,80.07368469238281,77.7725601196289,28.94940757751465,139.38999938964844,89.11955261230469,73.49454498291016
2011-09-29,73.46778869628906,89.8238754272461,32.0670280456543,157.6999969482422,79.8227767944336,78.31080627441406,29.39945411682129,139.3939971923828,89.8238754272461,73.46778869628906
2011-09-30,73.74236297607422,87.57926940917969,30.977806091308594,158.05999755859375,79.67637634277344,80.27789306640625,28.617494583129883,139.40199279785156,87.57926940917969,73.74236297607422
2011-10-03,74.04364013671875,85.08692932128906,30.160892486572266,160.9600067138672,80.46037292480469,82.48714447021484,27.26734161376953,139.41099548339844,85.08692932128906,74.04364013671875
2011-10-04,73.81546783447266,86.95232391357422,30.666608810424805,157.63999938964844,80.51625061035156,81.44117736816406,28.341840744018555,139.41000366210938,86.95232391357422,73.81546783447266
2011-10-05,73.56718444824219,88.562255859375,31.1398983001709,159.4600067138672,80.46037292480469,80.85485076904297,28.099931716918945,139.4239959716797,88.562255859375,73.56718444824219
2011-10-06,73.44646453857422,90.16446685791016,31.97626495361328,160.49000549316406,80.45342254638672,79.36249542236328,28.870649337768555,139.42799377441406,90.16446685791016,73.44646453857422
2011-10-07,73.29875946044922,89.56075286865234,31.755821228027344,159.17999267578125,80.18115234375,78.77618408203125,28.06618881225586,139.42999267578125,89.56075286865234,73.29875946044922
2011-10-10,73.15116119384766,92.55615997314453,32.96822738647461,163.27000427246094,79.62960052490234,77.66360473632812,29.466960906982422,139.42599487304688,92.55615997314453,73.15116119384766
2011-10-11,73.32561492919922,92.6490478515625,32.90987014770508,162.10000610351562,79.8180923461914,77.40374755859375,28.88190460205078,139.4340057373047,92.6490478515625,73.32561492919922
2011-10-12,73.18468475341797,93.46173858642578,33.389644622802734,163.25999450683594,79.48299407958984,76.27777862548828,29.354448318481445,139.4429931640625,93.46173858642578,73.18468475341797
2011-10-13,73.22498321533203,93.2759780883789,33.402618408203125,162.3000030517578,79.53182983398438,77.03734588623047,29.16318130493164,139.4459991455078,93.2759780883789,73.22498321533203
2011-10-14,73.1041488647461,94.87045288085938,33.79161834716797,163.39999389648438,79.41316223144531,75.91800689697266,29.83826446533203,139.45199584960938,94.87045288085938,73.1041488647461
2011-10-17,73.39270782470703,93.05927276611328,33.01361083984375,162.6199951171875,79.7134017944336,77.23046875,29.19130516052246,139.45399475097656,93.05927276611328,73.39270782470703
2011-10-18,73.31221771240234,94.87818908691406,33.48690414428711,161.83999633789062,80.09735107421875,76.75080108642578,30.220783233642578,139.45199584960938,94.87818908691406,73.31221771240234
2011-10-19,73.41963195800781,93.75585174560547,32.88394546508789,159.8699951171875,79.9716796875,76.72415924072266,29.87199592590332,139.4669952392578,93.75585174560547,73.41963195800781
2011-10-20,73.37934875488281,94.16609954833984,32.96822738647461,157.77000427246094,79.98567199707031,76.1778335571289,30.040782928466797,139.47000122070312,94.16609954833984,73.37934875488281
2011-10-21,73.41963195800781,95.95404052734375,33.765689849853516,159.52000427246094,79.90184020996094,75.37167358398438,31.0308895111084,139.47000122070312,95.95404052734375,73.41963195800781
2011-10-24,73.30547332763672,97.13055419921875,34.271400451660156,161.02000427246094,80.13922119140625,75.49828338623047,31.80158233642578,139.47000122070312,97.13055419921875,73.30547332763672
2011-10-25,73.68131256103516,95.24198913574219,33.681396484375,165.58999633789062,80.8582992553711,77.4170913696289,31.284034729003906,139.47300720214844,95.24198913574219,73.68131256103516
2011-10-26,73.47998046875,96.2094955444336,34.141727447509766,167.39999389648438,80.78848266601562,76.0645980834961,31.51469612121582,139.48300170898438,96.2094955444336,73.47998046875
2011-10-27,73.1981430053711,99.56095123291016,36.02840805053711,169.5500030517578,80.32774353027344,73.4862289428711,33.0111083984375,139.48599243164062,99.56095123291016,73.1981430053711
2011-10-28,73.4866714477539,99.53773498535156,35.8209342956543,169.6199951171875,80.60697174072266,74.25908660888672,33.07860565185547,139.48899841308594,99.53773498535156,73.4866714477539
2011-10-31,73.8355941772461,97.13826751708984,33.96018981933594,167.33999633789062,81.32606506347656,77.20392608642578,32.70732116699219,139.49099731445312,97.13826751708984,73.8355941772461
2011-11-01,74.19017791748047,94.42926025390625,32.89691162109375,167.3800048828125,82.32050323486328,79.78819274902344,31.65532684326172,139.5,94.42926025390625,74.19017791748047
2011-11-02,74.19017791748047,95.96955871582031,33.17569351196289,169.05999755859375,82.34851837158203,78.79297637939453,32.26288986206055,139.50799560546875,95.96955871582031,74.19017791748047
2011-11-03,74.02869415283203,97.71884155273438,34.012046813964844,171.72000122070312,81.77425384521484,77.71088409423828,32.70732116699219,139.50599670410156,97.71884155273438,74.02869415283203
2011-11-04,74.008544921875,97.12281799316406,33.58414077758789,170.85000610351562,82.21548461914062,77.80438232421875,32.44291687011719,139.51400756835938,97.12281799316406,74.008544921875
2011-11-07,74.06910705566406,97.72654724121094,33.7267951965332,174.97999572753906,82.62859344482422,78.29869079589844,32.44854736328125,139.51600646972656,97.72654724121094,74.06910705566406
2011-11-08,73.96817016601562,98.98043823242188,34.13523864746094,173.52999877929688,82.08238220214844,77.29674530029297,32.87046813964844,139.51300048828125,98.98043823242188,73.96817016601562
2011-11-09,74.09599304199219,95.32711791992188,32.38471603393555,172.07000732421875,82.06842803955078,78.89981842041016,31.368425369262695,139.5290069580078,95.32711791992188,74.09599304199219
2011-11-10,73.9547119140625,96.22494506835938,32.76723098754883,171.13999938964844,82.22947692871094,77.72420501708984,31.362791061401367,139.531005859375,96.22494506835938,73.9547119140625
2011-11-11,73.86723327636719,98.03616333007812,33.58414077758789,173.9600067138672,81.97732543945312,77.24994659423828,32.20663070678711,139.5330047607422,98.03616333007812,73.86723327636719
2011-11-14,73.92781066894531,97.10734558105469,32.98767852783203,173.1999969482422,82.08941650390625,78.49237823486328,31.61031723022461,139.53399658203125,97.10734558105469,73.92781066894531
2011-11-15,73.8336181640625,97.58721923828125,32.89691162109375,173.36000061035156,81.77425384521484,78.38548278808594,31.846599578857422,139.53599548339844,97.58721923828125,73.8336181640625
2011-11-16,73.80673217773438,96.03923034667969,32.26801300048828,171.50999450683594,81.54317474365234,79.10025024414062,31.54281234741211,139.5399932861328,96.03923034667969,73.80673217773438
2011-11-17,73.76634979248047,94.514404296875,31.91790008544922,167.10000610351562,81.5361557006836,79.73474884033203,30.963382720947266,139.54100036621094,94.514404296875,73.76634979248047
2011-11-18,73.75286102294922,94.4137954711914,32.02812576293945,167.6199951171875,81.5571517944336,79.7147445678711,31.16026496887207,139.54800415039062,94.4137954711914,73.75286102294922
2011-11-21,73.73941040039062,92.61808013916016,31.21770477294922,163.5,81.41010284423828,80.18896484375,30.3726863861084,139.5500030517578,92.61808013916016,73.73941040039062
2011-11-22,73.7932357788086,92.25428771972656,31.126924514770508,165.30999755859375,81.66220092773438,81.08406829833984,30.232053756713867,139.5469970703125,92.25428771972656,73.7932357788086
2011-11-23,73.86051940917969,90.2186508178711,30.271116256713867,164.8300018310547,82.0053482055664,81.87896728515625,29.320695877075195,139.5540008544922,90.2186508178711,73.86051940917969
2011-11-24,73.86051940917969,90.2186508178711,30.271116256713867,164.8300018310547,82.0053482055664,81.87896728515625,29.320695877075195,139.5570068359375,90.2186508178711,73.86051940917969
2011-11-25,73.75956726074219,90.04834747314453,30.115514755249023,163.39999389648438,81.7462387084961,80.68998718261719,29.450084686279297,139.5590057373047,90.04834747314453,73.75956726074219
2011-11-28,73.75286102294922,92.65678405761719,31.399234771728516,166.6300048828125,82.01233673095703,80.64990997314453,30.108291625976562,139.56100463867188,92.65678405761719,73.75286102294922
2011-11-29,73.77978515625,92.9199447631836,31.606708526611328,166.8800048828125,81.99134826660156,79.98859405517578,30.063282012939453,139.56300354003906,92.9199447631836,73.77978515625
2011-11-30,73.59136962890625,96.74354553222656,33.22108459472656,170.1300048828125,81.75326538085938,78.739501953125,31.46405029296875,139.57000732421875,96.74354553222656,73.59136962890625
2011-12-01,73.61714172363281,96.72805786132812,32.93581008911133,169.6300048828125,81.72590637207031,78.34444427490234,31.205270767211914,139.57400512695312,96.72805786132812,73.61714172363281
2011-12-02,73.80647277832031,96.64293670654297,32.9293212890625,169.82000732421875,82.0978012084961,79.44259643554688,31.17715072631836,139.58099365234375,96.64293670654297,73.80647277832031
2011-12-05,73.88763427734375,97.69558715820312,33.30535125732422,167.32000732421875,82.08372497558594,79.28190612792969,31.441558837890625,139.57699584960938,97.69558715820312,73.88763427734375
2011-12-06,73.8199691772461,97.72654724121094,33.149757385253906,168.17999267578125,81.88026428222656,78.52523803710938,31.39093589782715,139.58399963378906,97.72654724121094,73.8199691772461
2011-12-07,73.95527648925781,98.0903549194336,33.3831672668457,169.39999389648438,81.73993682861328,78.80648040771484,31.734085083007812,139.58700561523438,98.0903549194336,73.95527648925781
2011-12-08,74.02971649169922,95.93859100341797,32.2874641418457,165.97999572753906,81.7750244140625,79.79078674316406,31.014001846313477,139.59500122070312,95.93859100341797,74.02971649169922
2011-12-09,73.98910522460938,97.56402587890625,33.09141159057617,166.39999389648438,81.3399429321289,78.15025329589844,31.6947078704834,139.59100341796875,97.56402587890625,73.98910522460938
2011-12-12,74.00939178466797,96.13983154296875,32.12537384033203,161.99000549316406,81.71883392333984,79.02078247070312,31.132139205932617,139.5919952392578,96.13983154296875,74.00939178466797
2011-12-13,74.15819549560547,95.24198913574219,31.690988540649414,158.4499969482422,81.94344329833984,79.75733947753906,30.76648712158203,139.593994140625,95.24198913574219,74.15819549560547
2011-12-14,74.34087371826172,94.22802734375,31.314958572387695,152.88999938964844,82.10482025146484,81.26395416259766,30.94649887084961,139.61199951171875,94.22802734375,74.34087371826172
2011-12-15,74.18527221679688,94.56857299804688,31.47054672241211,152.3300018310547,81.90132904052734,80.96260833740234,31.46405029296875,139.60299682617188,94.56857299804688,74.18527221679688
2011-12-16,74.43551635742188,94.70878601074219,31.340885162353516,155.22999572753906,82.08372497558594,81.90674591064453,31.812841415405273,139.60499572753906,94.70878601074219,74.43551635742188
2011-12-19,74.5098876953125,93.69620513916016,31.049137115478516,154.8699951171875,82.41356658935547,82.94468688964844,31.537195205688477,139.60499572753906,93.69620513916016,74.5098876953125
2011-12-20,74.40847778320312,96.53145599365234,32.14423370361328,156.97999572753906,82.46270751953125,80.87554931640625,32.49354553222656,139.60699462890625,96.53145599365234,74.40847778320312
2011-12-21,74.21905517578125,96.71839141845703,31.973636627197266,157.16000366210938,82.13993072509766,79.7506332397461,32.482295989990234,139.61500549316406,96.71839141845703,74.21905517578125
2011-12-22,74.33406829833984,97.57520294189453,32.26233673095703,156.0399932861328,82.0978012084961,80.0854721069336,32.949222564697266,139.6219940185547,97.57520294189453,74.33406829833984
2011-12-23,74.24609375,98.44761657714844,32.48542022705078,156.30999755859375,81.9995346069336,79.19487762451172,33.09255599975586,139.6179962158203,98.44761657714844,74.24609375
2011-12-27,74.38007354736328,98.52549743652344,32.34107971191406,154.91000366210938,81.7750244140625,79.57102966308594,33.24043273925781,139.61599731445312,98.52549743652344,74.38007354736328
2011-12-28,74.5086669921875,97.23249053955078,31.75710105895996,151.02999877929688,81.98551940917969,81.0422134399414,32.84227752685547,139.6199951171875,97.23249053955078,74.5086669921875
2011-12-29,74.68447875976562,98.23728942871094,32.34107971191406,150.33999633789062,81.91533660888672,81.19002532958984,33.132362365722656,139.62100219726562,98.23728942871094,74.68447875976562
