Date,AGGH.MI,CSPX.L,EFA,GLD,TIP,TLT,VNQ,XEON.MI,SPY,AGG,BIL
2007-05-30,55.66572189331055,108.04219818115234,45.78089141845703,64.72000122070312,56.8397216796875,47.955238342285156,35.770790100097656,70.79456329345703,108.04219818115234,55.66572189331055,70.79456329345703
2007-05-31,55.54253005981445,107.9295654296875,46.00801086425781,65.54000091552734,56.87400817871094,47.866546630859375,35.626407623291016,70.79456329345703,107.9295654296875,55.54253005981445,70.79456329345703
2007-06-01,55.48514175415039,108.46453857421875,46.3089485168457,66.44000244140625,56.68306350708008,47.61516571044922,35.67604064941406,70.81006622314453,108.46453857421875,55.48514175415039,70.81006622314453
2007-06-04,55.55264663696289,108.4786376953125,46.433860778808594,66.54000091552734,56.83213424682617,47.83210372924805,35.820457458496094,70.82547760009766,108.4786376953125,55.55264663696289,70.82547760009766
2007-06-05,55.39509963989258,108.04920959472656,46.19538879394531,66.37000274658203,56.625709533691406,47.53169631958008,35.251869201660156,70.82547760009766,108.04920959472656,55.39509963989258,70.82547760009766
2007-06-06,55.41765594482422,106.8876953125,45.53107833862305,66.41000366210938,56.67155838012695,47.50942611694336,35.012691497802734,70.85641479492188,106.8876953125,55.41765594482422,70.85641479492188
2007-06-07,55.03510665893555,104.95892333984375,44.753204345703125,65.26000213623047,56.17841339111328,46.65827560424805,33.91165542602539,70.84100341796875,104.95892333984375,55.03510665893555,70.84100341796875
2007-06-08,54.96757507324219,106.32454681396484,45.24150466918945,64.22000122070312,56.28163146972656,46.61930465698242,34.31776428222656,70.85641479492188,106.32454681396484,54.96757507324219,70.85641479492188
2007-06-11,55.00695037841797,106.50759887695312,45.394798278808594,64.69999694824219,56.16120147705078,46.485809326171875,33.80333709716797,70.88731384277344,106.50759887695312,55.00695037841797,70.88731384277344
2007-06-12,54.68068313598633,105.3460464477539,44.58855056762695,64.0999984741211,55.81143569946289,45.81266784667969,33.21671676635742,70.82547760009766,105.3460464477539,54.68068313598633,70.82547760009766
2007-06-13,54.76504898071289,106.92294311523438,45.16768264770508,64.52999877929688,56.01789093017578,46.35786437988281,33.95225524902344,70.88731384277344,106.92294311523438,54.76504898071289,70.88731384277344
2007-06-14,54.87195587158203,107.60574340820312,45.502681732177734,64.5999984741211,56.05228805541992,46.24102020263672,33.58674240112305,70.91825103759766,107.60574340820312,54.87195587158203,70.91825103759766
2007-06-15,55.06884765625,108.21796417236328,45.87174606323242,64.8499984741211,56.21855163574219,46.55814743041992,33.956756591796875,70.98006439208984,108.21796417236328,55.06884765625,70.98006439208984
2007-06-18,55.108192443847656,108.09076690673828,46.12724685668945,64.94999694824219,56.172691345214844,46.46355056762695,33.43330764770508,70.99555206298828,108.09076690673828,55.108192443847656,70.99555206298828
2007-06-19,55.2825813293457,108.35941314697266,46.172664642333984,65.4800033569336,56.47086715698242,46.89747619628906,33.49649429321289,70.99555206298828,108.35941314697266,55.2825813293457,70.99555206298828
2007-06-20,55.11384201049805,106.85354614257812,45.62759780883789,64.70999908447266,56.2586784362793,46.5191764831543,32.49020004272461,71.010986328125,106.85354614257812,55.11384201049805,71.010986328125
2007-06-21,55.04630661010742,107.44735717773438,46.04206848144531,64.55999755859375,56.23573684692383,46.29667282104492,32.670692443847656,71.010986328125,107.44735717773438,55.04630661010742,71.010986328125
2007-06-22,55.17570495605469,106.43638610839844,45.40615463256836,64.77999877929688,56.46513366699219,46.5970573425293,32.548866271972656,71.07279205322266,106.43638610839844,55.17570495605469,71.07279205322266
2007-06-25,55.2263298034668,105.92736053466797,45.394798278808594,64.43000030517578,56.597007751464844,46.85300064086914,32.01519775390625,71.04193115234375,105.92736053466797,55.2263298034668,71.04193115234375
2007-06-26,55.15882873535156,104.83860778808594,45.16768264770508,63.619998931884766,56.482330322265625,46.864105224609375,31.8918399810791,71.05735778808594,104.83860778808594,55.15882873535156,71.05735778808594
2007-06-27,55.265708923339844,106.33038330078125,45.49134063720703,63.66999816894531,56.51103973388672,46.90861129760742,32.709693908691406,71.04193115234375,106.33038330078125,55.265708923339844,71.04193115234375
2007-06-28,55.2263298034668,106.31621551513672,45.52540588378906,64.26000213623047,56.41925048828125,46.89747619628906,32.54064178466797,71.07279205322266,106.31621551513672,55.2263298034668,71.07279205322266
2007-06-29,55.333255767822266,106.35161590576172,45.86039352416992,64.2699966430664,56.751869201660156,47.3814811706543,32.41727828979492,71.10367584228516,106.35161590576172,55.333255767822266,71.10367584228516
2007-07-02,55.480682373046875,107.3130874633789,46.52471160888672,65.0199966430664,56.92289733886719,47.630577087402344,33.166595458984375,71.12393188476562,107.3130874633789,55.480682373046875,71.12393188476562
2007-07-03,55.418556213378906,107.701904296875,46.74614334106445,64.73999786376953,56.69249725341797,47.34014892578125,33.07521057128906,71.12393188476562,107.701904296875,55.418556213378906,71.12393188476562
2007-07-05,55.186920166015625,107.58882904052734,46.51335144042969,64.41999816894531,56.456382751464844,46.80965805053711,33.57324981689453,71.12393188476562,107.58882904052734,55.186920166015625,71.12393188476562
2007-07-06,55.090885162353516,108.15434265136719,46.848350524902344,64.95999908447266,56.33544158935547,46.61971664428711,33.5321159362793,71.15497589111328,108.15434265136719,55.090885162353516,71.15497589111328
2007-07-09,55.186920166015625,108.23921203613281,46.9619140625,65.37999725341797,56.51396179199219,46.787296295166016,33.50926208496094,71.17046356201172,108.23921203613281,55.186920166015625,71.17046356201172
2007-07-10,55.42417526245117,106.69796752929688,46.38843536376953,65.61000061035156,56.963218688964844,47.580299377441406,32.65943908691406,71.18598937988281,106.69796752929688,55.42417526245117,71.18598937988281
2007-07-11,55.299903869628906,107.4544677734375,46.82563400268555,65.44000244140625,56.71555709838867,47.08883285522461,32.595455169677734,71.18598937988281,107.4544677734375,55.299903869628906,71.18598937988281
2007-07-12,55.243408203125,109.15118408203125,47.47859573364258,66.0199966430664,56.52550506591797,46.9268684387207,33.01581573486328,71.2015609741211,109.15118408203125,55.243408203125,71.2015609741211
2007-07-13,55.31121063232422,109.4764175415039,47.44453048706055,66.02999877929688,56.61187744140625,47.05535125732422,33.33108901977539,71.217041015625,109.4764175415039,55.31121063232422,71.217041015625
2007-07-16,55.42417526245117,109.46226501464844,47.33665084838867,65.81999969482422,56.78467559814453,47.50767135620117,33.052364349365234,71.23258972167969,109.46226501464844,55.42417526245117,71.23258972167969
2007-07-17,55.322505950927734,109.40573120117188,47.17765808105469,65.75,56.73859786987305,47.40715789794922,32.933570861816406,71.26361846923828,109.40573120117188,55.322505950927734,71.26361846923828
2007-07-18,55.4637451171875,109.20777130126953,47.01301193237305,66.62000274658203,56.957462310791016,47.58585739135742,32.86046600341797,71.24810028076172,109.20777130126953,55.4637451171875,71.24810028076172
2007-07-19,55.4637451171875,109.63195037841797,47.27985382080078,67.01000213623047,57.02656936645508,47.574703216552734,32.98383331298828,71.26361846923828,109.63195037841797,55.4637451171875,71.26361846923828
2007-07-20,55.593666076660156,108.52201843261719,46.79155349731445,67.58000183105469,57.24545669555664,48.00473403930664,32.40813446044922,71.29469299316406,108.52201843261719,55.593666076660156,71.29469299316406
2007-07-23,55.55976867675781,108.85430145263672,47.07545852661133,67.47000122070312,57.12449264526367,47.9265251159668,31.846139907836914,71.29469299316406,108.85430145263672,55.55976867675781,71.29469299316406
2007-07-24,55.672767639160156,106.96662902832031,46.36573028564453,67.47000122070312,57.30305480957031,48.10519790649414,31.201919555664062,71.29469299316406,106.96662902832031,55.672767639160156,71.29469299316406
2007-07-25,55.6389045715332,107.18576049804688,46.24081039428711,66.9000015258789,57.47583770751953,48.200157165527344,30.863807678222656,71.31024932861328,107.18576049804688,55.6389045715332,71.31024932861328
2007-07-26,55.83665084838867,104.64771270751953,44.70210266113281,65.6500015258789,57.74650955200195,48.602256774902344,30.2972412109375,71.32576751708984,104.64771270751953,55.83665084838867,71.32576751708984
2007-07-27,55.78012466430664,102.5904312133789,44.08320999145508,65.41000366210938,57.83296203613281,48.741859436035156,29.292041778564453,71.35678100585938,102.5904312133789,55.78012466430664,71.35678100585938
2007-07-30,55.75183868408203,104.19526672363281,44.86674880981445,65.7699966430664,57.769569396972656,48.602256774902344,29.858606338500977,71.29469299316406,104.19526672363281,55.75183868408203,71.29469299316406
2007-07-31,55.927005767822266,103.02165985107422,44.80997085571289,65.79000091552734,58.05759811401367,48.9540901184082,29.739818572998047,71.38784790039062,103.02165985107422,55.927005767822266,71.38784790039062
2007-08-01,55.79710006713867,103.52361297607422,44.883792877197266,65.93000030517578,57.81747055053711,48.84812927246094,30.13274574279785,71.36446380615234,103.52361297607422,55.79710006713867,71.36446380615234
2007-08-02,55.768707275390625,104.35076141357422,45.020057678222656,65.88999938964844,57.84636688232422,48.971458435058594,30.63079071044922,71.38004302978516,104.35076141357422,55.768707275390625,71.38004302978516
2007-08-03,56.012672424316406,101.6642837524414,44.208126068115234,66.69000244140625,58.02570724487305,49.2966423034668,29.44739532470703,71.34886169433594,101.6642837524414,56.012672424316406,71.34886169433594
2007-08-06,55.9218864440918,103.3680419921875,44.69075012207031,66.5199966430664,57.64393997192383,48.937828063964844,30.475425720214844,71.42678833007812,103.3680419921875,55.9218864440918,71.42678833007812
2007-08-07,55.88220977783203,104.47102355957031,44.84404373168945,66.4800033569336,57.649715423583984,48.8985595703125,30.64449691772461,71.4424057006836,104.47102355957031,55.88220977783203,71.4424057006836
2007-08-08,55.81413269042969,105.92736053466797,45.57081985473633,66.7699966430664,57.43564987182617,48.3043212890625,31.85528564453125,71.4112319946289,105.92736053466797,55.81413269042969,71.4112319946289
2007-08-09,55.88220977783203,102.7883529663086,44.27058410644531,65.45999908447266,57.62078094482422,48.371585845947266,31.503467559814453,71.47359466552734,102.7883529663086,55.88220977783203,71.47359466552734
2007-08-10,55.6949348449707,102.3076171875,43.509727478027344,66.56999969482422,57.49348831176758,48.25944900512695,30.553102493286133,71.52033233642578,102.3076171875,55.6949348449707,71.52033233642578
2007-08-13,55.79710006713867,102.67520904541016,43.59490966796875,66.26000213623047,57.748069763183594,48.39960861206055,30.40690803527832,71.53594970703125,102.67520904541016,55.79710006713867,71.53594970703125
2007-08-14,55.950313568115234,101.10575103759766,43.17474365234375,66.29000091552734,57.81747055053711,48.528526306152344,29.534221649169922,71.52033233642578,101.10575103759766,55.950313568115234,71.52033233642578
2007-08-15,56.02405548095703,99.71296691894531,42.16407775878906,66.12999725341797,57.81747055053711,48.35478210449219,29.03619956970215,71.53594970703125,99.71296691894531,56.02405548095703,71.53594970703125
2007-08-16,55.99004364013672,100.46234130859375,41.982391357421875,64.68000030517578,57.94471740722656,48.85371780395508,30.20128059387207,71.6294937133789,100.46234130859375,55.99004364013672,71.6294937133789
2007-08-17,56.114830017089844,102.3076171875,42.36848831176758,65.01000213623047,58.135677337646484,48.65748596191406,30.88664436340332,71.67623901367188,102.3076171875,56.114830017089844,71.67623901367188
2007-08-20,56.06378173828125,102.25818634033203,42.50474166870117,65.12000274658203,58.12989044189453,48.6855354309082,31.453205108642578,71.73857116699219,102.25818634033203,56.06378173828125,71.73857116699219
2007-08-21,56.32482147216797,102.4631576538086,42.476348876953125,65.06999969482422,58.3323974609375,48.92100143432617,31.59941864013672,71.72299194335938,102.4631576538086,56.32482147216797,71.72299194335938
2007-08-22,56.279422760009766,103.67914581298828,43.48134994506836,65.4000015258789,58.199310302734375,48.84251403808594,31.983213424682617,71.72299194335938,103.67914581298828,56.279422760009766,71.72299194335938
2007-08-23,56.347503662109375,103.5872573852539,43.674400329589844,65.30999755859375,58.22825622558594,49.01069641113281,31.434932708740234,71.67623901367188,103.5872573852539,56.347503662109375,71.67623901367188
2007-08-24,56.20567321777344,104.86686706542969,44.43524932861328,66.11000061035156,58.303443908691406,49.25175476074219,31.603979110717773,71.6606674194336,104.86686706542969,56.20567321777344,71.6606674194336
2007-08-27,56.375858306884766,103.8912582397461,43.96397018432617,65.9800033569336,58.372886657714844,49.5096435546875,30.91863250732422,71.56712341308594,103.8912582397461,56.375858306884766,71.56712341308594
2007-08-28,56.60286331176758,101.60772705078125,43.07822036743164,65.58999633789062,58.546443939208984,49.59378433227539,29.97283363342285,71.64505004882812,101.60772705078125,56.60286331176758,71.64505004882812
2007-08-29,56.4893798828125,103.60142517089844,44.06617736816406,66.06999969482422,58.303443908691406,49.45922088623047,31.06939697265625,71.69181060791016,103.60142517089844,56.4893798828125,71.69181060791016
2007-08-30,56.608558654785156,103.32565307617188,43.759578704833984,65.80000305175781,58.558006286621094,49.789955139160156,31.22931480407715,71.70742797851562,103.32565307617188,56.608558654785156,71.70742797851562
2007-08-31,56.64259338378906,104.34371948242188,44.52608871459961,66.5199966430664,58.53483963012695,49.8292350769043,31.745643615722656,71.69181060791016,104.34371948242188,56.64259338378906,71.69181060791016
2007-09-04,56.579307556152344,105.39712524414062,44.934898376464844,67.44000244140625,58.58133316040039,49.85287857055664,32.16598129272461,71.70271301269531,105.39712524414062,56.579307556152344,71.70271301269531
2007-09-05,56.76169204711914,104.48515319824219,44.28193664550781,67.55999755859375,58.85438919067383,50.25255584716797,31.393814086914062,71.71844482421875,104.48515319824219,56.76169204711914,71.71844482421875
2007-09-06,56.750282287597656,104.72550964355469,44.446590423583984,68.86000061035156,58.72662353515625,50.123085021972656,31.67251205444336,71.71844482421875,104.72550964355469,56.750282287597656,71.71844482421875
2007-09-07,57.1036262512207,103.2691421508789,43.907203674316406,69.38999938964844,59.40060806274414,50.83237075805664,30.90949058532715,71.7653579711914,103.2691421508789,57.1036262512207,71.7653579711914
2007-09-10,57.240413665771484,103.07117462158203,43.72549819946289,69.62000274658203,59.62141036987305,51.226409912109375,30.589651107788086,71.78097534179688,103.07117462158203,57.240413665771484,71.78097534179688
2007-09-11,57.13782501220703,104.27305603027344,44.48067092895508,70.5199966430664,59.62141036987305,51.18699645996094,31.22475242614746,71.70271301269531,104.27305603027344,57.13782501220703,71.70271301269531
2007-09-12,57.05803680419922,104.54164123535156,44.52608871459961,70.45999908447266,59.598167419433594,50.99559783935547,31.0419979095459,71.81233978271484,104.54164123535156,57.05803680419922,71.81233978271484
2007-09-13,56.892784118652344,105.27698516845703,44.71343994140625,70.08000183105469,59.28436279296875,50.53961944580078,31.741064071655273,71.79667663574219,105.27698516845703,56.892784118652344,71.79667663574219
2007-09-14,56.93262481689453,105.26986694335938,44.452266693115234,69.98999786376953,59.3831672668457,50.61283493041992,31.946666717529297,71.84363555908203,105.26986694335938,56.93262481689453,71.84363555908203
2007-09-17,56.9554443359375,104.70428466796875,43.82770919799805,70.97000122070312,59.598167419433594,50.85489273071289,31.713634490966797,71.8749008178711,104.70428466796875,56.9554443359375,71.8749008178711
2007-09-18,57.07513427734375,107.78673553466797,45.252838134765625,71.69999694824219,59.638858795166016,50.472110748291016,32.842193603515625,71.82797241210938,107.78673553466797,57.07513427734375,71.82797241210938
2007-09-19,57.06377029418945,108.42303466796875,45.66166687011719,71.43000030517578,59.470306396484375,50.00486373901367,33.459014892578125,71.8592300415039,108.42303466796875,57.06377029418945,71.8592300415039
2007-09-20,56.659088134765625,107.65947723388672,45.621925354003906,72.72000122070312,58.80216598510742,49.059120178222656,32.590911865234375,71.81233978271484,107.65947723388672,56.659088134765625,71.81233978271484
2007-09-21,56.82435989379883,107.95001220703125,45.82064437866211,72.33999633789062,59.0345458984375,49.47571563720703,32.82392501831055,71.84363555908203,107.95001220703125,56.82435989379883,71.84363555908203
2007-09-24,56.830074310302734,107.75115966796875,45.92283630371094,72.27999877929688,58.94156265258789,49.616432189941406,33.44620895385742,71.90625762939453,107.75115966796875,56.830074310302734,71.90625762939453
2007-09-25,56.87567138671875,107.53800201416016,45.979637145996094,72.33000183105469,58.83119583129883,49.441898345947266,32.61525344848633,71.92189025878906,107.53800201416016,56.87567138671875,71.92189025878906
2007-09-26,56.81868362426758,108.10625457763672,46.20674133300781,72.0,58.889305114746094,49.48697280883789,33.09074020385742,71.84363555908203,108.10625457763672,56.81868362426758,71.84363555908203
2007-09-27,56.91552734375,108.74557495117188,46.8199577331543,72.69999694824219,59.23793029785156,49.83034133911133,33.34466552734375,71.8592300415039,108.74557495117188,56.91552734375,71.8592300415039
2007-09-28,57.00102233886719,108.38333892822266,46.89377975463867,73.51000213623047,59.28436279296875,49.94296646118164,32.98918914794922,71.82797241210938,108.38333892822266,57.00102233886719,71.82797241210938
2007-10-01,56.80875778198242,109.60511016845703,47.49563217163086,73.9000015258789,59.415672302246094,50.228309631347656,33.792442321777344,71.90653228759766,109.60511016845703,56.80875778198242,71.90653228759766
2007-10-02,57.02625274658203,109.4559097290039,47.37640380859375,72.3499984741211,59.47402572631836,50.3865966796875,34.406436920166016,71.8593521118164,109.4559097290039,57.02625274658203,71.8593521118164
2007-10-03,57.054832458496094,109.2356948852539,47.160621643066406,71.9000015258789,59.36311721801758,50.239646911621094,34.24024963378906,71.87507629394531,109.2356948852539,57.054832458496094,71.87507629394531
2007-10-04,57.03193664550781,109.4062271118164,47.32528305053711,72.87000274658203,59.450687408447266,50.43178176879883,34.59109115600586,71.95357513427734,109.4062271118164,57.03193664550781,71.95357513427734
2007-10-05,56.57986831665039,110.70614624023438,47.807918548583984,73.4000015258789,59.1005973815918,49.889244079589844,35.403594970703125,71.87507629394531,110.70614624023438,56.57986831665039,71.87507629394531
2007-10-08,57.02625274658203,110.11656951904297,47.36503219604492,72.52999877929688,59.20565414428711,49.84968185424805,34.73421096801758,71.98499298095703,110.11656951904297,57.02625274658203,71.98499298095703
2007-10-09,56.906036376953125,111.15359497070312,47.8930778503418,73.08999633789062,59.001461029052734,49.78754806518555,35.12199020385742,71.93791961669922,111.15359497070312,56.906036376953125,71.93791961669922
2007-10-10,56.98041534423828,110.96893310546875,47.8022346496582,73.36000061035156,59.04228973388672,49.815792083740234,34.877315521240234,72.00071716308594,110.96893310546875,56.98041534423828,72.00071716308594
2007-10-11,57.020538330078125,110.4361801147461,48.0236701965332,73.91000366210938,58.943050384521484,49.76492691040039,34.73881912231445,71.98499298095703,110.4361801147461,57.020538330078125,71.98499298095703
2007-10-12,56.91179275512695,111.047119140625,48.233768463134766,74.58999633789062,58.86729049682617,49.52191162109375,34.411041259765625,72.00071716308594,111.047119140625,56.91179275512695,72.00071716308594
2007-10-15,56.92890930175781,110.10942840576172,47.84198760986328,75.13999938964844,58.86729049682617,49.533226013183594,33.76475524902344,71.96932983398438,110.10942840576172,56.92890930175781,71.96932983398438
2007-10-16,57.020538330078125,109.2356948852539,47.10384750366211,75.12000274658203,59.03647994995117,49.550167083740234,33.35387420654297,72.01640319824219,109.2356948852539,57.020538330078125,72.01640319824219
2007-10-17,57.215084075927734,109.56957244873047,47.60350036621094,74.5,59.392333984375,50.09272003173828,33.3030891418457,72.04778289794922,109.56957244873047,57.215084075927734,72.04778289794922
2007-10-18,57.38105010986328,109.1717300415039,47.7170524597168,76.0,59.56736373901367,50.36961364746094,33.31233215332031,72.04778289794922,109.1717300415039,57.38105010986328,72.04778289794922
2007-10-19,57.64432907104492,106.31624603271484,46.666664123535156,75.69999694824219,60.07492446899414,51.1212158203125,31.895082473754883,72.1106185913086,106.31624603271484,57.64432907104492,72.1106185913086
2007-10-22,57.62709045410156,106.9342269897461,46.6098747253418,74.5999984741211,59.929115295410156,51.12687683105469,32.73067092895508,72.07923126220703,106.9342269897461,57.62709045410156,72.07923126220703
2007-10-23,57.609928131103516,107.80086517333984,47.26851272583008,75.2300033569336,59.952415466308594,51.0590934753418,33.076900482177734,72.07923126220703,107.80086517333984,57.609928131103516,72.07923126220703
2007-10-24,57.86170196533203,107.60196685791016,47.16630554199219,75.5199966430664,60.179901123046875,51.43769073486328,32.522911071777344,72.1106185913086,107.60196685791016,57.86170196533203,72.1106185913086
2007-10-25,57.71294403076172,107.85762023925781,47.38205337524414,76.02999877929688,60.34910202026367,51.262535095214844,32.592166900634766,72.09490203857422,107.85762023925781,57.71294403076172,72.09490203857422
2007-10-26,57.66141891479492,109.12210083007812,48.23944091796875,77.69000244140625,60.2966194152832,51.14379119873047,33.086124420166016,72.06355285644531,109.12210083007812,57.66141891479492,72.06355285644531
2007-10-29,57.66141891479492,109.48429107666016,48.591461181640625,78.12000274658203,60.559207916259766,51.34164047241211,32.5460090637207,72.1263656616211,109.48429107666016,57.66141891479492,72.1263656616211
2007-10-30,57.7358283996582,108.72430419921875,48.20535659790039,77.3499984741211,60.26160430908203,51.31336212158203,32.993804931640625,72.09490203857422,108.72430419921875,57.7358283996582,72.09490203857422
2007-10-31,57.575645446777344,109.85371398925781,48.8867073059082,78.62000274658203,59.975738525390625,50.8499641418457,33.68165969848633,72.1106185913086,109.85371398925781,57.575645446777344,72.1106185913086
2007-11-01,57.71753692626953,107.28227996826172,47.859012603759766,77.93000030517578,60.52585220336914,51.51067352294922,32.10743713378906,72.1594467163086,107.28227996826172,57.71753692626953,72.1594467163086
2007-11-02,57.780731201171875,107.4030532836914,48.125877380371094,79.83000183105469,60.865352630615234,51.67526626586914,31.65040397644043,72.20677947998047,107.4030532836914,57.780731201171875,72.20677947998047
2007-11-05,57.72901916503906,106.58615112304688,47.35934829711914,79.75,60.894569396972656,51.65256881713867,31.193389892578125,72.20677947998047,106.58615112304688,57.72901916503906,72.20677947998047
2007-11-06,57.65428924560547,108.02104949951172,48.074764251708984,81.43000030517578,60.900447845458984,51.4028205871582,31.585777282714844,72.20677947998047,108.02104949951172,57.65428924560547,72.20677947998047
2007-11-07,57.66580581665039,105.06607055664062,47.2401237487793,82.23999786376953,60.93553924560547,51.49362564086914,30.60248565673828,72.25396728515625,105.06607055664062,57.66580581665039,72.25396728515625
2007-11-08,57.72330093383789,104.53327178955078,47.32528305053711,82.2300033569336,61.12283706665039,51.4028205871582,30.694807052612305,72.20677947998047,104.53327178955078,57.72330093383789,72.20677947998047
2007-11-09,57.92440414428711,103.09842681884766,46.405452728271484,82.18000030517578,61.6554069519043,51.83988952636719,30.445507049560547,72.2697525024414,103.09842681884766,57.92440414428711,72.2697525024414
2007-11-12,57.843955993652344,102.07550811767578,45.644630432128906,78.30000305175781,61.85440444946289,52.027156829833984,30.796371459960938,72.30130004882812,102.07550811767578,57.843955993652344,72.30130004882812
2007-11-13,57.84970474243164,105.18681335449219,46.871070861816406,79.12000274658203,61.26331329345703,51.83422088623047,31.816614151000977,72.28548431396484,105.18681335449219,57.84970474243164,72.28548431396484
2007-11-14,57.82674789428711,104.89556884765625,46.79724884033203,80.27999877929688,61.269126892089844,51.89093780517578,31.170286178588867,72.25396728515625,104.89556884765625,57.82674789428711,72.25396728515625
2007-11-15,58.073848724365234,103.38253021240234,46.02504348754883,77.94999694824219,61.39784622192383,52.3791389465332,31.114900588989258,72.30130004882812,103.38253021240234,58.073848724365234,72.30130004882812
2007-11-16,58.033573150634766,103.56016540527344,46.172664642333984,77.75,61.520782470703125,52.452919006347656,30.53323745727539,72.30130004882812,103.56016540527344,58.033573150634766,72.30130004882812
2007-11-19,58.159996032714844,102.11810302734375,44.95192337036133,77.23999786376953,62.02411651611328,52.79347229003906,29.86846160888672,72.33277893066406,102.11810302734375,58.159996032714844,72.33277893066406
2007-11-20,58.039390563964844,102.74324035644531,45.956932067871094,79.47000122070312,61.95977020263672,52.73672103881836,29.291397094726562,72.34856414794922,102.74324035644531,58.039390563964844,72.34856414794922
2007-11-21,58.481807708740234,100.6406478881836,44.91786193847656,79.36000061035156,62.48057556152344,53.04324722290039,29.08827018737793,72.3800277709961,100.6406478881836,58.481807708740234,72.3800277709961
2007-11-23,58.182987213134766,102.3809585571289,46.04776382446289,81.25,62.43960189819336,53.202152252197266,29.66071891784668,72.39579772949219,102.3809585571289,58.182987213134766,72.39579772949219
2007-11-26,58.711669921875,100.1220703125,45.32666778564453,81.30000305175781,63.14778137207031,54.25221633911133,28.238853454589844,72.34856414794922,100.1220703125,58.711669921875,72.34856414794922
2007-11-27,58.47030258178711,101.2728500366211,45.939876556396484,80.0999984741211,62.580081939697266,53.73570251464844,28.899005889892578,72.41157531738281,101.2728500366211,58.47030258178711,72.41157531738281
2007-11-28,58.32665252685547,104.51195526123047,47.24580001831055,79.56999969482422,62.11186981201172,53.37241744995117,30.168519973754883,72.42733001708984,104.51195526123047,58.32665252685547,72.42733001708984
2007-11-29,58.493309020996094,104.54751586914062,46.859718322753906,78.27999877929688,62.492340087890625,53.832176208496094,29.68380355834961,72.3800277709961,104.54751586914062,58.493309020996094,72.3800277709961
2007-11-30,58.613975524902344,105.59880828857422,47.115211486816406,77.31999969482422,62.44546890258789,53.57109451293945,30.491680145263672,72.39579772949219,105.59880828857422,58.613975524902344,72.39579772949219
2007-12-03,58.92376708984375,104.90261840820312,46.93920135498047,78.27999877929688,62.65406799316406,53.996246337890625,30.16391372680664,72.37840270996094,104.90261840820312,58.92376708984375,72.37840270996094
2007-12-04,58.698760986328125,103.96501922607422,46.64394760131836,79.4000015258789,62.54243087768555,53.99054718017578,29.351417541503906,72.39424133300781,103.96501922607422,58.698760986328125,72.39424133300781
2007-12-05,58.58915710449219,105.70536041259766,47.18334197998047,78.62999725341797,61.878475189208984,53.34659194946289,30.339338302612305,72.39424133300781,105.70536041259766,58.58915710449219,72.39424133300781
2007-12-06,58.52571105957031,107.2184066772461,47.63189697265625,79.37000274658203,61.690372467041016,52.87928009033203,31.304170608520508,72.41000366210938,107.2184066772461,58.52571105957031,72.41000366210938
2007-12-07,58.191097259521484,107.19705963134766,47.44453048706055,78.5999984741211,61.3731575012207,52.28659439086914,31.193389892578125,72.47323608398438,107.19705963134766,58.191097259521484,72.47323608398438
2007-12-10,58.075706481933594,108.02810668945312,47.93281173706055,80.0,61.29087829589844,51.97312927246094,31.862768173217773,72.42583465576172,108.02810668945312,58.075706481933594,72.42583465576172
2007-12-11,58.35837173461914,105.06607055664062,46.68370056152344,78.83999633789062,61.9606819152832,52.99326705932617,30.182376861572266,72.52061462402344,105.06607055664062,58.35837173461914,72.52061462402344
2007-12-12,58.30076217651367,106.10315704345703,47.620548248291016,80.48999786376953,61.71981430053711,52.446170806884766,30.080821990966797,72.5048599243164,106.10315704345703,58.30076217651367,72.5048599243164
2007-12-13,58.075706481933594,105.8829116821289,46.64962387084961,78.5,61.34376907348633,51.87625503540039,29.739198684692383,72.53646087646484,105.8829116821289,58.075706481933594,72.53646087646484
2007-12-14,57.91414260864258,104.54039001464844,45.38912582397461,78.5199966430664,61.3026237487793,51.63692855834961,28.99132537841797,72.48899841308594,104.54039001464844,57.91414260864258,72.48899841308594
2007-12-17,58.000648498535156,103.04867553710938,44.42387390136719,78.12999725341797,61.74919128417969,52.09849548339844,28.095754623413086,72.52061462402344,103.04867553710938,58.000648498535156,72.52061462402344
2007-12-18,58.306495666503906,103.62405395507812,44.98031997680664,79.25,61.813846588134766,52.43478012084961,28.52968978881836,72.52061462402344,103.62405395507812,58.306495666503906,72.52061462402344
2007-12-19,58.427608489990234,103.62405395507812,44.61125946044922,79.23999786376953,62.20161056518555,53.13002014160156,28.820526123046875,72.5522232055664,103.62405395507812,58.427608489990234,72.5522232055664
2007-12-20,58.37565612792969,104.27757263183594,44.92922592163086,78.66999816894531,62.13113021850586,53.01605224609375,28.700407028198242,72.58384704589844,104.27757263183594,58.37565612792969,72.58384704589844
2007-12-21,58.121849060058594,105.78077697753906,45.57081985473633,80.0999984741211,61.75511169433594,52.24101638793945,29.263519287109375,72.58384704589844,105.78077697753906,58.121849060058594,72.58384704589844
2007-12-24,58.13916015625,106.56626892089844,45.75715255737305,80.13999938964844,61.56705856323242,51.99592590332031,30.211435317993164,72.58384704589844,106.56626892089844,58.13916015625,72.58384704589844
2007-12-26,57.960289001464844,106.79476165771484,45.885257720947266,81.5199966430664,61.29676055908203,51.540061950683594,29.709314346313477,72.5522232055664,106.79476165771484,57.960289001464844,72.5522232055664
2007-12-27,58.27833938598633,105.45225524902344,45.60574722290039,81.55999755859375,61.704803466796875,52.101905822753906,29.118043899536133,72.58384704589844,105.45225524902344,58.27833938598633,72.58384704589844
2007-12-28,58.59117126464844,105.18807983398438,45.995887756347656,83.0,62.0769157409668,52.91438674926758,28.606548309326172,72.58226013183594,105.18807983398438,58.59117126464844,72.58226013183594
2007-12-31,58.60854721069336,104.40968322753906,45.710567474365234,82.45999908447266,62.484439849853516,53.23479080200195,28.841176986694336,72.56645965576172,104.40968322753906,58.60854721069336,72.56645965576172
2008-01-02,58.88658905029297,103.49566650390625,45.54753112792969,84.86000061035156,62.98050308227539,54.00151062011719,28.752012252807617,72.62985229492188,103.49566650390625,58.88658905029297,72.62985229492188
2008-01-03,59.04302978515625,103.44563293457031,45.623226165771484,85.56999969482422,63.1931266784668,53.927154541015625,27.855712890625,72.58226013183594,103.44563293457031,59.04302978515625,72.58226013183594
2008-01-04,59.16466522216797,100.91056823730469,44.58673858642578,85.12999725341797,63.175445556640625,53.9385871887207,26.724775314331055,72.56645965576172,100.91056823730469,59.16466522216797,72.56645965576172
2008-01-07,59.239994049072266,100.82487487792969,44.6333122253418,84.7699966430664,63.16364288330078,54.173194885253906,26.973487854003906,72.62985229492188,100.82487487792969,59.239994049072266,72.62985229492188
2008-01-08,59.39060592651367,99.19669342041016,44.3829231262207,86.77999877929688,63.21089172363281,54.110260009765625,26.039648056030273,72.58226013183594,99.19669342041016,59.39060592651367,72.58226013183594
2008-01-09,59.25157928466797,100.23928833007812,44.703189849853516,86.55000305175781,63.16364288330078,54.213233947753906,26.499534606933594,72.53475189208984,100.23928833007812,59.25157928466797,72.53475189208984
2008-01-10,59.12995147705078,100.89629364013672,44.656620025634766,88.25,62.88015365600586,53.48080062866211,26.90778923034668,72.56645965576172,100.89629364013672,59.12995147705078,72.56645965576172
2008-01-11,59.38482666015625,100.08219146728516,43.765689849853516,88.58000183105469,63.3466911315918,53.89851379394531,26.912477493286133,72.59814453125,100.08219146728516,59.38482666015625,72.59814453125
2008-01-14,59.43118667602539,100.88908386230469,44.46445083618164,89.54000091552734,63.6124267578125,54.09883117675781,26.79986000061035,72.66153717041016,100.88908386230469,59.43118667602539,72.66153717041016
2008-01-15,59.645503997802734,98.66822814941406,43.02033615112305,87.98999786376953,63.93733596801758,54.70527267456055,26.255516052246094,72.6456298828125,98.66822814941406,59.645503997802734,72.6456298828125
2008-01-16,59.46589660644531,97.81847381591797,42.15272521972656,86.69999694824219,63.559326171875,54.31050109863281,26.55583953857422,72.6456298828125,97.81847381591797,59.46589660644531,72.6456298828125
2008-01-17,59.82510757446289,95.28336334228516,41.51801300048828,86.5,64.01996612548828,55.014251708984375,26.194503784179688,72.61394500732422,95.28336334228516,59.82510757446289,72.61394500732422
2008-01-18,59.813533782958984,94.30503845214844,41.756752014160156,87.41999816894531,64.07901763916016,54.636680603027344,25.847240447998047,72.66153717041016,94.30503845214844,59.813533782958984,72.66153717041016
2008-01-21,59.813533782958984,94.30503845214844,41.756752014160156,87.41999816894531,64.07901763916016,54.636680603027344,25.847240447998047,72.66153717041016,94.30503845214844,59.813533782958984,72.66153717041016
2008-01-22,59.906192779541016,93.34814453125,40.59214782714844,88.16999816894531,64.56329345703125,55.22021484375,26.4666805267334,72.69316101074219,93.34814453125,59.906192779541016,72.69316101074219
2008-01-23,59.72665023803711,95.5904312133789,40.35342025756836,87.88999938964844,64.40978240966797,55.094364166259766,28.97726821899414,72.77243041992188,95.5904312133789,59.72665023803711,72.77243041992188
2008-01-24,59.57600021362305,96.39739990234375,41.76840591430664,90.08000183105469,63.97269821166992,53.99006271362305,28.29681968688965,72.80416107177734,96.39739990234375,59.57600021362305,72.80416107177734
2008-01-25,59.680267333984375,95.00486755371094,41.162803649902344,90.30000305175781,64.4924087524414,54.899864196777344,28.132585525512695,72.72486877441406,95.00486755371094,59.680267333984375,72.72486877441406
2008-01-28,59.796146392822266,96.57589721679688,41.622825622558594,91.75,64.41566467285156,54.693790435791016,29.085195541381836,72.75657653808594,96.57589721679688,59.796146392822266,72.75657653808594
2008-01-29,59.61073303222656,97.05437469482422,41.87322235107422,91.1500015258789,64.39204406738281,54.32191848754883,28.8223934173584,72.81995391845703,97.05437469482422,59.61073303222656,72.81995391845703
2008-01-30,59.70341873168945,96.34027862548828,41.68105697631836,92.05999755859375,64.40380859375,53.967166900634766,28.052814483642578,72.85166931152344,96.34027862548828,59.70341873168945,72.85166931152344
2008-01-31,59.964141845703125,98.09698486328125,42.123600006103516,91.4000015258789,64.71687316894531,54.350528717041016,28.61593246459961,72.85166931152344,98.09698486328125,59.964141845703125,72.85166931152344
2008-02-01,59.90301513671875,99.67514038085938,42.82818603515625,89.3499984741211,64.75308227539062,54.67726135253906,29.812551498413086,72.84374237060547,99.67514038085938,59.90301513671875,72.84374237060547
2008-02-04,59.868125915527344,98.41834259033203,42.39146041870117,89.0999984741211,64.37908935546875,54.11457824707031,29.50284194946289,72.85967254638672,98.41834259033203,59.868125915527344,72.85967254638672
2008-02-05,60.05430221557617,95.78329467773438,40.44657897949219,87.68000030517578,64.68778991699219,54.52790832519531,28.46107292175293,72.81200408935547,95.78329467773438,60.05430221557617,72.81200408935547
2008-02-06,60.00775909423828,95.01202392578125,40.41164016723633,88.94999694824219,64.61056518554688,54.36146926879883,27.996488571166992,72.87552642822266,95.01202392578125,60.00775909423828,72.87552642822266
2008-02-07,59.478458404541016,95.64045715332031,40.20783996582031,89.8499984741211,63.8388786315918,53.19013977050781,28.658157348632812,72.85967254638672,95.64045715332031,59.478458404541016,72.85967254638672
2008-02-08,59.76346206665039,95.02631378173828,39.79439926147461,91.0,64.48001098632812,53.79875183105469,27.743083953857422,72.85967254638672,95.02631378173828,59.76346206665039,72.85967254638672
2008-02-11,59.89141082763672,95.51188659667969,40.0040283203125,91.33000183105469,64.64622497558594,54.022674560546875,27.17995834350586,72.87552642822266,95.51188659667969,59.89141082763672,72.87552642822266
2008-02-12,59.868125915527344,96.39739990234375,40.865821838378906,89.33000183105469,64.52750396728516,53.70117950439453,27.954252243041992,72.85967254638672,96.39739990234375,59.868125915527344,72.85967254638672
2008-02-13,59.513343811035156,97.38282775878906,41.14533996582031,89.44000244140625,63.93977355957031,53.13275146484375,28.1748104095459,72.87552642822266,97.38282775878906,59.513343811035156,72.87552642822266
2008-02-14,59.32722091674805,96.52593994140625,40.9589958190918,89.70999908447266,63.512386322021484,52.351890563964844,27.64923667907715,72.89139556884766,96.52593994140625,59.32722091674805,72.89139556884766
2008-02-15,59.298118591308594,96.50446319580078,41.11039733886719,89.1500015258789,63.832969665527344,52.7537841796875,27.874479293823242,72.89139556884766,96.50446319580078,59.298118591308594,72.89139556884766
2008-02-18,59.298118591308594,96.50446319580078,41.11039733886719,89.1500015258789,63.832969665527344,52.7537841796875,27.874479293823242,72.89139556884766,96.50446319580078,59.298118591308594,72.89139556884766
2008-02-19,59.013099670410156,96.7759017944336,41.51219177246094,91.58000183105469,63.46492385864258,52.2198371887207,27.804100036621094,72.89139556884766,96.7759017944336,59.013099670410156,72.89139556884766
2008-02-20,58.92012405395508,97.06148529052734,41.296730041503906,93.23999786376953,63.67859649658203,52.581573486328125,27.977720260620117,72.85967254638672,97.06148529052734,58.92012405395508,72.85967254638672
2008-02-21,59.40282440185547,96.25456237792969,41.221038818359375,93.25,64.07633972167969,53.13847732543945,27.217510223388672,72.92316436767578,96.25456237792969,59.40282440185547,72.92316436767578
2008-02-22,59.088748931884766,96.84725952148438,41.74509811401367,93.38999938964844,63.898250579833984,52.834190368652344,27.98711395263672,72.92316436767578,96.84725952148438,59.088748931884766,72.92316436767578
2008-02-25,58.87940979003906,98.06843566894531,42.4089241027832,92.73999786376953,63.57768630981445,52.29444885253906,28.841176986694336,72.89139556884766,98.06843566894531,58.87940979003906,72.89139556884766
2008-02-26,59.164371490478516,98.803955078125,43.037818908691406,93.70999908447266,63.9991569519043,52.31168746948242,28.836488723754883,72.93903350830078,98.803955078125,59.164371490478516,72.93903350830078
2008-02-27,59.2864990234375,98.70398712158203,43.17756271362305,94.77999877929688,64.10600280761719,52.35763931274414,28.700407028198242,72.95494842529297,98.70398712158203,59.2864990234375,72.95494842529297
2008-02-28,59.64131546020508,97.73993682861328,42.764137268066406,95.98999786376953,64.95491027832031,53.287742614746094,28.109111785888672,72.95494842529297,97.73993682861328,59.64131546020508,72.95494842529297
2008-02-29,59.868125915527344,95.5619125366211,41.69268798828125,96.18000030517578,65.6375503540039,54.10308074951172,27.705543518066406,72.9708480834961,95.5619125366211,59.868125915527344,72.9708480834961
2008-03-03,59.858238220214844,95.33338165283203,41.81498336791992,97.23999786376953,65.61136627197266,53.96358871459961,27.8979434967041,72.99791717529297,95.33338165283203,59.858238220214844,72.99791717529297
2008-03-04,59.60137176513672,94.96922302246094,41.18027114868164,95.18000030517578,65.46224212646484,53.43920135498047,27.635150909423828,72.99791717529297,94.96922302246094,59.60137176513672,72.99791717529297
2008-03-05,59.22189712524414,95.56903839111328,41.67522048950195,97.72000122070312,65.42053985595703,52.79951095581055,28.0152587890625,72.98197174072266,95.56903839111328,59.22189712524414,72.98197174072266
2008-03-06,59.134307861328125,93.59095001220703,41.0812873840332,96.5,65.77236938476562,53.081886291503906,26.73886489868164,73.0137939453125,93.59095001220703,59.134307861328125,73.0137939453125
2008-03-07,59.3153076171875,92.62691497802734,40.597957611083984,96.08999633789062,66.01688385009766,53.151023864746094,27.175273895263672,73.0137939453125,92.62691497802734,59.3153076171875,73.0137939453125
2008-03-10,59.63057327270508,91.40579986572266,40.3941764831543,95.87000274658203,66.51190185546875,53.93479919433594,26.79047203063965,73.0137939453125,91.40579986572266,59.63057327270508,73.0137939453125
2008-03-11,59.26858139038086,94.69068145751953,41.669410705566406,95.98999786376953,65.86782836914062,53.473751068115234,28.53145408630371,73.0137939453125,94.69068145751953,59.26858139038086,73.0137939453125
2008-03-12,59.87575912475586,93.80517578125,41.669410705566406,97.01000213623047,66.50003814697266,54.50531768798828,27.930797576904297,73.02976989746094,93.80517578125,59.87575912475586,73.02976989746094
2008-03-13,59.618865966796875,94.01229858398438,41.73929977416992,98.33999633789062,66.07058715820312,54.078857421875,28.259281158447266,73.0137939453125,94.01229858398438,59.618865966796875,73.0137939453125
2008-03-14,59.869850158691406,92.55549621582031,40.731910705566406,98.70999908447266,66.21968078613281,54.74736785888672,27.686769485473633,73.10929870605469,92.55549621582031,59.869850158691406,73.10929870605469
2008-03-17,60.12678909301758,91.61997985839844,40.11466979980469,99.16999816894531,65.50994873046875,55.16807556152344,27.855712890625,73.09342956542969,91.61997985839844,60.12678909301758,73.09342956542969
2008-03-18,59.986663818359375,95.42617797851562,41.343326568603516,96.5,65.43834686279297,54.954833984375,29.080503463745117,73.17298126220703,95.42617797851562,59.986663818359375,73.17298126220703
2008-03-19,60.16767883300781,93.0625228881836,39.8468017578125,93.04000091552734,65.71273803710938,55.8653450012207,28.85994529724121,73.18892669677734,93.0625228881836,60.16767883300781,73.18892669677734
2008-03-20,60.37779235839844,94.78627014160156,40.44657897949219,89.91000366210938,65.85588836669922,56.00371551513672,29.821949005126953,73.17298126220703,94.78627014160156,60.37779235839844,73.17298126220703
2008-03-24,59.93408203125,96.68087768554688,41.18610382080078,90.0999984741211,64.69288635253906,54.92023468017578,30.493009567260742,73.10929870605469,96.68087768554688,59.93408203125,73.10929870605469
2008-03-25,60.04505157470703,96.77417755126953,41.785865783691406,92.7300033569336,64.58553314208984,55.15078353881836,30.571020126342773,73.06158447265625,96.77417755126953,60.04505157470703,73.06158447265625
2008-03-26,59.869850158691406,95.59002685546875,41.785865783691406,93.80000305175781,64.7763671875,54.92023468017578,29.984661102294922,73.10929870605469,95.59002685546875,59.869850158691406,73.10929870605469
2008-03-27,59.89326477050781,95.28864288330078,41.75093460083008,93.45999908447266,64.90758514404297,54.53413391113281,29.738758087158203,73.12525939941406,95.28864288330078,59.89326477050781,73.12525939941406
2008-03-28,60.039241790771484,94.37722778320312,41.71597671508789,91.87999725341797,65.39068603515625,55.06435012817383,29.388853073120117,73.06158447265625,94.37722778320312,60.039241790771484,73.06158447265625
2008-03-31,59.945804595947266,94.70738220214844,41.86738204956055,90.41000366210938,65.54572296142578,55.26031494140625,29.5023250579834,73.14117431640625,94.70738220214844,59.945804595947266,73.14117431640625
2008-04-01,59.538421630859375,98.03722381591797,43.18921661376953,86.86000061035156,64.97705841064453,54.36091232299805,31.181018829345703,73.09335327148438,98.03722381591797,59.538421630859375,73.09335327148438
2008-04-02,59.56769943237305,98.10176086425781,43.28237533569336,89.2699966430664,64.97705841064453,54.476627349853516,31.029701232910156,73.09335327148438,98.10176086425781,59.56769943237305,73.09335327148438
2008-04-03,59.75526428222656,98.34578704833984,43.41050338745117,89.41999816894531,65.33427429199219,54.598209381103516,31.739013671875,73.09335327148438,98.34578704833984,59.75526428222656,73.09335327148438
2008-04-04,60.06014633178711,98.2381820678711,43.55606460571289,90.25,65.70833587646484,55.09589385986328,31.23775863647461,73.12519836425781,98.2381820678711,60.06014633178711,73.12519836425781
2008-04-07,60.05420684814453,98.28841400146484,43.82392120361328,91.16999816894531,65.55752563476562,54.80652618408203,30.949298858642578,73.09335327148438,98.28841400146484,60.05420684814453,73.09335327148438
2008-04-08,60.04841613769531,98.18790435791016,43.36390686035156,90.3499984741211,65.4428939819336,54.61555862426758,30.906749725341797,73.14118194580078,98.18790435791016,60.04841613769531,73.14118194580078
2008-04-09,60.31216812133789,97.47744750976562,43.008705139160156,92.29000091552734,65.8773193359375,55.18271255493164,30.131254196166992,73.14118194580078,97.47744750976562,60.31216812133789,73.14118194580078
2008-04-10,60.124576568603516,97.61383056640625,42.874759674072266,91.7699966430664,65.59373474121094,54.99750900268555,30.424434661865234,73.14118194580078,97.61383056640625,60.124576568603516,73.14118194580078
2008-04-11,60.25354766845703,95.71924591064453,42.29829788208008,91.30000305175781,66.08245086669922,55.367889404296875,30.050867080688477,73.14118194580078,95.71924591064453,60.25354766845703,73.14118194580078
2008-04-14,60.1832275390625,95.39629364013672,42.39146041870117,91.11000061035156,65.8773193359375,55.0438346862793,29.875900268554688,73.17305755615234,95.39629364013672,60.1832275390625,73.17305755615234
2008-04-15,59.86078643798828,95.61874389648438,42.68842697143555,91.66000366210938,65.63592529296875,54.36091232299805,30.178537368774414,73.17305755615234,95.61874389648438,59.86078643798828,73.17305755615234
2008-04-16,59.64391326904297,98.20945739746094,44.03354263305664,93.2699966430664,65.23173522949219,53.82848358154297,31.40327262878418,73.12519836425781,98.20945739746094,59.64391326904297,73.12519836425781
2008-04-17,59.632171630859375,98.35295104980469,43.54440689086914,92.55999755859375,64.96011352539062,53.73587417602539,31.516759872436523,73.12519836425781,98.35295104980469,59.632171630859375,73.12519836425781
2008-04-18,59.79042434692383,99.3791732788086,43.85303497314453,90.62000274658203,64.8998031616211,53.689552307128906,31.337059020996094,73.0773696899414,99.3791732788086,59.79042434692383,73.0773696899414
2008-04-21,59.796268463134766,99.42945098876953,44.196598052978516,90.25,64.92391967773438,53.90367889404297,31.10535430908203,73.1092758178711,99.42945098876953,59.796268463134766,73.1092758178711
2008-04-22,59.88422393798828,98.99168395996094,43.736576080322266,90.2699966430664,65.08692169189453,54.088897705078125,31.029701232910156,73.12519836425781,98.99168395996094,59.88422393798828,73.12519836425781
2008-04-23,59.825660705566406,98.83379364013672,43.96366500854492,89.22000122070312,64.88773345947266,53.90951919555664,31.417455673217773,73.12519836425781,98.83379364013672,59.825660705566406,73.12519836425781
2008-04-24,59.602901458740234,99.26441955566406,43.67833709716797,87.22000122070312,64.30248260498047,53.4522819519043,32.041656494140625,73.14118194580078,99.26441955566406,59.602901458740234,73.14118194580078
2008-04-25,59.54427719116211,100.18295288085938,44.03936767578125,87.2699966430664,64.21202087402344,53.139774322509766,32.22134017944336,73.14118194580078,100.18295288085938,59.54427719116211,73.14118194580078
2008-04-28,59.69083023071289,100.20448303222656,44.29556655883789,87.69000244140625,64.3205795288086,53.301822662353516,32.17878341674805,73.09335327148438,100.20448303222656,59.69083023071289,73.09335327148438
2008-04-29,59.77873229980469,99.80976104736328,43.90543746948242,85.80999755859375,64.32662963867188,53.504371643066406,31.828847885131836,73.17305755615234,99.80976104736328,59.77873229980469,73.17305755615234
2008-04-30,60.14217758178711,99.2213134765625,44.14418029785156,86.6500015258789,64.62831115722656,53.88634490966797,31.38436508178711,73.09335327148438,99.2213134765625,60.14217758178711,73.09335327148438
2008-05-01,60.039878845214844,101.2737808227539,44.41204071044922,83.98999786376953,64.58226776123047,53.889808654785156,32.06056213378906,73.14762878417969,101.2737808227539,60.039878845214844,73.14762878417969
2008-05-02,59.93989562988281,101.55366516113281,44.534324645996094,84.58000183105469,64.41865539550781,53.210296630859375,32.03219223022461,73.09967803955078,101.55366516113281,59.93989562988281,73.09967803955078
2008-05-05,59.96342086791992,101.06566619873047,44.61002731323242,86.2699966430664,64.57014465332031,53.210296630859375,31.942338943481445,73.11566925048828,101.06566619873047,59.96342086791992,73.11566925048828
2008-05-06,59.76934051513672,101.94120788574219,44.94194412231445,86.62999725341797,64.52162170410156,52.826866149902344,32.164573669433594,73.08374786376953,101.94120788574219,59.76934051513672,73.08374786376953
2008-05-07,59.93989562988281,100.12555694580078,44.15583419799805,85.81999969482422,64.6791763305664,53.05341720581055,31.289783477783203,73.1316146850586,100.12555694580078,59.93989562988281,73.1316146850586
2008-05-08,60.0927848815918,99.86719512939453,44.540138244628906,87.23999786376953,65.1578369140625,53.529720306396484,31.10062599182129,73.09967803955078,99.86719512939453,60.0927848815918,73.09967803955078
2008-05-09,60.116268157958984,99.68063354492188,44.18494415283203,87.41999816894531,65.33354187011719,53.72721481323242,30.930402755737305,73.1316146850586,99.68063354492188,60.116268157958984,73.1316146850586
2008-05-12,60.010475158691406,100.80013275146484,44.62748336791992,86.98999786376953,65.23057556152344,53.64588928222656,31.672821044921875,73.1316146850586,100.80013275146484,60.010475158691406,73.1316146850586
2008-05-13,59.66939163208008,100.81449127197266,44.47609329223633,85.38999938964844,64.73978424072266,53.05923080444336,31.800464630126953,73.09967803955078,100.81449127197266,59.66939163208008,73.09967803955078
2008-05-14,59.75754928588867,101.02259826660156,44.47609329223633,85.19999694824219,64.80039978027344,53.082462310791016,31.999086380004883,73.09967803955078,101.02259826660156,59.75754928588867,73.09967803955078
2008-05-15,60.07511520385742,102.28568267822266,45.23308181762695,87.0,65.26687622070312,53.564552307128906,32.3868408203125,73.09967803955078,102.28568267822266,60.07511520385742,73.09967803955078
2008-05-16,59.92811965942383,102.37895202636719,45.72220993041992,89.0999984741211,65.26687622070312,53.34385681152344,32.216609954833984,73.11566925048828,102.37895202636719,59.92811965942383,73.11566925048828
2008-05-19,60.02812194824219,102.6588134765625,45.5358772277832,89.38999938964844,65.47293853759766,53.41352462768555,32.268611907958984,73.11566925048828,102.6588134765625,60.02812194824219,73.11566925048828
2008-05-20,60.157474517822266,101.82636260986328,45.11662292480469,90.9000015258789,65.86676025390625,53.69235610961914,31.83357048034668,73.08374786376953,101.82636260986328,60.157474517822266,73.08374786376953
2008-05-21,60.07511520385742,100.10401916503906,44.604209899902344,91.95999908447266,65.93946838378906,53.70396423339844,31.067533493041992,73.08374786376953,100.10401916503906,60.07511520385742,73.08374786376953
2008-05-22,59.71644592285156,100.11836242675781,45.12245559692383,90.9800033569336,65.47901916503906,53.07084274291992,30.80272102355957,73.1316146850586,100.11836242675781,59.71644592285156,73.1316146850586
2008-05-23,59.94578170776367,98.77638244628906,44.61002731323242,91.2300033569336,65.73345184326172,53.30318069458008,30.656131744384766,73.1316146850586,98.77638244628906,59.94578170776367,73.1316146850586
2008-05-26,59.94578170776367,98.77638244628906,44.61002731323242,91.2300033569336,65.73345184326172,53.30318069458008,30.656131744384766,73.1316146850586,98.77638244628906,59.94578170776367,73.1316146850586
2008-05-27,59.610591888427734,99.50837707519531,44.522682189941406,89.36000061035156,65.27906036376953,52.94307327270508,31.07698631286621,73.1316146850586,99.50837707519531,59.610591888427734,73.1316146850586
2008-05-28,59.33418273925781,99.96763610839844,44.5168571472168,89.13999938964844,64.69132995605469,52.47259521484375,31.129013061523438,73.16352081298828,99.96763610839844,59.33418273925781,73.16352081298828
2008-05-29,59.16953659057617,100.47004699707031,44.4178581237793,86.51000213623047,64.44285583496094,52.095054626464844,31.464746475219727,73.1316146850586,100.47004699707031,59.16953659057617,73.1316146850586
2008-05-30,59.381248474121094,100.72120666503906,44.66825485229492,87.44999694824219,64.69741821289062,52.437767028808594,31.318143844604492,73.16352081298828,100.72120666503906,59.381248474121094,73.16352081298828
2008-06-02,59.60201644897461,99.68063354492188,44.20242691040039,87.95999908447266,64.91471099853516,52.64002990722656,30.793258666992188,73.22270202636719,99.68063354492188,59.60201644897461,73.22270202636719
2008-06-03,59.71421432495117,99.09929656982422,44.109249114990234,86.87999725341797,64.91471099853516,53.018898010253906,30.996601104736328,73.22270202636719,99.09929656982422,59.71421432495117,73.22270202636719
2008-06-04,59.501625061035156,99.04907989501953,43.85303497314453,86.6500015258789,64.57890319824219,52.5467529296875,31.157390594482422,73.20667266845703,99.04907989501953,59.501625061035156,73.20667266845703
2008-06-05,59.28327560424805,101.02980041503906,44.58091354370117,86.44999694824219,64.37741088867188,52.231971740722656,31.87140655517578,73.15877532958984,101.02980041503906,59.28327560424805,73.15877532958984
2008-06-06,59.613868713378906,97.80755615234375,43.29985046386719,89.05999755859375,65.16512298583984,52.908203125,30.537919998168945,73.17472839355469,97.80755615234375,59.613868713378906,73.17472839355469
2008-06-09,59.312774658203125,98.04435729980469,43.24161911010742,87.98999786376953,64.82318115234375,52.908203125,29.932634353637695,73.20667266845703,98.04435729980469,59.312774658203125,73.20667266845703
2008-06-10,58.9998779296875,97.55640411376953,42.5079231262207,85.55000305175781,64.47513580322266,52.56422424316406,29.946836471557617,73.25463104248047,97.55640411376953,58.9998779296875,73.25463104248047
2008-06-11,59.07664489746094,96.12108612060547,41.96638488769531,87.0199966430664,64.59725952148438,52.441795349121094,29.49287223815918,73.30255126953125,96.12108612060547,59.07664489746094,73.30255126953125
2008-06-12,58.71057891845703,96.48706817626953,41.82080841064453,85.5999984741211,63.99271774291992,51.91712951660156,29.795509338378906,73.25463104248047,96.48706817626953,58.71057891845703,73.25463104248047
2008-06-13,58.563045501708984,97.70709228515625,42.20512771606445,85.83000183105469,63.98658752441406,51.80644989013672,30.292034149169922,73.30255126953125,97.70709228515625,58.563045501708984,73.30255126953125
2008-06-16,58.62799072265625,97.76451873779297,42.420562744140625,87.01000213623047,64.14541625976562,51.81805419921875,30.693960189819336,73.30255126953125,97.76451873779297,58.62799072265625,73.30255126953125
2008-06-17,58.828678131103516,97.29087829589844,42.54869079589844,87.25,64.3285903930664,51.92302322387695,29.823890686035156,73.28654479980469,97.29087829589844,58.828678131103516,73.28654479980469
2008-06-18,59.07664489746094,96.34356689453125,42.19929885864258,88.27999877929688,64.67662811279297,52.3602180480957,29.384111404418945,73.31855010986328,96.34356689453125,59.07664489746094,73.31855010986328
2008-06-19,58.77550506591797,96.46556854248047,42.11778259277344,88.41999816894531,64.27360534667969,52.05122756958008,30.065052032470703,73.30255126953125,96.46556854248047,58.77550506591797,73.30255126953125
2008-06-20,58.9526481628418,94.8997802734375,41.19773483276367,88.94999694824219,64.48123931884766,52.354366302490234,29.388853073120117,73.33451843261719,94.8997802734375,58.9526481628418,73.33451843261719
2008-06-23,58.87589645385742,94.80602264404297,41.19192123413086,87.08999633789062,64.48123931884766,52.46514892578125,28.660612106323242,73.33451843261719,94.80602264404297,58.87589645385742,73.33451843261719
2008-06-24,58.993961334228516,94.61849975585938,41.00558090209961,87.47000122070312,64.87202453613281,52.814918518066406,28.6788387298584,73.33451843261719,94.61849975585938,58.993961334228516,73.33451843261719
2008-06-25,59.02348709106445,95.0656509399414,41.44346237182617,87.41999816894531,64.9208984375,52.83823013305664,29.148427963256836,73.3504867553711,95.0656509399414,59.02348709106445,73.3504867553711
2008-06-26,59.100223541259766,92.4836196899414,40.39328384399414,90.61000061035156,65.4826431274414,53.19378662109375,28.175687789916992,73.3504867553711,92.4836196899414,59.100223541259766,73.3504867553711
2008-06-27,59.24190902709961,91.97879028320312,40.50008010864258,91.47000122070312,65.79411315917969,53.81760025024414,27.955284118652344,73.3824462890625,91.97879028320312,59.24190902709961,73.3824462890625
2008-06-30,59.27145767211914,92.30332946777344,40.743343353271484,91.4000015258789,65.8550796508789,53.8292350769043,27.99360466003418,73.33451843261719,92.30332946777344,59.27145767211914,73.33451843261719
2008-07-01,59.06636428833008,92.59182739257812,40.30427932739258,92.66000366210938,65.87167358398438,53.70172119140625,27.96964454650879,73.36009979248047,92.59182739257812,59.06636428833008,73.36009979248047
2008-07-02,58.995277404785156,91.00513458251953,39.66349411010742,93.16999816894531,66.28359985351562,53.98250961303711,27.6246395111084,73.36009979248047,91.00513458251953,58.995277404785156,73.36009979248047
2008-07-03,59.01302719116211,91.09888458251953,39.91862487792969,92.05999755859375,66.45569610595703,53.865482330322266,27.34192657470703,73.36009979248047,91.09888458251953,59.01302719116211,73.36009979248047
2008-07-04,59.01302719116211,91.09888458251953,39.91862487792969,92.05999755859375,66.45569610595703,53.865482330322266,27.34192657470703,73.36009979248047,91.09888458251953,59.01302719116211,73.36009979248047
2008-07-07,59.22049331665039,90.16847229003906,39.57449722290039,91.2300033569336,66.42501831054688,54.11122512817383,26.72857093811035,73.3441162109375,90.16847229003906,59.22049331665039,73.3441162109375
2008-07-08,59.451622009277344,91.76964569091797,39.78216552734375,90.86000061035156,66.37580108642578,54.46225357055664,28.721956253051758,73.31212615966797,91.76964569091797,59.451622009277344,73.31212615966797
2008-07-09,59.68273162841797,90.00260925292969,39.265968322753906,91.5,66.76314544677734,54.70209884643555,26.762126922607422,73.32815551757812,90.00260925292969,59.68273162841797,73.32815551757812
2008-07-10,59.73606872558594,90.37043762207031,39.60416793823242,93.52999877929688,66.75691986083984,54.696319580078125,27.279626846313477,73.39208984375,90.37043762207031,59.73606872558594,73.39208984375
2008-07-11,59.39825439453125,89.31743621826172,38.981178283691406,95.16000366210938,66.154541015625,53.9182014465332,27.145462036132812,73.44010925292969,89.31743621826172,59.39825439453125,73.44010925292969
2008-07-14,59.48712921142578,88.50965881347656,38.89811706542969,95.91000366210938,66.64627838134766,54.392051696777344,26.20148277282715,73.44010925292969,88.50965881347656,59.48712921142578,73.44010925292969
2008-07-15,59.7182502746582,87.26190185546875,38.275123596191406,96.16999816894531,66.60332489013672,54.37449645996094,25.947509765625,73.45609283447266,87.26190185546875,59.7182502746582,73.45609283447266
2008-07-16,59.26195526123047,89.40401458740234,38.981178283691406,94.44000244140625,66.26512145996094,53.39162826538086,27.840272903442383,73.47208404541016,89.40401458740234,59.26195526123047,73.47208404541016
2008-07-17,59.00123596191406,90.29830932617188,39.57449722290039,94.22000122070312,65.83484649658203,53.11662673950195,28.175687789916992,73.36009979248047,90.29830932617188,59.00123596191406,73.36009979248047
2008-07-18,58.6574821472168,90.86087036132812,39.829627990722656,94.16999816894531,65.5335922241211,52.917694091796875,28.22360610961914,73.45609283447266,90.86087036132812,58.6574821472168,73.45609283447266
2008-07-21,58.965660095214844,90.9113540649414,40.06101989746094,95.12000274658203,65.54591369628906,53.12247848510742,28.4344539642334,73.39208984375,90.9113540649414,58.965660095214844,73.39208984375
2008-07-22,58.764102935791016,91.94271850585938,40.19747543334961,93.05999755859375,65.23233795166016,52.859214782714844,29.196340560913086,73.42407989501953,91.94271850585938,58.764102935791016,73.42407989501953
2008-07-23,58.83530807495117,92.44038391113281,40.34580993652344,90.56999969482422,64.78972625732422,52.75389099121094,30.0205135345459,73.45609283447266,92.44038391113281,58.83530807495117,73.45609283447266
2008-07-24,59.24418258666992,90.52188873291016,39.61009216308594,91.33000183105469,65.25084686279297,53.26873779296875,28.03194808959961,73.44010925292969,90.52188873291016,59.24418258666992,73.44010925292969
2008-07-25,58.94192123413086,90.50028228759766,39.69316864013672,91.69000244140625,64.80203247070312,52.73637390136719,28.491954803466797,73.45609283447266,90.50028228759766,58.94192123413086,73.45609283447266
2008-07-28,59.2086181640625,89.17322540283203,39.028648376464844,91.7300033569336,65.3552474975586,53.26873779296875,28.02715492248535,73.45609283447266,89.17322540283203,59.2086181640625,73.45609283447266
2008-07-29,59.13750076293945,91.07718658447266,39.41428756713867,90.58999633789062,64.91270446777344,53.05229568481445,29.330514907836914,73.45609283447266,91.07718658447266,59.13750076293945,73.45609283447266
2008-07-30,59.202667236328125,92.70000457763672,39.78216552734375,89.5199966430664,65.18318176269531,53.10491180419922,29.229887008666992,73.47208404541016,92.70000457763672,59.202667236328125,73.47208404541016
2008-07-31,59.504905700683594,91.47391510009766,39.390567779541016,90.08000183105469,65.45366668701172,53.6314811706543,28.8657169342041,73.47208404541016,91.47391510009766,59.504905700683594,73.47208404541016
2008-08-01,59.43465805053711,90.99072265625,38.80317306518555,89.56999969482422,65.71048736572266,53.75007247924805,28.88966941833496,73.44963836669922,90.99072265625,59.43465805053711,73.44963836669922
2008-08-04,59.26214599609375,90.14684295654297,38.43532180786133,88.13999938964844,65.52436065673828,53.62678527832031,28.467992782592773,73.46564483642578,90.14684295654297,59.26214599609375,73.46564483642578
2008-08-05,59.16099548339844,92.57737731933594,39.40837097167969,86.08000183105469,65.17085266113281,53.22748947143555,29.74739646911621,73.48169708251953,92.57737731933594,59.16099548339844,73.48169708251953
2008-08-06,59.09558868408203,92.9885025024414,39.420223236083984,86.63999938964844,65.00341033935547,53.010284423828125,29.60365104675293,73.44963836669922,92.9885025024414,59.09558868408203,73.44963836669922
2008-08-07,59.40499496459961,91.60375213623047,38.63112258911133,86.08999633789062,65.67322540283203,53.87342071533203,28.822587966918945,73.49771118164062,91.60375213623047,59.40499496459961,73.49771118164062
2008-08-08,59.31571960449219,93.30581665039062,38.79131317138672,84.43000030517578,65.58638000488281,54.02021026611328,29.66115379333496,73.48169708251953,93.30581665039062,59.31571960449219,73.48169708251953
2008-08-11,59.166996002197266,94.27232360839844,38.75571823120117,81.12999725341797,64.99717712402344,53.503482818603516,30.619504928588867,73.49771118164062,94.27232360839844,59.166996002197266,73.49771118164062
2008-08-12,59.41686248779297,93.29145812988281,38.47685623168945,80.5199966430664,65.30110931396484,54.00257873535156,29.934288024902344,73.44963836669922,93.29145812988281,59.41686248779297,73.44963836669922
2008-08-13,59.31571960449219,92.72887420654297,37.87166213989258,81.55999755859375,65.2948989868164,53.814701080322266,29.498241424560547,73.51376342773438,92.72887420654297,59.31571960449219,73.51376342773438
2008-08-14,59.45854187011719,93.4284439086914,37.72334289550781,79.3499984741211,65.62980651855469,54.16111755371094,29.97260856628418,73.49771118164062,93.4284439086914,59.45854187011719,73.49771118164062
2008-08-15,59.631046295166016,93.88282775878906,37.47414016723633,77.62999725341797,65.79108428955078,54.630859375,29.929485321044922,73.51376342773438,93.88282775878906,59.631046295166016,73.51376342773438
2008-08-18,59.73221969604492,92.5990219116211,37.2842903137207,78.80000305175781,65.85310363769531,54.84810256958008,29.517393112182617,73.46564483642578,92.5990219116211,59.73221969604492,73.46564483642578
2008-08-19,59.68461990356445,91.58930969238281,36.86302947998047,80.43000030517578,65.78487396240234,54.63673782348633,28.78904914855957,73.52972412109375,91.58930969238281,59.68461990356445,73.52972412109375
2008-08-20,59.77979278564453,92.01481628417969,37.082542419433594,80.05999755859375,66.05774688720703,54.78938674926758,28.832183837890625,73.52972412109375,92.01481628417969,59.77979278564453,73.52972412109375
2008-08-21,59.79169845581055,92.17352294921875,37.23088455200195,82.30000305175781,66.16940307617188,54.68955612182617,28.319442749023438,73.54576873779297,92.17352294921875,59.79169845581055,73.54576873779297
2008-08-22,59.726295471191406,93.50779724121094,37.4029426574707,81.08000183105469,65.9151382446289,54.65430450439453,29.2825984954834,73.56178283691406,93.50779724121094,59.726295471191406,73.56178283691406
2008-08-25,59.91070556640625,91.61093139648438,36.81555938720703,80.93000030517578,66.16319274902344,55.200443267822266,28.396129608154297,73.54576873779297,91.61093139648438,59.91070556640625,73.54576873779297
2008-08-26,59.839298248291016,91.87781524658203,36.999488830566406,81.2300033569336,66.1880111694336,55.247406005859375,28.73154640197754,73.56178283691406,91.87781524658203,59.839298248291016,73.56178283691406
2008-08-27,59.91070556640625,92.77214050292969,37.349552154541016,81.36000061035156,66.36168670654297,55.34136199951172,29.0190486907959,73.56178283691406,92.77214050292969,59.91070556640625,73.56178283691406
2008-08-28,59.9642448425293,93.89728546142578,37.830142974853516,82.18000030517578,66.15699768066406,55.34724044799805,29.756980895996094,73.56178283691406,93.89728546142578,59.9642448425293,73.56178283691406
2008-08-29,59.946441650390625,92.88752746582031,37.717403411865234,81.70999908447266,65.9646987915039,55.10059356689453,29.550933837890625,73.52972412109375,92.88752746582031,59.946441650390625,73.52972412109375
2008-09-01,59.946441650390625,92.88752746582031,37.717403411865234,81.70999908447266,65.9646987915039,55.10059356689453,29.550933837890625,73.52972412109375,92.88752746582031,59.946441650390625,73.52972412109375
2008-09-02,60.145931243896484,92.310546875,37.135948181152344,79.19999694824219,65.9303207397461,55.61330032348633,29.742610931396484,73.58269500732422,92.310546875,60.145931243896484,73.58269500732422
2008-09-03,60.13396453857422,92.23119354248047,36.98167419433594,78.88999938964844,65.81778717041016,55.8489875793457,30.21219825744629,73.58269500732422,92.23119354248047,60.13396453857422,73.58269500732422
2008-09-04,60.35503005981445,89.45445251464844,35.39752197265625,78.38999938964844,65.71784210205078,56.29690933227539,29.364051818847656,73.58269500732422,89.45445251464844,60.35503005981445,73.58269500732422
2008-09-05,60.17580032348633,89.7357177734375,35.266990661621094,78.9800033569336,65.73661041259766,56.26744079589844,29.36884880065918,73.59870910644531,89.7357177734375,60.17580032348633,73.59870910644531
2008-09-08,60.5521240234375,91.58930969238281,36.05610656738281,78.86000061035156,65.99284362792969,56.503177642822266,30.63867950439453,73.59870910644531,91.58930969238281,60.5521240234375,73.59870910644531
2008-09-09,60.820899963378906,88.87029266357422,34.88725280761719,76.48999786376953,66.10533905029297,57.06303405761719,29.493444442749023,73.58269500732422,88.87029266357422,60.820899963378906,73.58269500732422
2008-09-10,60.77915954589844,89.23087310791016,35.22545623779297,74.22000122070312,66.0740737915039,56.70945739746094,29.5461483001709,73.61473846435547,89.23087310791016,60.77915954589844,73.61473846435547
2008-09-11,60.7015266418457,90.52188873291016,35.14833068847656,73.08000183105469,66.12409973144531,56.68000793457031,29.996583938598633,73.59870910644531,90.52188873291016,60.7015266418457,73.59870910644531
2008-09-12,60.456565856933594,90.94019317626953,35.83657455444336,75.55000305175781,65.65535736083984,55.94919204711914,29.90073585510254,73.63082885742188,90.94019317626953,60.456565856933594,73.63082885742188
2008-09-15,60.695465087890625,86.6128158569336,34.31175231933594,77.55999755859375,66.0428466796875,57.7642822265625,28.175687789916992,73.71104431152344,86.6128158569336,60.695465087890625,73.71104431152344
2008-09-16,60.08023452758789,88.0625,34.056610107421875,76.79000091552734,65.38661193847656,57.752525329589844,29.5653133392334,73.74310302734375,88.0625,60.08023452758789,73.74310302734375
2008-09-17,60.229557037353516,84.10294342041016,32.75724411010742,85.45999908447266,65.62409210205078,58.041236877441406,27.864234924316406,74.06399536132812,84.10294342041016,60.229557037353516,74.06399536132812
2008-09-18,60.06230163574219,86.5984115600586,34.24648666381836,82.80000305175781,64.7553939819336,57.19264221191406,30.23137664794922,73.85541534423828,86.5984115600586,60.06230163574219,73.85541534423828
2008-09-19,60.33110427856445,90.03755950927734,36.67315673828125,85.9800033569336,65.08659362792969,55.37755584716797,31.132225036621094,73.59870910644531,90.03755950927734,60.33110427856445,73.59870910644531
2008-09-22,59.387351989746094,87.99916076660156,35.42124938964844,89.18000030517578,65.31156158447266,55.37173843383789,28.515913009643555,73.63082885742188,87.99916076660156,59.387351989746094,73.63082885742188
2008-09-23,59.297725677490234,85.99703979492188,34.92285919189453,88.31999969482422,64.64287567138672,55.15951156616211,28.707584381103516,73.87142944335938,85.99703979492188,59.297725677490234,73.87142944335938
2008-09-24,59.36936569213867,86.272705078125,35.02373504638672,86.70999908447266,64.3241195678711,55.40117645263672,28.509525299072266,73.64684295654297,86.272705078125,59.36936569213867,73.64684295654297
2008-09-25,59.261863708496094,87.6219253540039,35.83064651489258,86.44999694824219,64.29913330078125,55.28915023803711,28.863889694213867,73.72705841064453,87.6219253540039,59.261863708496094,73.72705841064453
2008-09-26,58.96318435668945,87.66544342041016,35.450923919677734,86.63999938964844,64.16162109375,55.689937591552734,29.75708770751953,73.85541534423828,87.66544342041016,58.96318435668945,73.85541534423828
2008-09-29,58.694427490234375,80.79585266113281,31.49347496032715,89.56999969482422,64.41787719726562,57.31052017211914,27.53380584716797,74.17619323730469,80.79585266113281,58.694427490234375,74.17619323730469
2008-09-30,58.891536712646484,84.14000701904297,33.40396499633789,85.06999969482422,63.31161880493164,55.91381072998047,29.514385223388672,73.90352630615234,84.14000701904297,58.891536712646484,73.90352630615234
2008-10-01,58.47172927856445,84.19075775146484,33.154762268066406,85.97000122070312,64.14946746826172,56.61729431152344,28.800783157348633,73.89229583740234,84.19075775146484,58.47172927856445,73.89229583740234
2008-10-02,58.699649810791016,81.13677978515625,31.707063674926758,82.33000183105469,64.01715850830078,57.07240676879883,26.941579818725586,73.86019134521484,81.13677978515625,58.699649810791016,73.86019134521484
2008-10-03,59.14336013793945,80.04143524169922,31.58245849609375,82.58999633789062,64.16842651367188,57.57489776611328,25.77653694152832,73.86019134521484,80.04143524169922,59.14336013793945,73.86019134521484
2008-10-06,59.16141891479492,75.96464538574219,29.796567916870117,84.27999877929688,64.11799621582031,58.621185302734375,25.004688262939453,73.84408569335938,75.96464538574219,59.16141891479492,73.84408569335938
2008-10-07,57.93800354003906,72.5625,28.40226936340332,87.2699966430664,63.569915771484375,58.44381332397461,22.859081268310547,73.8280258178711,72.5625,57.93800354003906,73.8280258178711
2008-10-08,56.77450942993164,70.73445129394531,27.767417907714844,89.41999816894531,61.692623138427734,57.60448455810547,22.54354476928711,73.76376342773438,70.73445129394531,56.77450942993164,73.76376342773438
2008-10-09,56.906490325927734,65.79441833496094,26.106121063232422,89.9000015258789,61.320960998535156,57.11970520019531,20.757143020629883,73.87621307373047,65.79441833496094,56.906490325927734,73.87621307373047
2008-10-10,53.01432800292969,64.19851684570312,25.133073806762695,83.22000122070312,60.086212158203125,56.7177619934082,22.742570877075195,73.94049072265625,64.19851684570312,53.01432800292969,73.94049072265625
2008-10-13,55.06535339355469,73.5199966430664,29.126117706298828,81.98999786376953,59.21686935424805,55.99068069458008,24.189167022705078,73.65131378173828,73.5199966430664,55.06535339355469,73.65131378173828
2008-10-14,56.222774505615234,72.4319076538086,28.52686882019043,82.19999694824219,60.57126998901367,55.63008117675781,22.54354476928711,73.77982330322266,72.4319076538086,56.222774505615234,73.77982330322266
2008-10-15,57.12237548828125,65.3011474609375,25.483137130737305,83.30999755859375,60.779178619384766,56.162147521972656,19.650362014770508,73.7958984375,65.3011474609375,57.12237548828125,73.7958984375
2008-10-16,56.222774505615234,68.02143859863281,26.984220504760742,79.29000091552734,60.38862609863281,55.87250518798828,20.791135787963867,73.76376342773438,68.02143859863281,56.222774505615234,73.76376342773438
2008-10-17,56.426719665527344,67.61518859863281,26.40870475769043,77.20999908447266,60.142906188964844,55.48825454711914,20.567825317382812,73.60309600830078,67.61518859863281,56.426719665527344,73.60309600830078
2008-10-20,57.434200286865234,71.67748260498047,28.093740463256836,78.5,60.96813201904297,55.93157196044922,20.718320846557617,73.77982330322266,71.67748260498047,57.434200286865234,73.77982330322266
2008-10-21,57.93800354003906,69.53755950927734,26.50957489013672,76.02999877929688,61.06267166137695,56.227108001708984,20.009578704833984,73.77982330322266,69.53755950927734,57.93800354003906,73.77982330322266
2008-10-22,58.609619140625,65.75091552734375,24.575347900390625,71.70999908447266,61.516212463378906,57.36796569824219,18.59697151184082,73.68345642089844,65.75091552734375,58.609619140625,73.68345642089844
2008-10-23,57.578121185302734,66.5125732421875,25.11526870727539,70.6500015258789,60.892581939697266,57.793609619140625,18.111534118652344,73.77982330322266,66.5125732421875,57.578121185302734,73.77982330322266
2008-10-24,57.092376708984375,63.13943862915039,23.489566802978516,72.20999908447266,59.43731689453125,57.178871154785156,17.082420349121094,73.69953155517578,63.13943862915039,57.092376708984375,73.69953155517578
2008-10-27,56.52264404296875,60.89794921875,22.255460739135742,72.18000030517578,58.80735778808594,57.22024154663086,16.11154556274414,73.8119888305664,60.89794921875,56.52264404296875,73.8119888305664
2008-10-28,56.72058868408203,68.01420593261719,25.322933197021484,73.79000091552734,58.45460891723633,56.38673400878906,18.630949020385742,73.7958984375,68.01420593261719,56.72058868408203,73.7958984375
2008-10-29,57.80006408691406,67.5208969116211,25.38226318359375,74.0,58.83883285522461,56.10301971435547,17.970767974853516,73.7155532836914,67.5208969116211,57.80006408691406,73.7155532836914
2008-10-30,57.72809600830078,69.8567123413086,26.27223777770996,72.70999908447266,58.51123809814453,55.59466552734375,18.93191146850586,73.8119888305664,69.8567123413086,57.72809600830078,73.8119888305664
2008-10-31,57.54819107055664,70.24117279052734,26.444311141967773,71.33999633789062,58.19001388549805,54.87345504760742,20.150358200073242,73.73165130615234,70.24117279052734,57.54819107055664,73.73165130615234
2008-11-03,56.63277816772461,70.44429779052734,26.55110740661621,71.0999984741211,58.68132400512695,55.021846771240234,19.490171432495117,73.71070098876953,70.44429779052734,56.63277816772461,73.71070098876953
2008-11-04,57.54214096069336,72.83814239501953,28.372596740722656,75.4800033569336,59.58852005004883,56.05451583862305,20.582393646240234,73.74291229248047,72.83814239501953,57.54214096069336,73.74291229248047
2008-11-05,58.415348052978516,69.77690887451172,26.829965591430664,72.80000305175781,60.01061248779297,56.71925354003906,18.558130264282227,73.7750473022461,69.77690887451172,58.415348052978516,73.7750473022461
2008-11-06,58.17444610595703,65.91048431396484,25.097469329833984,72.22000122070312,59.75859069824219,56.30970764160156,17.689205169677734,73.88762664794922,65.91048431396484,58.17444610595703,73.88762664794922
2008-11-07,58.46952819824219,68.08670043945312,26.515504837036133,72.5,59.500343322753906,55.94178009033203,18.810556411743164,73.88762664794922,68.08670043945312,58.46952819824219,73.88762664794922
2008-11-10,58.0961799621582,67.1944580078125,26.117982864379883,73.58000183105469,59.7082405090332,56.21477508544922,17.126096725463867,73.87152099609375,67.1944580078125,58.0961799621582,73.87152099609375
2008-11-11,58.535804748535156,65.11980438232422,25.257665634155273,72.05000305175781,59.84681701660156,56.38093566894531,16.88824462890625,73.87152099609375,65.11980438232422,58.535804748535156,73.87152099609375
2008-11-12,58.02995300292969,62.254425048828125,23.89896011352539,70.0,59.94131088256836,56.74295425415039,15.679515838623047,73.88762664794922,62.254425048828125,58.02995300292969,73.88762664794922
2008-11-13,58.228641510009766,66.1353530883789,25.934043884277344,72.1500015258789,59.569637298583984,55.38385772705078,17.402799606323242,73.88762664794922,66.1353530883789,58.228641510009766,73.88762664794922
2008-11-14,58.403316497802734,62.83477020263672,24.4448184967041,73.30000305175781,60.17440414428711,56.48185348510742,15.441649436950684,73.88762664794922,62.83477020263672,58.403316497802734,73.88762664794922
2008-11-17,58.55989074707031,62.000606536865234,23.99982452392578,72.6500015258789,60.23114776611328,56.73109436035156,14.883399963378906,73.91976928710938,62.000606536865234,58.55989074707031,73.91976928710938
2008-11-18,58.47560501098633,63.16846466064453,24.041364669799805,72.51000213623047,59.620025634765625,57.46108627319336,14.742622375488281,73.8393783569336,63.16846466064453,58.47560501098633,73.8393783569336
2008-11-19,58.64419937133789,59.120689392089844,22.43345832824707,72.26000213623047,59.607486724853516,58.93288803100586,12.762055397033691,73.82330322265625,59.120689392089844,58.64419937133789,73.82330322265625
2008-11-20,58.65628433227539,54.731964111328125,21.19935417175293,73.44999694824219,58.88926696777344,61.977447509765625,11.752355575561523,73.87152099609375,54.731964111328125,58.65628433227539,73.87152099609375
2008-11-21,58.1865119934082,57.684364318847656,22.706382751464844,78.8499984741211,58.29082489013672,61.081295013427734,12.616421699523926,73.85543060302734,57.684364318847656,58.1865119934082,73.85543060302734
2008-11-24,58.18052291870117,61.681373596191406,24.065088272094727,80.91000366210938,57.15687561035156,60.12579345703125,14.762036323547363,73.87152099609375,61.681373596191406,58.18052291870117,73.87152099609375
2008-11-25,59.6318473815918,62.138362884521484,24.50414276123047,80.87000274658203,58.20259475708008,61.89439010620117,14.995049476623535,73.88762664794922,62.138362884521484,59.6318473815918,73.88762664794922
2008-11-26,59.403011322021484,64.53947448730469,24.771137237548828,80.37999725341797,58.517601013183594,61.977447509765625,15.805727005004883,73.91976928710938,64.53947448730469,59.403011322021484,73.91976928710938
2008-11-27,59.403011322021484,64.53947448730469,24.771137237548828,80.37999725341797,58.517601013183594,61.977447509765625,15.805727005004883,73.91976928710938,64.53947448730469,59.403011322021484,73.91976928710938
2008-11-28,59.288551330566406,65.35193634033203,24.75927734375,80.30999755859375,58.70027542114258,62.7430534362793,15.572712898254395,73.69467163085938,65.35193634033203,59.288551330566406,73.69467163085938
2008-12-01,60.1248893737793,59.563175201416016,22.736053466796875,75.6500015258789,59.878395080566406,65.14588928222656,12.533904075622559,73.89736938476562,59.563175201416016,60.1248893737793,73.89736938476562
2008-12-02,60.185386657714844,61.85546112060547,23.97015953063965,76.94999694824219,60.407493591308594,65.39594268798828,14.198938369750977,73.96170043945312,61.85546112060547,60.185386657714844,73.96170043945312
2008-12-03,60.1914176940918,63.34255599975586,24.290550231933594,76.18000030517578,61.20756912231445,65.58053588867188,14.995049476623535,73.84912109375,63.34255599975586,60.1914176940918,73.84912109375
2008-12-04,60.39096450805664,61.87726593017578,23.542972564697266,75.5,61.692623138427734,66.87272644042969,14.582433700561523,73.81693267822266,61.87726593017578,60.39096450805664,73.81693267822266
2008-12-05,60.058326721191406,63.785057067871094,23.83963394165039,74.5199966430664,61.2642707824707,65.7889404296875,16.126115798950195,73.81693267822266,63.785057067871094,60.058326721191406,73.81693267822266
2008-12-08,59.979740142822266,66.01203155517578,24.97287368774414,76.19999694824219,60.47679138183594,65.64610290527344,17.63096046447754,73.83299255371094,66.01203155517578,59.979740142822266,73.83299255371094
2008-12-09,60.542137145996094,64.9239501953125,24.741477966308594,76.33000183105469,60.83586120605469,66.94416809082031,16.101837158203125,73.80086517333984,64.9239501953125,60.542137145996094,73.80086517333984
2008-12-10,60.43327713012695,65.36642456054688,25.394128799438477,79.75,60.4389533996582,66.78339385986328,17.485328674316406,73.84912109375,65.36642456054688,60.43327713012695,73.84912109375
2008-12-11,60.747703552246094,63.79230880737305,25.281408309936523,80.6500015258789,61.10675811767578,66.91439819335938,14.99020004272461,73.7686767578125,63.79230880737305,60.747703552246094,73.7686767578125
2008-12-12,60.76581573486328,64.5539779663086,25.530588150024414,80.80999755859375,60.86104965209961,66.91439819335938,16.558151245117188,73.80086517333984,64.5539779663086,60.76581573486328,73.80086517333984
2008-12-15,60.9109992980957,63.65448760986328,25.59585952758789,82.5999984741211,60.60281753540039,67.67667388916016,15.98047924041748,73.78477478027344,63.65448760986328,60.9109992980957,73.78477478027344
2008-12-16,61.15285873413086,66.6504135131836,27.06729507446289,84.45999908447266,62.54936218261719,69.34994506835938,17.9367733001709,73.83299255371094,66.6504135131836,61.15285873413086,73.83299255371094
2008-12-17,61.47938919067383,66.00479888916016,26.93082618713379,85.43000030517578,63.746337890625,71.23169708251953,18.26688003540039,73.78477478027344,66.00479888916016,61.47938919067383,73.78477478027344
2008-12-18,61.86636734008789,64.77162170410156,26.106121063232422,83.87000274658203,64.0990982055664,72.72636413574219,16.74746322631836,73.73651885986328,64.77162170410156,61.86636734008789,73.73651885986328
2008-12-19,61.666812896728516,64.49300384521484,25.726394653320312,82.62999725341797,63.00293731689453,72.80371856689453,17.92222023010254,73.78477478027344,64.49300384521484,61.666812896728516,73.78477478027344
2008-12-22,61.999393463134766,63.6666374206543,25.54839515686035,83.45999908447266,63.45650100708008,72.24396514892578,17.247465133666992,73.88128662109375,63.6666374206543,61.999393463134766,73.88128662109375
2008-12-23,62.60411071777344,63.00847244262695,25.356718063354492,82.62999725341797,63.299034118652344,72.14871978759766,17.15038299560547,73.80086517333984,63.00847244262695,62.60411071777344,73.80086517333984
2008-12-24,62.90045166015625,63.374114990234375,25.69320297241211,83.45999908447266,63.31162643432617,71.99388885498047,17.352319717407227,73.88128662109375,63.374114990234375,62.90045166015625,73.88128662109375
2008-12-26,62.68880081176758,63.73973083496094,25.813386917114258,85.5999984741211,63.45650100708008,72.23210144042969,17.601638793945312,73.88128662109375,63.73973083496094,62.68880081176758,73.88128662109375
2008-12-29,63.17192840576172,63.556941986083984,25.819385528564453,86.3499984741211,63.24863052368164,72.14549255371094,16.589414596557617,73.62044525146484,63.556941986083984,63.17192840576172,73.62044525146484
2008-12-30,63.196163177490234,65.06336212158203,26.594511032104492,85.9000015258789,62.32889938354492,72.83255767822266,17.252592086791992,73.8780288696289,65.06336212158203,63.196163177490234,73.8780288696289
2008-12-31,63.23868179321289,65.99211883544922,26.955034255981445,86.5199966430664,62.517860412597656,71.30904388427734,18.175058364868164,73.71712493896484,65.99211883544922,63.23868179321289,73.71712493896484
2009-01-02,62.844146728515625,67.98127746582031,27.30353546142578,86.2300033569336,61.34615707397461,69.51655578613281,17.596649169921875,73.73313903808594,67.98127746582031,62.844146728515625,73.73313903808594
2009-01-05,63.845523834228516,67.9008560180664,26.86490249633789,84.4800033569336,61.119327545166016,67.72412872314453,17.27253532409668,73.73313903808594,67.9008560180664,63.845523834228516,73.73313903808594
2009-01-06,63.4874153137207,68.3542251586914,27.153310775756836,85.12999725341797,61.57291793823242,67.04302215576172,18.13517189025879,73.74929809570312,68.3542251586914,63.4874153137207,73.74929809570312
2009-01-07,62.90486145019531,66.30658721923828,26.684646606445312,82.75,61.64854431152344,67.30595397949219,17.526840209960938,73.86197662353516,66.30658721923828,62.90486145019531,73.86197662353516
2009-01-08,62.42542266845703,66.57719421386719,27.081220626831055,84.45999908447266,62.139896392822266,67.25210571289062,17.39719581604004,73.78150939941406,66.57719421386719,62.42542266845703,73.78150939941406
2009-01-09,62.212974548339844,65.15116882324219,26.143856048583984,83.91999816894531,62.68794631958008,67.35368347167969,16.504648208618164,73.82975006103516,65.15116882324219,62.212974548339844,73.82975006103516
2009-01-12,62.54071807861328,63.58616638183594,25.512941360473633,80.76000213623047,63.00293731689453,68.052734375,15.537310600280762,73.79752349853516,63.58616638183594,62.54071807861328,73.79752349853516
2009-01-13,62.64390182495117,63.70319366455078,25.044265747070312,80.87999725341797,62.990352630615234,68.12442016601562,16.006017684936523,73.89420318603516,63.70319366455078,62.64390182495117,73.89420318603516
2009-01-14,62.55889892578125,61.69942855834961,24.016782760620117,79.79000091552734,63.06599807739258,69.2477035522461,15.168322563171387,73.91024780273438,61.69942855834961,62.55889892578125,73.91024780273438
2009-01-15,62.552852630615234,61.721378326416016,24.233095169067383,80.38999938964844,63.06599807739258,69.3611831665039,15.666948318481445,73.92637634277344,61.721378326416016,62.552852630615234,73.92637634277344
2009-01-16,62.87453842163086,62.20404052734375,24.377290725708008,82.70999908447266,62.807682037353516,68.29174041748047,16.260330200195312,73.8780288696289,62.20404052734375,62.87453842163086,73.8780288696289
2009-01-19,62.87453842163086,62.20404052734375,24.377290725708008,82.70999908447266,62.807682037353516,68.29174041748047,16.260330200195312,73.8780288696289,62.20404052734375,62.87453842163086,73.8780288696289
2009-01-20,62.54674530029297,58.92051315307617,22.592710494995117,84.5199966430664,62.7698974609375,68.27984619140625,14.44032096862793,73.74929809570312,58.92051315307617,62.54674530029297,73.74929809570312
2009-01-21,62.219078063964844,61.46543884277344,23.698318481445312,84.1500015258789,61.812320709228516,66.12293243408203,15.951169967651367,73.8780288696289,61.46543884277344,62.219078063964844,73.8780288696289
2009-01-22,61.95204544067383,60.51470184326172,23.1455135345459,84.58000183105469,61.91941833496094,64.85025024414062,15.07857608795166,73.89420318603516,60.51470184326172,61.95204544067383,73.89420318603516
2009-01-23,61.85491943359375,60.777992248535156,22.983278274536133,88.52999877929688,62.146175384521484,64.34236145019531,15.537310600280762,73.8780288696289,60.777992248535156,61.85491943359375,73.8780288696289
2009-01-26,61.79420471191406,61.19483947753906,23.433937072753906,88.94999694824219,61.938331604003906,63.7807502746582,15.447551727294922,73.86197662353516,61.19483947753906,61.79420471191406,73.86197662353516
2009-01-27,62.10979080200195,61.81645965576172,23.890594482421875,88.37999725341797,62.4737548828125,65.28042602539062,15.666948318481445,73.82975006103516,61.81645965576172,62.10979080200195,73.82975006103516
2009-01-28,62.146240234375,63.90790557861328,24.593608856201172,87.41999816894531,62.51155471801758,63.64931106567383,17.023229598999023,73.79752349853516,63.90790557861328,62.146240234375,73.79752349853516
2009-01-29,61.59394454956055,61.8310432434082,23.475988388061523,89.5,62.20292663574219,62.18553161621094,15.632048606872559,73.79752349853516,61.8310432434082,61.59394454956055,73.79752349853516
2009-01-30,61.982364654541016,60.57324981689453,23.253671646118164,91.30999755859375,62.49266815185547,61.98836135864258,14.988813400268555,73.86197662353516,60.57324981689453,61.982364654541016,73.86197662353516
2009-02-02,61.876373291015625,60.39042282104492,23.025341033935547,88.83999633789062,62.71945571899414,63.14166259765625,15.352814674377441,73.90705108642578,60.39042282104492,61.876373291015625,73.90705108642578
2009-02-03,61.602272033691406,61.23871612548828,23.686296463012695,88.47000122070312,62.49266815185547,61.63779830932617,15.198241233825684,73.84264373779297,61.23871612548828,61.602272033691406,73.84264373779297
2009-02-04,61.51702880859375,60.93889236450195,23.56612205505371,89.18000030517578,62.366668701171875,61.42218780517578,14.829251289367676,73.89094543457031,60.93889236450195,61.51702880859375,73.89094543457031
2009-02-05,61.32209396362305,61.84568405151367,23.90261459350586,90.12000274658203,62.29736328125,61.476051330566406,14.515114784240723,73.85877227783203,61.84568405151367,61.32209396362305,73.85877227783203
2009-02-06,61.486595153808594,63.60810852050781,24.455408096313477,89.58999633789062,62.65645217895508,61.284339904785156,15.52234935760498,73.74602508544922,63.60810852050781,61.486595153808594,73.74602508544922
2009-02-09,61.492671966552734,63.695884704589844,24.449405670166016,88.31999969482422,63.31162643432617,61.482093811035156,15.75172233581543,73.84264373779297,63.695884704589844,61.492671966552734,73.84264373779297
2009-02-10,61.87027359008789,60.777992248535156,23.235647201538086,90.20999908447266,63.60142135620117,62.818084716796875,14.350571632385254,73.82650756835938,60.777992248535156,61.87027359008789,73.82650756835938
2009-02-11,61.858097076416016,61.13633346557617,23.488012313842773,92.29000091552734,63.431339263916016,63.63288497924805,14.6248197555542,73.81043243408203,61.13633346557617,61.858097076416016,73.81043243408203
2009-02-12,62.1870231628418,61.180213928222656,23.41590690612793,93.16999816894531,63.20449447631836,63.03379440307617,14.375503540039062,73.81043243408203,61.180213928222656,62.1870231628418,73.81043243408203
2009-02-13,61.998191833496094,60.522056579589844,23.16353416442871,92.55000305175781,62.93992614746094,61.35626983642578,13.492924690246582,73.87486267089844,60.522056579589844,61.998191833496094,73.87486267089844
2009-02-16,61.998191833496094,60.522056579589844,23.16353416442871,92.55000305175781,62.93992614746094,61.35626983642578,13.492924690246582,73.87486267089844,60.522056579589844,61.998191833496094,73.87486267089844
2009-02-17,62.046939849853516,57.9332389831543,21.9317569732666,95.44999694824219,63.32422637939453,63.26748275756836,12.535555839538574,73.87486267089844,57.9332389831543,62.046939849853516,73.87486267089844
2009-02-18,61.919002532958984,57.79430389404297,21.913724899291992,96.91000366210938,62.92732238769531,62.72825622558594,12.71506404876709,73.89094543457031,57.79430389404297,61.919002532958984,73.89094543457031
2009-02-19,61.82158660888672,57.17268371582031,21.883684158325195,95.7699966430664,62.75096130371094,61.66184997558594,12.166568756103516,73.89094543457031,57.17268371582031,61.82158660888672,73.89094543457031
2009-02-20,61.50484085083008,56.61692428588867,21.56522560119629,97.80000305175781,62.971435546875,62.26093673706055,12.93445873260498,73.89094543457031,56.61692428588867,61.50484085083008,73.89094543457031
2009-02-23,61.82158660888672,54.59123611450195,20.74203872680664,97.7300033569336,62.90846252441406,62.836124420166016,11.96213436126709,73.87486267089844,54.59123611450195,61.82158660888672,73.87486267089844
2009-02-24,61.699771881103516,56.660797119140625,21.607288360595703,94.7300033569336,62.366668701171875,62.770206451416016,12.97435474395752,73.82650756835938,56.660797119140625,61.699771881103516,73.82650756835938
2009-02-25,61.64491653442383,56.2147216796875,21.012422561645508,93.1500015258789,61.9950065612793,62.045265197753906,12.725038528442383,73.79436492919922,56.2147216796875,61.64491653442383,73.79436492919922
2009-02-26,61.32209396362305,55.30059051513672,20.83816909790039,93.05999755859375,61.4973258972168,61.392181396484375,12.071833610534668,73.81043243408203,55.30059051513672,61.32209396362305,73.81043243408203
2009-02-27,61.32820510864258,54.06468200683594,20.83816909790039,92.62999725341797,61.119327545166016,61.03870391845703,11.912266731262207,73.85877227783203,54.06468200683594,61.32820510864258,73.85877227783203
2009-03-02,61.53410720825195,51.62948989868164,19.64244270324707,90.93000030517578,61.503665924072266,62.04928207397461,11.169309616088867,73.90219116210938,51.62948989868164,61.53410720825195,73.90219116210938
2009-03-03,61.45466232299805,51.241912841796875,19.564329147338867,90.04000091552734,61.36503601074219,61.634708404541016,11.214189529418945,73.8861312866211,51.241912841796875,61.45466232299805,73.8861312866211
2009-03-04,61.16749954223633,52.45585632324219,20.43558692932129,88.98999786376953,61.245361328125,61.35236740112305,11.393695831298828,73.8861312866211,52.45585632324219,61.16749954223633,73.8861312866211
2009-03-05,61.369171142578125,50.313167572021484,19.612401962280273,91.98999786376953,61.812320709228516,63.05857467651367,10.690625190734863,73.90219116210938,50.313167572021484,61.369171142578125,73.90219116210938
2009-03-06,61.53410720825195,50.40092086791992,19.57634735107422,92.29000091552734,61.4028434753418,62.63803482055664,10.5460205078125,73.8861312866211,50.40092086791992,61.53410720825195,73.8861312866211
2009-03-09,61.112510681152344,49.80856704711914,19.047588348388672,90.56999969482422,61.16975021362305,62.271568298339844,10.780377388000488,73.8861312866211,49.80856704711914,61.112510681152344,73.8861312866211
2009-03-10,61.25301742553711,52.777626037597656,20.327434539794922,88.13999938964844,60.779178619384766,61.076019287109375,12.281255722045898,73.8861312866211,52.777626037597656,61.25301742553711,73.8861312866211
2009-03-11,61.39973449707031,53.1213264465332,20.441608428955078,89.22000122070312,61.08155822753906,61.7368278503418,12.081801414489746,73.8861312866211,53.1213264465332,61.39973449707031,73.8861312866211
2009-03-12,61.45466232299805,55.212833404541016,20.904264450073242,91.0999984741211,62.00760269165039,62.031211853027344,13.069090843200684,73.85389709472656,55.212833404541016,61.45466232299805,73.85389709472656
2009-03-13,61.51583480834961,55.64427947998047,21.04246711730957,91.30000305175781,61.988712310791016,61.71879196166992,12.789860725402832,73.83779907226562,55.64427947998047,61.51583480834961,73.83779907226562
2009-03-16,61.3264045715332,55.476112365722656,21.270803451538086,90.80000305175781,61.92571258544922,60.74552536010742,11.782623291015625,73.82170104980469,55.476112365722656,61.3264045715332,73.82170104980469
2009-03-17,61.143062591552734,57.17268371582031,21.829608917236328,90.04000091552734,61.86272048950195,60.41509246826172,12.6751708984375,73.8700180053711,57.17268371582031,61.143062591552734,73.8700180053711
2009-03-18,62.11463928222656,58.452484130859375,22.454505920410156,93.08999633789062,64.14946746826172,62.70407485961914,13.368270874023438,73.8861312866211,58.452484130859375,62.11463928222656,73.8861312866211
2009-03-19,62.26742172241211,57.728519439697266,22.442493438720703,94.3499984741211,64.44554901123047,62.782203674316406,12.550518989562988,73.83779907226562,57.728519439697266,62.26742172241211,73.83779907226562
2009-03-20,61.919105529785156,56.49924850463867,22.130046844482422,93.58999633789062,64.1242904663086,62.4337272644043,11.468487739562988,73.8700180053711,56.49924850463867,61.919105529785156,73.8700180053711
2009-03-23,61.919105529785156,60.557491302490234,23.72235107421875,92.08000183105469,64.11167907714844,61.893043518066406,13.323387145996094,73.8861312866211,60.557491302490234,61.919105529785156,73.8861312866211
2009-03-24,61.49745559692383,59.36431121826172,22.977270126342773,90.94999694824219,64.47703552246094,62.481781005859375,12.296212196350098,73.8700180053711,59.36431121826172,61.49745559692383,73.8700180053711
2009-03-25,61.2286262512207,59.99037170410156,23.3317813873291,91.9800033569336,64.38259887695312,61.640682220458984,12.498586654663086,73.90219116210938,59.99037170410156,61.2286262512207,73.90219116210938
2009-03-26,61.35083770751953,61.213008880615234,23.64423942565918,91.93000030517578,65.10071563720703,62.35565185546875,12.778252601623535,73.8861312866211,61.213008880615234,61.35083770751953,73.8861312866211
2009-03-27,61.39973449707031,60.10823440551758,22.88714027404785,90.69000244140625,64.93698120117188,62.81825256347656,12.208752632141113,73.90219116210938,60.10823440551758,61.39973449707031,73.90219116210938
2009-03-30,61.6869010925293,58.03120422363281,22.015880584716797,89.9800033569336,65.05661010742188,63.05857467651367,11.542635917663574,73.8861312866211,58.03120422363281,61.6869010925293,73.8861312866211
2009-03-31,62.00466537475586,58.56886672973633,22.586702346801758,90.27999877929688,64.72904968261719,63.50918197631836,12.346046447753906,73.85389709472656,58.56886672973633,62.00466537475586,73.85389709472656
2009-04-01,61.9745979309082,59.703125,23.175559997558594,91.02999877929688,64.95941162109375,64.08879852294922,12.279947280883789,73.86683654785156,59.703125,61.9745979309082,73.86683654785156
2009-04-02,61.778343200683594,61.44868469238281,24.221073150634766,88.80000305175781,64.56072235107422,63.30549621582031,13.169793128967285,73.81851196289062,61.44868469238281,61.778343200683594,73.81851196289062
2009-04-03,61.57604217529297,62.06002426147461,24.359272003173828,87.58999633789062,64.13665008544922,62.010135650634766,14.303714752197266,73.86683654785156,62.06002426147461,61.57604217529297,73.86683654785156
2009-04-06,61.56377029418945,61.573909759521484,23.854536056518555,85.2699966430664,64.08607482910156,61.74500274658203,14.14100456237793,73.85073852539062,61.573909759521484,61.56377029418945,73.85073852539062
2009-04-07,61.46569061279297,60.1376953125,23.355815887451172,86.73999786376953,63.99744415283203,61.90163040161133,13.083345413208008,73.85073852539062,60.1376953125,61.46569061279297,73.85073852539062
2009-04-08,61.66801834106445,60.78583908081055,23.590160369873047,86.61000061035156,64.31387329101562,62.449951171875,13.276576042175293,73.8829116821289,60.78583908081055,61.66801834106445,73.8829116821289
2009-04-09,61.57604217529297,63.201656341552734,24.221073150634766,86.30999755859375,64.11771392822266,61.66670227050781,15.056275367736816,73.83454132080078,63.201656341552734,61.57604217529297,73.83454132080078
2009-04-13,62.02372360229492,63.21641540527344,24.46141815185547,87.87999725341797,64.40879821777344,62.23301315307617,15.102041244506836,73.8829116821289,63.21641540527344,62.02372360229492,73.8829116821289
2009-04-14,62.011409759521484,62.1263313293457,24.227079391479492,87.37000274658203,64.4404296875,62.55845260620117,13.820653915405273,73.85073852539062,62.1263313293457,62.011409759521484,73.85073852539062
2009-04-15,62.183074951171875,62.78920364379883,24.545543670654297,87.5,64.47846221923828,62.449951171875,15.020679473876953,73.85073852539062,62.78920364379883,62.183074951171875,73.85073852539062
2009-04-16,62.07273864746094,63.70985412597656,24.701766967773438,85.80999755859375,64.23796081542969,61.955936431884766,15.524078369140625,73.89900970458984,63.70985412597656,62.07273864746094,73.89900970458984
2009-04-17,61.72932815551758,64.13703918457031,24.617643356323242,85.22000122070312,63.60504150390625,61.27508544921875,15.803756713867188,73.81851196289062,64.13703918457031,61.72932815551758,73.81851196289062
2009-04-20,62.085018157958984,61.44868469238281,23.608182907104492,86.94999694824219,63.661991119384766,62.2028694152832,14.176593780517578,73.85073852539062,61.44868469238281,62.085018157958984,73.85073852539062
2009-04-21,61.88875198364258,62.64926528930664,24.148963928222656,86.88999938964844,63.44684982299805,61.588340759277344,15.432559967041016,73.83454132080078,62.64926528930664,61.88875198364258,73.83454132080078
2009-04-22,62.054325103759766,62.26626968383789,23.95669174194336,87.37999725341797,63.60504150390625,61.21480178833008,14.893564224243164,73.8829116821289,62.26626968383789,62.054325103759766,73.8829116821289
2009-04-23,62.1340446472168,62.87760925292969,24.55756378173828,88.80000305175781,63.94050598144531,61.208740234375,15.564763069152832,73.91513061523438,62.87760925292969,62.1340446472168,73.91513061523438
2009-04-24,62.201499938964844,63.82771301269531,24.93610954284668,89.72000122070312,64.07971954345703,60.59425735473633,16.302066802978516,73.91513061523438,63.82771301269531,62.201499938964844,73.91513061523438
2009-04-27,62.299591064453125,63.22373962402344,24.64168357849121,89.01000213623047,64.14302062988281,60.853271484375,15.325775146484375,73.89900970458984,63.22373962402344,62.299591064453125,73.89900970458984
2009-04-28,62.28118896484375,63.02485275268555,24.407337188720703,87.75,64.14302062988281,59.859130859375,15.529173851013184,73.91513061523438,63.02485275268555,62.28118896484375,73.91513061523438
2009-04-29,62.02372360229492,64.36536407470703,25.032245635986328,88.33000183105469,63.8771858215332,59.328975677490234,16.205453872680664,73.89900970458984,64.36536407470703,62.02372360229492,73.89900970458984
2009-04-30,62.32411575317383,64.38745880126953,25.188465118408203,87.2699966430664,63.567073822021484,59.09398651123047,16.13426399230957,73.89900970458984,64.38745880126953,62.32411575317383,73.89900970458984
2009-05-01,62.08355712890625,64.73362731933594,25.4829044342041,86.94999694824219,62.95126724243164,58.68727111816406,15.605443000793457,73.92316436767578,64.73362731933594,62.08355712890625,73.92316436767578
2009-05-04,62.132808685302734,66.93585205078125,26.540422439575195,88.63999938964844,63.065921783447266,58.880653381347656,16.89191436767578,73.82652282714844,66.93585205078125,62.132808685302734,73.82652282714844
2009-05-05,62.26200485229492,66.70752716064453,26.27604866027832,88.25,63.084983825683594,58.80815505981445,16.26138687133789,73.84258270263672,66.70752716064453,62.26200485229492,73.84258270263672
2009-05-06,62.403472900390625,67.86387634277344,26.9129695892334,89.54000091552734,63.339725494384766,58.66912078857422,16.881736755371094,73.82652282714844,67.86387634277344,62.403472900390625,73.82652282714844
2009-05-07,62.12668991088867,66.92112731933594,26.462318420410156,89.44000244140625,63.40339279174805,57.23683166503906,15.915616989135742,73.82652282714844,66.92112731933594,62.12668991088867,73.82652282714844
2009-05-08,62.24351119995117,68.4825668334961,27.609981536865234,89.9800033569336,63.42885208129883,57.37583923339844,16.978355407714844,73.84258270263672,68.4825668334961,62.24351119995117,73.84258270263672
2009-05-11,62.286617279052734,67.20101928710938,26.90695571899414,89.69000244140625,63.747291564941406,58.19168472290039,16.33257484436035,73.82652282714844,67.20101928710938,62.286617279052734,73.82652282714844
2009-05-12,62.63105010986328,67.00213623046875,27.19537353515625,90.69999694824219,63.94470977783203,58.40320587158203,16.28681182861328,73.89097595214844,67.00213623046875,62.63105010986328,73.89097595214844
2009-05-13,62.6865119934082,65.31547546386719,26.27004051208496,91.08999633789062,63.93199920654297,59.0377311706543,15.218995094299316,73.84258270263672,65.31547546386719,62.6865119934082,73.84258270263672
2009-05-14,62.723350524902344,65.87525939941406,26.52841567993164,91.02999877929688,64.28865051269531,59.267459869384766,15.580024719238281,73.85877990722656,65.87525939941406,62.723350524902344,73.85877990722656
2009-05-15,62.8648567199707,65.33759307861328,26.288070678710938,91.55000305175781,64.42234802246094,59.24925994873047,15.056275367736816,73.85877990722656,65.33759307861328,62.8648567199707,73.85877990722656
2009-05-18,62.680328369140625,67.19361877441406,27.291515350341797,90.36000061035156,64.40323638916016,58.33070755004883,16.26647186279297,73.90707397460938,67.19361877441406,62.680328369140625,73.90707397460938
2009-05-19,62.73565673828125,67.11260986328125,27.53787612915039,90.95999908447266,64.53058624267578,58.02252197265625,15.95629596710205,73.89097595214844,67.11260986328125,62.73565673828125,73.89097595214844
2009-05-20,62.926368713378906,66.66332244873047,27.7181339263916,92.25,64.87451934814453,58.632877349853516,15.829179763793945,73.82652282714844,66.66332244873047,62.926368713378906,73.82652282714844
2009-05-21,62.72950744628906,65.70585632324219,27.507831573486328,93.8499984741211,64.23770141601562,57.158321380615234,15.874938011169434,73.8748779296875,65.70585632324219,62.72950744628906,73.8748779296875
2009-05-22,62.56346893310547,65.56590270996094,27.66405487060547,94.1500015258789,64.35231018066406,56.52371597290039,15.483404159545898,73.89097595214844,65.56590270996094,62.56346893310547,73.89097595214844
2009-05-25,62.56346893310547,65.56590270996094,27.66405487060547,94.1500015258789,64.35231018066406,56.52371597290039,15.483404159545898,73.89097595214844,65.56590270996094,62.56346893310547,73.89097595214844
2009-05-26,62.42194366455078,67.2452163696289,28.216859817504883,93.76000213623047,64.07846069335938,55.671627044677734,16.403766632080078,73.90707397460938,67.2452163696289,62.42194366455078,73.90707397460938
2009-05-27,62.077457427978516,66.0446548461914,27.67006492614746,93.44999694824219,63.93199920654297,54.686527252197266,15.808845520019531,73.90707397460938,66.0446548461914,62.077457427978516,73.90707397460938
2009-05-28,62.10203552246094,66.96531677246094,27.952472686767578,94.23999786376953,64.00202941894531,55.478206634521484,16.027484893798828,73.89097595214844,66.96531677246094,62.10203552246094,73.89097595214844
2009-05-29,62.76645278930664,68.151123046875,28.511293411254883,96.19999694824219,64.83625030517578,56.910499572753906,16.55631446838379,73.90707397460938,68.151123046875,62.76645278930664,73.90707397460938
2009-06-01,61.987735748291016,69.80097198486328,29.21430015563965,95.7300033569336,64.31919860839844,55.22801208496094,17.405481338500977,73.84903717041016,69.80097198486328,61.987735748291016,73.84903717041016
2009-06-02,62.41353225708008,69.8598861694336,29.4666748046875,96.36000061035156,64.77937316894531,55.52509689331055,17.04446029663086,73.84903717041016,69.8598861694336,62.41353225708008,73.84903717041016
2009-06-03,62.586273193359375,68.97604370117188,28.589397430419922,94.41000366210938,64.75383758544922,56.04650115966797,17.013952255249023,73.8813247680664,68.97604370117188,62.586273193359375,73.8813247680664
2009-06-04,62.067935943603516,69.62420654296875,28.7696590423584,96.2300033569336,64.10186004638672,54.88848114013672,17.558025360107422,73.8813247680664,69.62420654296875,62.067935943603516,73.8813247680664
2009-06-05,61.74711227416992,69.63892364501953,28.41514015197754,93.70999908447266,63.852638244628906,54.47012710571289,17.512266159057617,73.86519622802734,69.63892364501953,61.74711227416992,73.86519622802734
2009-06-08,61.58053207397461,69.35169982910156,28.355051040649414,93.55999755859375,63.603355407714844,54.330692291259766,17.191917419433594,73.8813247680664,69.35169982910156,61.58053207397461,73.8813247680664
2009-06-09,61.85811233520508,69.70519256591797,28.703563690185547,93.83000183105469,64.03157043457031,54.32460403442383,17.191917419433594,73.86519622802734,69.70519256591797,61.85811233520508,73.86519622802734
2009-06-10,61.685394287109375,69.52845764160156,28.757646560668945,93.86000061035156,64.06355285644531,53.46973419189453,16.89191436767578,73.8813247680664,69.52845764160156,61.685394287109375,73.8813247680664
2009-06-11,61.90132141113281,69.83780670166016,29.250354766845703,93.69999694824219,64.18498992919922,54.06391906738281,16.5461483001709,73.8329849243164,69.83780670166016,61.90132141113281,73.8329849243164
2009-06-12,62.2037353515625,70.0293197631836,29.100143432617188,92.16999816894531,64.06355285644531,54.54894256591797,17.146162033081055,73.89741516113281,70.0293197631836,62.2037353515625,73.89741516113281
2009-06-15,62.43817138671875,68.42366027832031,28.05462074279785,91.0999984741211,63.993263244628906,55.04008483886719,16.33257484436035,73.89741516113281,68.42366027832031,62.43817138671875,73.89741516113281
2009-06-16,62.524566650390625,67.49563598632812,27.73015022277832,91.93000030517578,64.20418548583984,55.998023986816406,16.032567977905273,73.91353607177734,67.49563598632812,62.524566650390625,73.91353607177734
2009-06-17,62.64798355102539,67.42935943603516,27.808273315429688,92.3499984741211,63.782318115234375,55.682762145996094,15.727481842041016,73.91353607177734,67.42935943603516,62.64798355102539,73.91353607177734
2009-06-18,62.24073028564453,67.92280578613281,27.76019859313965,91.61000061035156,63.62251663208008,54.84000778198242,15.834261894226074,73.89741516113281,67.92280578613281,62.24073028564453,73.89741516113281
2009-06-19,62.46902847290039,68.17318725585938,28.198827743530273,91.9000015258789,64.02518463134766,55.59183120727539,15.991887092590332,73.91353607177734,68.17318725585938,62.46902847290039,73.91353607177734
2009-06-22,62.56158447265625,66.12887573242188,27.291515350341797,90.54000091552734,64.13384246826172,56.131404876708984,15.157977104187012,73.91353607177734,66.12887573242188,62.56158447265625,73.91353607177734
2009-06-23,62.765228271484375,66.18067932128906,27.650497436523438,90.91999816894531,64.44703674316406,56.792259216308594,15.26983642578125,73.91353607177734,66.18067932128906,62.765228271484375,73.91353607177734
2009-06-24,62.59861755371094,66.75102996826172,27.6750431060791,91.44999694824219,64.11467742919922,56.22235870361328,15.603199005126953,73.91353607177734,66.75102996826172,62.59861755371094,73.91353607177734
2009-06-25,62.888633728027344,68.20280456542969,28.25800132751465,92.30999755859375,64.48538208007812,57.2530632019043,15.809928894042969,73.91353607177734,68.20280456542969,62.888633728027344,73.91353607177734
2009-06-26,63.07371520996094,68.02499389648438,28.202768325805664,92.29000091552734,64.48538208007812,57.35009002685547,15.944311141967773,73.91353607177734,68.02499389648438,63.07371520996094,73.91353607177734
2009-06-29,63.0181884765625,68.66201782226562,28.442089080810547,92.04000091552734,64.53009796142578,57.43490219116211,15.933969497680664,73.91353607177734,68.66201782226562,63.0181884765625,73.91353607177734
