Date,AGGH.MI,CSPX.L,EFA,GLD,TIP,TLT,VNQ,XEON.MI,SPY,AGG
2016-08-26,85.19036102294922,185.5673370361328,44.162071228027344,126.05000305175781,86.34100341796875,105.07057189941406,59.83920669555664,139.03909301757812,185.5673370361328,85.19036102294922
2016-08-29,85.42544555664062,186.4811553955078,44.29826354980469,126.30000305175781,86.6544189453125,106.47555541992188,60.42958068847656,139.01620483398438,186.4811553955078,85.42544555664062
2016-08-30,85.37989807128906,186.1736602783203,44.23773956298828,125.02999877929688,86.57978057861328,106.0654525756836,60.31424331665039,139.0135040283203,186.1736602783203,85.37989807128906
2016-08-31,85.36477661132812,185.64418029785156,44.14693832397461,124.77999877929688,86.59471893310547,106.21736907958984,60.37530517578125,139.01210021972656,185.64418029785156,85.36477661132812
2016-09-01,85.43924713134766,185.6527099609375,44.44957733154297,125.29000091552734,86.66815948486328,106.33442687988281,60.226009368896484,139.01930236816406,185.6527099609375,85.43924713134766
2016-09-02,85.3252944946289,186.48971557617188,44.96405792236328,126.56999969482422,86.57072448730469,105.46720886230469,60.74851989746094,139.0364990234375,186.48971557617188,85.3252944946289
2016-09-05,85.3252944946289,186.48971557617188,44.96405792236328,126.56999969482422,86.57072448730469,105.46720886230469,60.74851989746094,139.00259399414062,186.48971557617188,85.3252944946289
2016-09-06,85.50759887695312,187.05332946777344,45.266685485839844,128.7100067138672,86.98265075683594,106.23555755615234,61.21675491333008,139.02239990234375,187.05332946777344,85.50759887695312
2016-09-07,85.55321502685547,187.0362548828125,45.289398193359375,128.27000427246094,87.09503936767578,106.15945434570312,61.58320617675781,138.99710083007812,187.0362548828125,85.55321502685547
2016-09-08,85.25689697265625,186.60922241210938,45.1607780456543,127.58999633789062,86.78795623779297,104.82813262939453,60.82997512817383,139.0146942138672,186.60922241210938,85.25689697265625
2016-09-09,84.88460540771484,182.1427459716797,44.28312301635742,126.75,86.18879699707031,103.10114288330078,58.4209098815918,138.993896484375,182.1427459716797,84.88460540771484
2016-09-12,84.95298767089844,184.75601196289062,44.64628601074219,126.58999633789062,86.21878051757812,103.1544418334961,59.113094329833984,138.98789978027344,184.75601196289062,84.95298767089844
2016-09-13,84.71749877929688,182.1000213623047,43.74594497680664,125.75,85.83678436279297,101.98280334472656,57.62898254394531,138.99949645996094,182.1000213623047,84.71749877929688
2016-09-14,84.8238296508789,182.03173828125,43.685420989990234,126.18000030517578,85.97159576416016,102.1349868774414,57.81349182128906,138.98410034179688,182.03173828125,84.8238296508789
2016-09-15,84.87702941894531,183.85076904296875,44.063716888427734,125.37000274658203,85.94911193847656,101.69367980957031,58.032127380371094,138.99339294433594,183.85076904296875,84.87702941894531
2016-09-16,84.93781280517578,183.14007568359375,43.49627685546875,125.05999755859375,86.0914306640625,102.5152816772461,58.05945587158203,138.98049926757812,183.14007568359375,84.93781280517578
2016-09-19,84.86943054199219,183.17437744140625,43.72325134277344,125.31999969482422,85.98660278320312,102.1805648803711,58.585594177246094,138.9759063720703,183.17437744140625,84.86943054199219
2016-09-20,84.8998031616211,183.18299865722656,43.98805618286133,125.44000244140625,85.97159576416016,102.53819274902344,58.496768951416016,138.97109985351562,183.18299865722656,84.8998031616211
2016-09-21,85.112548828125,185.2429962158203,44.75977325439453,127.2699966430664,86.37602996826172,103.367431640625,59.2484016418457,138.9709930419922,185.2429962158203,85.112548828125
2016-09-22,85.28729248046875,186.41026306152344,45.21373748779297,127.56999969482422,86.80290222167969,104.18910217285156,60.30751037597656,138.9654998779297,186.41026306152344,85.28729248046875
2016-09-23,85.26446533203125,185.38890075683594,44.83543395996094,127.6500015258789,87.04256439208984,104.09013366699219,60.49198913574219,138.9665985107422,185.38890075683594,85.26446533203125
2016-09-26,85.37088012695312,183.8868408203125,44.41930389404297,127.55000305175781,87.08003997802734,104.7520523071289,60.63546371459961,138.98080444335938,183.8868408203125,85.37088012695312
2016-09-27,85.47726440429688,185.02847290039062,44.63115692138672,126.62000274658203,87.15495300292969,105.52043914794922,59.99319076538086,138.997802734375,185.02847290039062,85.47726440429688
2016-09-28,85.49998474121094,185.9468231201172,44.94892883300781,126.22000122070312,87.25978088378906,105.29222869873047,60.485164642333984,138.97650146484375,185.9468231201172,85.49998474121094
2016-09-29,85.49998474121094,184.26449584960938,44.38904571533203,126.06999969482422,87.24481964111328,105.5584716796875,59.67885971069336,138.9864044189453,184.26449584960938,85.49998474121094
2016-09-30,85.40889739990234,185.65493774414062,44.737091064453125,125.63999938964844,87.24481964111328,104.61511993408203,59.26890182495117,138.92820739746094,185.65493774414062,85.40889739990234
2016-10-03,85.31216430664062,185.20860290527344,44.61601638793945,125.31999969482422,87.16242218017578,104.2698745727539,58.16194534301758,138.94129943847656,185.20860290527344,85.31216430664062
2016-10-04,85.0229263305664,184.26449584960938,44.60845947265625,120.97000122070312,86.73548889160156,103.0504379272461,57.36931610107422,138.91400146484375,184.26449584960938,85.0229263305664
2016-10-05,84.90880584716797,185.0798797607422,44.790042877197266,120.77999877929688,86.5932388305664,102.57026672363281,56.2077522277832,138.84840393066406,185.0798797607422,84.90880584716797
2016-10-06,84.90880584716797,185.20860290527344,44.54793930053711,119.66000366210938,86.63815307617188,101.9986572265625,56.22824478149414,138.9095001220703,185.20860290527344,84.90880584716797
2016-10-07,84.92402648925781,184.57350158691406,44.32096481323242,119.73999786376953,86.6156997680664,102.06721496582031,56.132564544677734,138.92889404296875,184.57350158691406,84.92402648925781
2016-10-10,84.88597106933594,185.53482055664062,44.44957733154297,120.16000366210938,86.49585723876953,101.46517181396484,56.48106002807617,138.91299438476562,185.53482055664062,84.88597106933594
2016-10-11,84.75655364990234,183.1915740966797,43.82160949707031,119.55000305175781,86.42845153808594,101.23651123046875,55.93441390991211,138.90109252929688,183.1915740966797,84.75655364990234
2016-10-12,84.7869873046875,183.43194580078125,43.72325134277344,119.73999786376953,86.39851379394531,101.33560943603516,56.57671356201172,138.9152069091797,183.43194580078125,84.7869873046875
2016-10-13,84.90880584716797,182.83106994628906,43.556793212890625,120.02999877929688,86.5333023071289,101.71665954589844,57.02085494995117,138.91709899902344,182.83106994628906,84.90880584716797
2016-10-14,84.76414489746094,182.9254608154297,43.63246536254883,119.36000061035156,86.45094299316406,100.29141235351562,56.76800537109375,138.8917999267578,182.9254608154297,84.76414489746094
2016-10-17,84.90880584716797,182.2903289794922,43.50383758544922,119.68000030517578,86.84036254882812,100.931640625,56.89103317260742,138.9134063720703,182.2903289794922,84.90880584716797
2016-10-18,85.04579162597656,183.43194580078125,43.93510055541992,120.41999816894531,86.89280700683594,101.2593765258789,57.253170013427734,138.9073028564453,183.43194580078125,85.04579162597656
2016-10-19,85.09146881103516,183.92115783691406,44.056148529052734,121.11000061035156,87.01262664794922,101.34317016601562,57.37614822387695,138.91090393066406,183.92115783691406,85.09146881103516
2016-10-20,85.06103515625,183.5778350830078,44.12424087524414,120.73999786376953,86.87784576416016,101.44987487792969,57.24634552001953,138.90170288085938,183.5778350830078,85.06103515625
2016-10-21,85.1142807006836,183.66366577148438,44.0258903503418,120.83000183105469,86.97518157958984,101.6023178100586,57.034515380859375,138.9049072265625,183.66366577148438,85.1142807006836
2016-10-24,84.98489379882812,184.4447021484375,44.01831817626953,120.55999755859375,86.84036254882812,101.1603012084961,57.16436004638672,138.9049072265625,184.4447021484375,84.98489379882812
2016-10-25,84.98489379882812,183.82675170898438,43.98805618286133,121.47000122070312,86.97518157958984,101.42705535888672,57.061866760253906,138.88499450683594,183.82675170898438,84.98489379882812
2016-10-26,84.81742858886719,183.45765686035156,43.791351318359375,120.79000091552734,86.88534545898438,100.74112701416016,56.31705856323242,138.8916015625,183.45765686035156,84.81742858886719
2016-10-27,84.60436248779297,182.96844482421875,43.73838806152344,121.01000213623047,86.51084899902344,99.64363098144531,54.84114456176758,138.89439392089844,182.96844482421875,84.60436248779297
2016-10-28,84.60436248779297,182.4276580810547,43.72325134277344,121.58000183105469,86.60819244384766,99.42256164550781,54.9709587097168,138.89830017089844,182.4276580810547,84.60436248779297
2016-10-31,84.71089172363281,182.43624877929688,43.74594497680664,121.94000244140625,86.77294158935547,100.03228759765625,55.8660888671875,138.89089965820312,182.43624877929688,84.71089172363281
2016-11-01,84.6651611328125,181.1144256591797,43.556793212890625,122.7300033569336,86.78044128417969,100.03992462158203,54.64982223510742,138.89089965820312,181.1144256591797,84.6651611328125
2016-11-02,84.76427459716797,180.02435302734375,43.2617301940918,123.63999938964844,86.81793212890625,100.4751968383789,53.85035705566406,138.8820037841797,180.02435302734375,84.76427459716797
2016-11-03,84.64986419677734,179.20040893554688,43.21633529663086,124.30000305175781,86.57072448730469,99.70397186279297,53.43355941772461,138.89010620117188,179.20040893554688,84.64986419677734
2016-11-04,84.82530212402344,179.0029754638672,42.80021667480469,124.38999938964844,86.79545593261719,100.59739685058594,53.85721206665039,138.8802947998047,179.0029754638672,84.82530212402344
2016-11-07,84.7261734008789,182.95127868652344,43.390350341796875,122.1500015258789,86.75051879882812,99.74213409423828,54.80015182495117,138.87539672851562,182.95127868652344,84.7261734008789
2016-11-08,84.58890533447266,183.77528381347656,43.51140594482422,121.63999938964844,86.60071563720703,99.33740234375,55.08713150024414,138.87350463867188,183.77528381347656,84.58890533447266
2016-11-09,83.80343627929688,185.7235565185547,43.54923629760742,121.55999755859375,85.95661163330078,95.12229919433594,54.25352478027344,138.86439514160156,185.7235565185547,83.80343627929688
2016-11-10,83.4603271484375,186.18714904785156,43.42818832397461,119.75,85.8068618774414,93.71728515625,53.34473419189453,138.86709594726562,186.18714904785156,83.4603271484375
2016-11-11,83.30781555175781,185.75794982910156,43.16337585449219,117.0999984741211,85.56717681884766,93.19039916992188,53.66587448120117,138.8748016357422,185.75794982910156,83.30781555175781
2016-11-14,82.9722900390625,185.90390014648438,42.9288330078125,116.11000061035156,84.90809631347656,92.63297271728516,54.93680191040039,138.8614959716797,185.90390014648438,82.9722900390625
2016-11-15,83.03331756591797,187.35443115234375,43.117984771728516,117.12000274658203,84.96051025390625,93.09114074707031,54.479007720947266,138.84500122070312,187.35443115234375,83.03331756591797
2016-11-16,83.21633911132812,187.0024871826172,42.664031982421875,116.7699966430664,85.14027404785156,93.93110656738281,54.32184600830078,138.856201171875,187.0024871826172,83.21633911132812
2016-11-17,82.90369415283203,187.96385192871094,42.98936462402344,116.16999816894531,84.99798583984375,92.54898071289062,53.768375396728516,138.85369873046875,187.96385192871094,82.90369415283203
2016-11-18,82.63679504394531,187.5432891845703,42.52027893066406,115.1500015258789,84.87068176269531,92.28169250488281,53.925537109375,138.83909606933594,187.5432891845703,82.63679504394531
2016-11-21,82.70538330078125,188.95950317382812,42.88344192504883,115.58000183105469,85.0728988647461,92.51080322265625,53.761531829833984,138.8031005859375,188.95950317382812,82.70538330078125
2016-11-22,82.78167724609375,189.32858276367188,42.98936462402344,115.54000091552734,85.14773559570312,92.48021697998047,54.7044792175293,138.80499267578125,189.32858276367188,82.78167724609375
2016-11-23,82.49190521240234,189.43157958984375,42.83803939819336,113.25,84.86316680908203,92.1213607788086,54.472171783447266,138.79200744628906,189.43157958984375,82.49190521240234
2016-11-24,82.49190521240234,189.43157958984375,42.83803939819336,113.25,84.86316680908203,92.1213607788086,54.472171783447266,138.83340454101562,189.43157958984375,82.49190521240234
2016-11-25,82.48426055908203,190.13539123535156,42.9666633605957,112.61000061035156,84.72087097167969,92.25877380371094,54.78648376464844,138.81170654296875,190.13539123535156,82.48426055908203
2016-11-28,82.77407836914062,189.2427520751953,42.739688873291016,113.80000305175781,84.84817504882812,92.93839263916016,55.039302825927734,138.82749938964844,189.2427520751953,82.77407836914062
2016-11-29,82.86554718017578,189.61180114746094,43.01206588745117,113.2699966430664,84.9305419921875,93.32785034179688,55.56543731689453,138.82179260253906,189.61180114746094,82.86554718017578
2016-11-30,82.53765106201172,189.1569061279297,42.9666633605957,111.75,84.97552490234375,91.81592559814453,54.92998123168945,138.8361053466797,189.1569061279297,82.53765106201172
2016-12-01,82.26570129394531,188.46168518066406,42.80021667480469,111.54000091552734,84.73077392578125,90.8464584350586,54.12369155883789,138.8220977783203,188.46168518066406,82.26570129394531
2016-12-02,82.52543640136719,188.55604553222656,42.9061393737793,112.13999938964844,84.77584075927734,91.51219177246094,54.66350173950195,138.82659912109375,188.55604553222656,82.52543640136719
2016-12-05,82.59416961669922,189.68907165527344,43.32981872558594,111.54000091552734,84.89591217041016,91.41270446777344,55.06663131713867,138.83250427246094,189.68907165527344,82.59416961669922
2016-12-06,82.57892608642578,190.28988647460938,43.62489318847656,111.43000030517578,85.06105041503906,91.34381866455078,55.421932220458984,138.81919860839844,190.28988647460938,82.57892608642578
2016-12-07,82.79283142089844,192.77902221679688,44.275569915771484,111.83000183105469,85.13610076904297,92.12429809570312,56.52889633178711,138.81390380859375,192.77902221679688,82.79283142089844
2016-12-08,82.64000701904297,193.2510986328125,44.23773956298828,111.56999969482422,85.0535888671875,91.03773498535156,56.91836166381836,138.81390380859375,193.2510986328125,82.64000701904297
2016-12-09,82.38792419433594,194.41844177246094,44.4268798828125,110.4000015258789,84.66326141357422,89.90528869628906,56.856868743896484,138.82850646972656,194.41844177246094,82.38792419433594
2016-12-12,82.3115234375,194.1952362060547,44.23017120361328,110.81999969482422,84.64825439453125,90.07366180419922,57.23268127441406,138.81280517578125,194.1952362060547,82.3115234375
2016-12-13,82.41846466064453,195.49131774902344,44.706817626953125,110.44999694824219,84.61823272705078,90.39501190185547,57.20532989501953,138.7924041748047,195.49131774902344,82.41846466064453
2016-12-14,81.96771240234375,193.87765502929688,44.04857635498047,108.83000183105469,83.95020294189453,89.38502502441406,55.95490264892578,138.78590393066406,193.87765502929688,81.96771240234375
2016-12-15,81.86840057373047,194.6759033203125,43.95022964477539,107.33999633789062,83.42485046386719,89.83646392822266,55.626930236816406,138.78109741210938,194.6759033203125,81.86840057373047
2016-12-16,81.9218978881836,194.29515075683594,43.980491638183594,108.05000305175781,83.37980651855469,89.62986755371094,56.46055221557617,138.8018035888672,194.29515075683594,81.9218978881836
2016-12-19,82.13581085205078,194.71826171875,43.91239929199219,108.58999633789062,83.72506713867188,90.59398651123047,57.068687438964844,138.79299926757812,194.71826171875,82.13581085205078
2016-12-20,82.05936431884766,195.46934509277344,44.063716888427734,107.79000091552734,83.80763244628906,90.14250183105469,57.19853591918945,138.79220581054688,195.46934509277344,82.05936431884766
2016-12-21,82.2351303100586,194.9254608154297,44.07594680786133,107.8499984741211,84.01777648925781,90.54041290283203,56.33073806762695,138.78700256347656,194.9254608154297,82.2351303100586
2016-12-22,82.2343521118164,194.58868408203125,43.97657012939453,107.58999633789062,84.28047943115234,90.37849426269531,56.23656463623047,138.7863006591797,194.58868408203125,82.2343521118164
2016-12-23,82.2573013305664,194.87364196777344,44.09122848510742,107.93000030517578,84.37805938720703,90.56263732910156,56.38304138183594,138.7852020263672,194.87364196777344,82.2573013305664
2016-12-27,82.19603729248047,195.3571014404297,44.03772735595703,108.55999755859375,84.34053039550781,90.2710952758789,56.501644134521484,138.7725067138672,195.3571014404297,82.19603729248047
2016-12-28,82.32626342773438,193.7425994873047,43.86955642700195,108.86000061035156,84.55818176269531,90.93091583251953,56.1598014831543,138.77769470214844,193.7425994873047,82.32626342773438
2016-12-29,82.5789566040039,193.69943237304688,43.97657012939453,110.29000091552734,84.66326141357422,91.2530746459961,56.8574333190918,138.777099609375,193.69943237304688,82.5789566040039
2016-12-30,82.74742126464844,192.99147033691406,44.12945556640625,109.61000061035156,84.94098663330078,91.39120483398438,57.57600402832031,138.76759338378906,192.99147033691406,82.74742126464844
2017-01-02,82.74742126464844,192.99147033691406,44.12945556640625,109.61000061035156,84.94098663330078,91.39120483398438,57.57600402832031,138.76519775390625,192.99147033691406,82.74742126464844
2017-01-03,82.83161163330078,194.46786499023438,44.40464401245117,110.47000122070312,85.02352905273438,91.78242492675781,57.764373779296875,138.77450561523438,194.46786499023438,82.83161163330078
2017-01-04,82.8546371459961,195.62478637695312,44.909156799316406,110.86000061035156,85.21117401123047,92.13531494140625,58.608524322509766,138.764404296875,195.62478637695312,82.8546371459961
2017-01-05,83.1991958618164,195.46934509277344,45.291358947753906,112.58000183105469,85.50389099121094,93.57756042480469,58.796878814697266,138.75729370117188,195.46934509277344,83.1991958618164
2017-01-06,82.92355346679688,196.16871643066406,45.13848114013672,111.75,85.15115356445312,92.71834564208984,58.80385208129883,138.75729370117188,196.16871643066406,82.92355346679688
2017-01-09,83.06135559082031,195.5211639404297,45.069679260253906,112.66999816894531,85.2862548828125,93.46247100830078,58.27366638183594,138.7631072998047,195.5211639404297,83.06135559082031
2017-01-10,83.03832244873047,195.5211639404297,45.07731628417969,113.1500015258789,85.35375213623047,93.401123046875,57.77831268310547,138.75880432128906,195.5211639404297,83.03832244873047
2017-01-11,83.1379623413086,196.0737762451172,45.31428909301758,113.5,85.6240005493164,93.71566009521484,57.422550201416016,138.7554931640625,196.0737762451172,83.1379623413086
2017-01-12,83.1685791015625,195.58160400390625,45.38308334350586,113.91000366210938,85.69904327392578,93.50852966308594,57.71554946899414,138.7324981689453,195.58160400390625,83.1685791015625
2017-01-13,83.0230484008789,196.03054809570312,45.55125427246094,114.20999908447266,85.5489273071289,93.06358337402344,57.63180923461914,138.75509643554688,196.03054809570312,83.0230484008789
2017-01-16,83.0230484008789,196.03054809570312,45.55125427246094,114.20999908447266,85.5489273071289,93.06358337402344,57.63180923461914,138.7449951171875,196.03054809570312,83.0230484008789
2017-01-17,83.3064193725586,195.33984375,45.38308334350586,115.8499984741211,85.81909942626953,94.0378646850586,58.07829666137695,138.74920654296875,195.33984375,83.3064193725586
2017-01-18,82.94651794433594,195.77157592773438,45.253143310546875,114.87000274658203,85.39879608154297,92.83341979980469,58.175968170166016,138.74270629882812,195.77157592773438,82.94651794433594
2017-01-19,82.73208618164062,195.0463104248047,45.13848114013672,114.7699966430664,85.33126831054688,92.19670867919922,57.5830192565918,138.8115997314453,195.0463104248047,82.73208618164062
2017-01-20,82.76272583007812,195.7629852294922,45.39837646484375,115.05000305175781,85.34626007080078,92.01258087158203,58.0015754699707,138.7373046875,195.7629852294922,82.76272583007812
2017-01-23,82.99242401123047,195.25352478027344,45.513038635253906,115.79000091552734,85.69153594970703,92.9332046508789,58.489906311035156,138.7333984375,195.25352478027344,82.99242401123047
2017-01-24,82.86229705810547,196.5054473876953,45.627708435058594,115.2699966430664,85.5489273071289,92.29642486572266,58.503875732421875,138.7406005859375,196.5054473876953,82.86229705810547
2017-01-25,82.6402359008789,198.20631408691406,46.10163879394531,114.31999969482422,85.27119445800781,91.13802337646484,58.12013626098633,138.7406005859375,198.20631408691406,82.6402359008789
2017-01-26,82.69378662109375,197.99911499023438,45.91817855834961,113.26000213623047,85.39879608154297,91.44486236572266,58.00855255126953,138.7270050048828,197.99911499023438,82.69378662109375
2017-01-27,82.76272583007812,197.68824768066406,45.84173583984375,113.48999786376953,85.5414047241211,91.77471160888672,57.44346237182617,138.72279357910156,197.68824768066406,82.76272583007812
2017-01-30,82.72444152832031,196.46229553222656,45.513038635253906,113.97000122070312,85.51890563964844,91.49856567382812,57.05278015136719,138.72279357910156,196.46229553222656,82.72444152832031
2017-01-31,82.92355346679688,196.4449920654297,45.581844329833984,115.55000305175781,85.69904327392578,92.13531494140625,57.46437454223633,138.72279357910156,196.4449920654297,82.92355346679688
2017-02-01,82.80693054199219,196.52267456054688,45.765296936035156,115.19999694824219,85.51890563964844,91.56562042236328,56.77370071411133,138.71499633789062,196.52267456054688,82.80693054199219
2017-02-02,82.85294342041016,196.65219116210938,45.78822708129883,115.83999633789062,85.52638244628906,91.52719116210938,57.45043182373047,138.7136993408203,196.65219116210938,82.85294342041016
2017-02-03,82.8759536743164,198.00770568847656,45.971683502197266,116.12999725341797,85.43634796142578,91.4887466430664,57.764373779296875,138.7104034423828,198.00770568847656,82.8759536743164
2017-02-06,83.11381530761719,197.65370178222656,45.642982482910156,117.69999694824219,85.64654541015625,92.04228210449219,57.66670227050781,138.70790100097656,197.65370178222656,83.11381530761719
2017-02-07,83.19824981689453,197.66238403320312,45.597129821777344,117.45999908447266,85.60900115966797,92.71885681152344,57.46437454223633,138.70289611816406,197.66238403320312,83.19824981689453
2017-02-08,83.43610382080078,197.92135620117188,45.67356872558594,118.19000244140625,85.81158447265625,93.97966003417969,57.9178581237793,138.6929931640625,197.92135620117188,83.43610382080078
2017-02-09,83.23653411865234,199.09555053710938,45.86466979980469,117.29000091552734,85.64654541015625,92.89570617675781,58.057373046875,138.7001953125,199.09555053710938,83.23653411865234
2017-02-10,83.22120666503906,199.88125610351562,45.971683502197266,117.5999984741211,85.71403503417969,92.84185791015625,58.46898651123047,138.6977996826172,199.88125610351562,83.22120666503906
2017-02-13,83.09847259521484,200.9691162109375,46.1551399230957,116.80000305175781,85.57892608642578,92.5497055053711,58.489906311035156,138.69439697265625,200.9691162109375,83.09847259521484
2017-02-14,82.91432189941406,201.77206420898438,46.08634948730469,116.93000030517578,85.37628936767578,91.88081359863281,58.182952880859375,138.69070434570312,201.77206420898438,82.91432189941406
2017-02-15,82.78386688232422,202.82540893554688,46.262168884277344,117.44999694824219,85.48887634277344,91.45797729492188,57.98760986328125,138.69020080566406,202.82540893554688,82.78386688232422
2017-02-16,82.96036529541016,202.6527099609375,46.36918640136719,118.08000183105469,85.48887634277344,91.9577407836914,58.329444885253906,138.6873016357422,202.6527099609375,82.96036529541016
2017-02-17,83.14449310302734,202.97215270996094,46.24686813354492,117.68000030517578,85.68401336669922,92.50354766845703,58.441078186035156,138.68629455566406,202.97215270996094,83.14449310302734
2017-02-20,83.14449310302734,202.97215270996094,46.24686813354492,117.68000030517578,85.68401336669922,92.50354766845703,58.441078186035156,138.67979431152344,202.97215270996094,83.14449310302734
2017-02-21,83.13682556152344,204.18089294433594,46.39976119995117,117.75,85.67652893066406,92.34208679199219,59.18754959106445,138.67799377441406,204.18089294433594,83.13682556152344
2017-02-22,83.1905288696289,203.9995880126953,46.39976119995117,117.91000366210938,85.83413696289062,92.49589538574219,58.992218017578125,138.672607421875,203.9995880126953,83.1905288696289
2017-02-23,83.32866668701172,204.1376953125,46.49913024902344,118.94000244140625,86.0367660522461,92.77266693115234,59.299163818359375,138.67239379882812,204.1376953125,83.32866668701172
2017-02-24,83.63558959960938,204.39674377441406,46.16279220581055,119.69999694824219,86.28450012207031,93.80289459228516,59.57822799682617,138.67469787597656,204.39674377441406,83.63558959960938
2017-02-27,83.48212432861328,204.7161865234375,46.19337463378906,119.12000274658203,86.05181884765625,93.24934387207031,59.89216613769531,138.67210388183594,204.7161865234375,83.48212432861328
2017-02-28,83.45912170410156,204.1636199951172,46.124576568603516,119.2300033569336,86.05181884765625,93.5953140258789,59.480560302734375,138.66549682617188,204.1636199951172,83.45912170410156
2017-03-01,83.06697082519531,207.0213623046875,46.606143951416016,119.05999755859375,85.53390502929688,92.02699279785156,59.299163818359375,138.66769409179688,207.0213623046875,83.06697082519531
2017-03-02,82.91322326660156,205.71771240234375,46.30038833618164,117.58000183105469,85.26371002197266,91.69573974609375,58.97824478149414,138.66400146484375,205.71771240234375,82.91322326660156
2017-03-03,82.9747543334961,205.84719848632812,46.5755729675293,117.51000213623047,85.4588623046875,91.93455505371094,58.74806213378906,138.65989685058594,205.84719848632812,82.9747543334961
2017-03-06,82.93629455566406,205.23419189453125,46.430328369140625,116.72000122070312,85.3687973022461,91.4954833984375,58.48295211791992,138.6595001220703,205.23419189453125,82.93629455566406
2017-03-07,82.82862854003906,204.6211700439453,46.26980972290039,115.77999877929688,85.21868896484375,91.21815490722656,58.203880310058594,138.65060424804688,204.6211700439453,82.82862854003906
2017-03-08,82.62873077392578,204.2413330078125,46.10163879394531,115.05999755859375,84.85090637207031,90.72518157958984,57.1295166015625,138.65060424804688,204.2413330078125,82.62873077392578
2017-03-09,82.37501525878906,204.50033569335938,46.2774543762207,114.47000122070312,84.6257095336914,90.00108337402344,56.27143859863281,138.6457977294922,204.50033569335938,82.37501525878906
2017-03-10,82.498046875,205.21694946289062,46.66729736328125,114.72000122070312,84.78331756591797,90.31695556640625,56.097007751464844,138.64370727539062,205.21694946289062,82.498046875
2017-03-13,82.35960388183594,205.32054138183594,46.91191482543945,114.73999786376953,84.58821868896484,89.74691009521484,56.23656463623047,138.6381072998047,205.32054138183594,82.35960388183594
2017-03-14,82.39038848876953,204.53492736816406,46.552642822265625,114.12000274658203,84.52815246582031,90.17826080322266,56.22257995605469,138.6374969482422,204.53492736816406,82.39038848876953
2017-03-15,82.86712646484375,206.30479431152344,47.217674255371094,116.25,85.29376220703125,91.27978515625,57.35973358154297,138.64259338378906,206.30479431152344,82.86712646484375
2017-03-16,82.77483367919922,205.89901733398438,47.44700241088867,116.7300033569336,85.2336654663086,90.8176040649414,57.24811935424805,138.6320037841797,205.89901733398438,82.77483367919922
2017-03-17,82.95166778564453,205.53741455078125,47.569305419921875,116.98999786376953,85.42135620117188,91.38764190673828,57.513221740722656,138.63279724121094,205.53741455078125,82.95166778564453
2017-03-20,83.07469940185547,205.3119354248047,47.469932556152344,117.51000213623047,85.5489273071289,91.78044128417969,57.46437454223633,138.6295928955078,205.3119354248047,83.07469940185547
2017-03-21,83.24382781982422,202.67588806152344,47.25589370727539,118.54000091552734,85.60900115966797,92.5430679321289,57.2132568359375,138.622802734375,202.67588806152344,83.24382781982422
2017-03-22,83.359130859375,203.15277099609375,47.26354217529297,118.83000183105469,85.75157165527344,92.91280364990234,57.181602478027344,138.62420654296875,203.15277099609375,83.359130859375
2017-03-23,83.38223266601562,202.93600463867188,47.37057113647461,118.66999816894531,85.65399169921875,92.78186798095703,57.60325622558594,138.61849975585938,202.93600463867188,83.38223266601562
2017-03-24,83.31301879882812,202.78858947753906,47.500511169433594,118.86000061035156,85.90168762207031,93.11309814453125,57.53999710083008,138.61680603027344,202.78858947753906,83.31301879882812
2017-03-27,83.512939453125,202.58047485351562,47.6228141784668,119.52999877929688,86.06684112548828,93.5367660522461,57.019989013671875,138.6230010986328,202.58047485351562,83.512939453125
2017-03-28,83.32066345214844,204.05465698242188,47.85213088989258,119.04000091552734,85.7816162109375,92.91280364990234,57.265933990478516,138.61610412597656,204.05465698242188,83.32066345214844
2017-03-29,83.5052490234375,204.2454071044922,47.85213088989258,119.33000183105469,86.00676727294922,93.46742248535156,57.58918380737305,138.5989990234375,204.2454071044922,83.5052490234375
2017-03-30,83.35150909423828,204.89573669433594,47.68396759033203,118.47000122070312,85.796630859375,92.7125473022461,57.69460678100586,138.5989990234375,204.89573669433594,83.35150909423828
2017-03-31,83.4129409790039,204.4188232421875,47.615169525146484,118.72000122070312,86.05181884765625,92.9821548461914,58.0389518737793,138.60400390625,204.4188232421875,83.4129409790039
2017-04-03,83.72268676757812,204.0632781982422,47.5463752746582,119.3499984741211,86.25850677490234,93.91999816894531,58.207611083984375,138.5926971435547,204.0632781982422,83.72268676757812
2017-04-04,83.6456527709961,204.19334411621094,47.53108596801758,119.62000274658203,86.16080474853516,93.41057586669922,58.207611083984375,138.6013946533203,204.19334411621094,83.6456527709961
2017-04-05,83.73809814453125,203.5863494873047,47.278831481933594,119.62000274658203,86.32614135742188,93.69615173339844,58.291934967041016,138.57589721679688,203.5863494873047,83.73809814453125
2017-04-06,83.73039245605469,204.15869140625,47.286476135253906,119.18000030517578,86.28103637695312,93.5572509765625,58.60112762451172,138.5926055908203,204.15869140625,83.73039245605469
2017-04-07,83.5455093383789,203.95057678222656,47.25589370727539,119.45999908447266,85.94280242919922,93.1789779663086,58.685482025146484,138.59620666503906,203.95057678222656,83.5455093383789
2017-04-10,83.6533432006836,204.0719451904297,47.202392578125,119.45999908447266,85.98794555664062,93.61125946044922,59.0509033203125,138.58999633789062,204.0719451904297,83.6533432006836
2017-04-11,83.89221954345703,203.82916259765625,47.424072265625,121.19000244140625,86.15323638916016,94.49893951416016,59.458492279052734,138.585205078125,203.82916259765625,83.89221954345703
2017-04-12,84.07710266113281,202.93600463867188,47.38585662841797,122.0199966430664,86.47647094726562,95.0161361694336,59.353065490722656,138.5791015625,202.93600463867188,84.07710266113281
2017-04-13,84.1849594116211,201.61793518066406,47.08008575439453,122.5999984741211,86.60421752929688,95.30946350097656,59.21955108642578,138.56900024414062,201.61793518066406,84.1849594116211
2017-04-17,84.13871765136719,203.40428161621094,47.37057113647461,122.23999786376953,86.40129852294922,95.0161361694336,59.93635177612305,138.56900024414062,203.40428161621094,84.13871765136719
2017-04-18,84.47774505615234,202.79725646972656,47.156524658203125,122.81999969482422,86.58917236328125,96.25894165039062,60.09797286987305,138.5742950439453,202.79725646972656,84.47774505615234
2017-04-19,84.34672546386719,202.4243927001953,46.965415954589844,121.7300033569336,86.43135070800781,95.73406982421875,60.013633728027344,138.5731964111328,202.4243927001953,84.34672546386719
2017-04-20,84.2157974243164,204.0719451904297,47.33998107910156,121.95999908447266,86.34114837646484,95.36353302001953,60.020668029785156,138.5644989013672,204.0719451904297,84.2157974243164
2017-04-21,84.23892974853516,203.42160034179688,47.37057113647461,122.30999755859375,86.22090911865234,95.36353302001953,59.802825927734375,138.55799865722656,203.42160034179688,84.23892974853516
2017-04-24,84.11565399169922,205.65882873535156,48.5706901550293,121.4800033569336,86.1983871459961,94.89266967773438,59.1422233581543,138.55990600585938,205.65882873535156,84.11565399169922
2017-04-25,83.83826446533203,206.8554229736328,48.91466522216797,120.25,86.05555725097656,93.75022888183594,59.388214111328125,138.55990600585938,206.8554229736328,83.83826446533203
2017-04-26,83.94612121582031,206.72537231445312,48.77708053588867,120.83999633789062,86.2359390258789,94.26737213134766,58.94546127319336,138.55320739746094,206.72537231445312,83.94612121582031
2017-04-27,84.0231704711914,206.8988494873047,48.82294464111328,120.38999938964844,86.31110382080078,94.23649597167969,58.790889739990234,138.5507049560547,206.8988494873047,84.0231704711914
2017-04-28,84.16950225830078,206.4479217529297,48.76943588256836,120.7699966430664,86.43887329101562,94.44495391845703,58.17948913574219,138.552001953125,206.4479217529297,84.16950225830078
2017-05-01,83.95255279541016,206.96815490722656,48.96817398071289,119.66999816894531,86.14799499511719,93.65979766845703,58.523841857910156,138.552001953125,206.96815490722656,83.95255279541016
2017-05-02,84.06841278076172,207.0462646484375,49.220436096191406,119.6500015258789,86.14799499511719,94.13941192626953,58.425453186035156,138.5482940673828,207.0462646484375,84.06841278076172
2017-05-03,83.98344421386719,206.7947540283203,49.12105941772461,117.9800033569336,85.95968627929688,94.2012939453125,57.64542770385742,138.53179931640625,206.7947540283203,83.98344421386719
2017-05-04,83.91397094726562,207.03758239746094,49.58734893798828,116.79000091552734,85.63567352294922,93.73716735839844,57.36432647705078,138.53219604492188,207.03758239746094,83.91397094726562
2017-05-05,83.92942810058594,207.8526611328125,50.13772201538086,117.01000213623047,85.70348358154297,93.82222747802734,57.90544509887695,138.5352020263672,207.8526611328125,83.92942810058594
2017-05-08,83.76725006103516,207.81800842285156,49.763160705566406,116.75,85.37202453613281,93.31172180175781,57.497825622558594,138.5316925048828,207.81800842285156,83.76725006103516
2017-05-09,83.77506256103516,207.62721252441406,49.64086151123047,116.05000305175781,85.29666900634766,93.303955078125,57.18861389160156,138.52740478515625,207.62721252441406,83.77506256103516
2017-05-10,83.79814147949219,208.00010681152344,49.7172966003418,116.04000091552734,85.3268051147461,93.19567108154297,57.63837814331055,138.5258026123047,208.00010681152344,83.79814147949219
2017-05-11,83.79041290283203,207.57521057128906,49.59498977661133,116.5,85.58296966552734,93.19567108154297,57.35027313232422,138.5238037109375,207.57521057128906,83.79041290283203
2017-05-12,84.0992431640625,207.22833251953125,49.87018585205078,116.83000183105469,85.71858215332031,93.89959716796875,57.118377685546875,138.51669311523438,207.22833251953125,84.0992431640625
2017-05-15,84.06841278076172,208.37295532226562,50.122440338134766,117.13999938964844,85.49256134033203,93.64434814453125,57.287017822265625,138.51800537109375,208.37295532226562,84.06841278076172
2017-05-16,84.17646026611328,208.1822052001953,50.4434928894043,117.6500015258789,85.55281829833984,93.9924087524414,56.90052032470703,138.51539611816406,208.1822052001953,84.17646026611328
2017-05-17,84.60890197753906,204.48817443847656,49.87018585205078,119.79000091552734,86.05005645751953,95.36158752441406,57.13242721557617,138.51170349121094,204.48817443847656,84.60890197753906
2017-05-18,84.56254577636719,205.3119354248047,49.95425796508789,118.80999755859375,86.18569946289062,95.46985626220703,57.448646545410156,138.5102996826172,205.3119354248047,84.56254577636719
2017-05-19,84.56254577636719,206.64730834960938,50.53521728515625,119.4000015258789,86.33638763427734,95.69418334960938,57.75783920288086,138.50779724121094,206.64730834960938,84.56254577636719
2017-05-22,84.50847625732422,207.69664001464844,50.59637451171875,119.9000015258789,86.20076751708984,95.43118286132812,57.98271942138672,138.50779724121094,207.69664001464844,84.50847625732422
2017-05-23,84.34632110595703,208.15618896484375,50.60401153564453,119.13999938964844,86.07270812988281,94.78919219970703,58.031944274902344,138.50210571289062,208.15618896484375,84.34632110595703
2017-05-24,84.4930648803711,208.6417694091797,50.63459777832031,119.61000061035156,86.12543487548828,95.32292175292969,58.50275421142578,138.5102996826172,208.6417694091797,84.4930648803711
2017-05-25,84.53167724609375,209.63893127441406,50.63459777832031,119.4800033569336,85.98983001708984,95.35381317138672,58.5097770690918,138.51849365234375,209.63893127441406,84.53167724609375
2017-05-26,84.50079345703125,209.5956268310547,50.48936080932617,120.54000091552734,86.19328308105469,95.51629638671875,58.0881462097168,138.48460388183594,209.5956268310547,84.50079345703125
2017-05-29,84.50079345703125,209.5956268310547,50.48936080932617,120.54000091552734,86.19328308105469,95.51629638671875,58.0881462097168,138.49490356445312,209.5956268310547,84.50079345703125
2017-05-30,84.66297149658203,209.41357421875,50.43585205078125,120.13999938964844,86.38162231445312,95.98812866210938,57.72272491455078,138.4857940673828,209.41357421875,84.66297149658203
2017-05-31,84.74784851074219,209.36146545410156,50.49700164794922,120.62000274658203,86.40422058105469,96.22792053222656,57.75783920288086,138.48289489746094,209.36146545410156,84.74784851074219
2017-06-01,84.70916748046875,211.02639770507812,50.82569122314453,120.72000122070312,86.36494445800781,96.2380142211914,58.06001281738281,138.48129272460938,211.02639770507812,84.70916748046875
2017-06-02,84.9876937866211,211.72877502441406,51.38371276855469,121.61000061035156,86.71229553222656,97.37754821777344,58.6573486328125,138.48129272460938,211.72877502441406,84.9876937866211
2017-06-05,84.85616302490234,211.5727081298828,51.100894927978516,121.7300033569336,86.48577880859375,96.77289581298828,58.40437698364258,138.47039794921875,211.5727081298828,84.85616302490234
2017-06-06,85.02643585205078,210.89633178710938,50.95564651489258,123.0999984741211,86.58395385742188,97.30000305175781,58.12327575683594,138.47659301757812,210.89633178710938,85.02643585205078
2017-06-07,84.92581939697266,211.2865447998047,50.970943450927734,122.44999694824219,86.38005065917969,96.83491516113281,58.53086471557617,138.4777069091797,211.2865447998047,84.92581939697266
2017-06-08,84.84072875976562,211.39059448242188,50.879215240478516,121.6500015258789,86.2894287109375,96.5791015625,58.390323638916016,138.46859741210938,211.39059448242188,84.84072875976562
2017-06-09,84.77108764648438,211.0697479248047,50.68810272216797,120.54000091552734,86.2138900756836,96.43179321289062,58.79789352416992,138.46690368652344,211.0697479248047,84.77108764648438
2017-06-12,84.77108764648438,211.02639770507812,50.49700164794922,120.36000061035156,86.03266906738281,96.40081787109375,59.32496643066406,138.46690368652344,211.02639770507812,84.77108764648438
2017-06-13,84.79427337646484,212.05828857421875,50.88684844970703,120.4800033569336,86.17615509033203,96.41631317138672,59.458492279052734,138.46690368652344,212.05828857421875,84.79427337646484
2017-06-14,85.06507873535156,211.7894744873047,50.8486328125,119.81999969482422,86.19125366210938,97.90460205078125,59.54279327392578,138.4595947265625,211.7894744873047,85.06507873535156
2017-06-15,85.01094818115234,211.38189697265625,50.32119369506836,119.31999969482422,85.76837158203125,97.74959564208984,59.84498596191406,138.41200256347656,211.38189697265625,85.01094818115234
2017-06-16,85.06507873535156,211.42808532714844,50.74925231933594,119.33999633789062,85.8438949584961,97.94337463378906,59.690391540527344,138.4528045654297,211.42808532714844,85.06507873535156
2017-06-19,84.94903564453125,213.18824768066406,50.95564651489258,118.43000030517578,85.74571990966797,97.80388641357422,59.697410583496094,138.44189453125,213.18824768066406,84.94903564453125
2017-06-20,85.08057403564453,211.75050354003906,50.545509338378906,118.18000030517578,85.83637237548828,98.67982482910156,59.55687713623047,138.43479919433594,211.75050354003906,85.08057403564453
2017-06-21,85.09605407714844,211.69822692871094,50.48335647583008,118.5199966430664,85.97225952148438,98.88130187988281,59.437400817871094,138.4326934814453,211.69822692871094,85.09605407714844
2017-06-22,85.13471984863281,211.60240173339844,50.47559356689453,118.91999816894531,86.25167083740234,99.09839630126953,59.493621826171875,138.43299865722656,211.60240173339844,85.13471984863281
2017-06-23,85.1501693725586,211.85507202148438,50.59986877441406,119.43000030517578,86.31964874267578,99.05193328857422,59.7000732421875,138.43209838867188,211.85507202148438,85.1501693725586
2017-06-26,85.2275619506836,211.9944610595703,50.68532943725586,118.36000061035156,86.45552825927734,99.42400360107422,60.1257438659668,138.42950439453125,211.9944610595703,85.2275619506836
2017-06-27,84.97220611572266,210.28663635253906,50.67756271362305,118.80999755859375,86.04777526855469,98.36199188232422,59.58654022216797,138.42950439453125,210.28663635253906,84.97220611572266
2017-06-28,85.00318908691406,212.16873168945312,51.12031555175781,118.9000015258789,86.11576843261719,98.03643035888672,59.72843933105469,138.41729736328125,212.16873168945312,85.00318908691406
2017-06-29,84.84072875976562,210.30409240722656,50.61541748046875,118.31999969482422,85.77594757080078,97.2147445678711,59.04737091064453,138.42080688476562,210.30409240722656,84.84072875976562
2017-06-30,84.73238372802734,210.6961212158203,50.646484375,118.0199966430664,85.65511322021484,96.98992919921875,59.04737091064453,138.4508056640625,210.6961212158203,84.73238372802734
2017-07-03,84.5811996459961,211.0533905029297,50.584346771240234,116.08999633789062,85.49764251708984,96.67767333984375,59.799400329589844,138.41529846191406,211.0533905029297,84.5811996459961
2017-07-04,84.5811996459961,211.0533905029297,50.584346771240234,116.08999633789062,85.49764251708984,96.67767333984375,59.799400329589844,138.41529846191406,211.0533905029297,84.5811996459961
2017-07-05,84.62774658203125,211.54136657714844,50.584346771240234,116.5199966430664,85.6263427734375,96.70095825195312,58.95515060424805,138.4208984375,211.54136657714844,84.62774658203125
2017-07-06,84.46489715576172,209.60694885253906,50.35908126831055,116.47000122070312,85.40679168701172,95.90089416503906,57.84840774536133,138.4062042236328,209.60694885253906,84.46489715576172
2017-07-07,84.43387603759766,210.96627807617188,50.36685562133789,115.27999877929688,85.14183044433594,95.32608795166016,58.17475509643555,138.4062042236328,210.96627807617188,84.43387603759766
2017-07-10,84.47262573242188,211.19281005859375,50.49113082885742,115.47000122070312,85.10393524169922,95.4659194946289,57.64265060424805,138.402099609375,211.19281005859375,84.47262573242188
2017-07-11,84.55015563964844,211.03602600097656,50.60765075683594,115.62000274658203,85.3764877319336,95.6290054321289,57.57883071899414,138.39599609375,211.03602600097656,84.55015563964844
2017-07-12,84.80604553222656,212.62188720703125,51.011573791503906,116.02999877929688,85.6263427734375,96.28929138183594,58.288265228271484,138.393798828125,212.62188720703125,84.80604553222656
2017-07-13,84.71302032470703,212.9791717529297,51.15916442871094,115.81999969482422,85.5960464477539,95.68338012695312,58.38050842285156,138.38870239257812,212.9791717529297,84.71302032470703
2017-07-14,84.79828643798828,213.97247314453125,51.51648712158203,116.7699966430664,85.58846282958984,95.79987335205078,58.94095230102539,138.3883056640625,213.97247314453125,84.79828643798828
2017-07-17,84.83705139160156,213.9463653564453,51.41550827026367,117.29000091552734,85.7625961303711,96.0639877319336,59.41628646850586,138.3878936767578,213.9463653564453,84.83705139160156
2017-07-18,85.03091430664062,214.0596466064453,51.46211242675781,118.11000061035156,86.00486755371094,96.9029312133789,59.28860092163086,138.38519287109375,214.0596466064453,85.03091430664062
2017-07-19,85.0541000366211,215.21852111816406,51.68738555908203,118.08000183105469,86.07301330566406,96.94174194335938,59.735538482666016,138.3874969482422,215.21852111816406,85.0541000366211
2017-07-20,85.0774154663086,215.31443786621094,51.89710998535156,118.23999786376953,85.86104583740234,97.2214126586914,59.45886993408203,138.39199829101562,215.31443786621094,85.0774154663086
2017-07-21,85.2247314453125,215.12271118164062,51.69515609741211,119.26000213623047,85.98973083496094,97.63311767578125,59.41628646850586,138.38279724121094,215.12271118164062,85.2247314453125
2017-07-24,85.14715576171875,215.07041931152344,51.555328369140625,119.30999755859375,85.98973083496094,97.25247955322266,59.302772521972656,138.37399291992188,215.07041931152344,85.14715576171875
2017-07-25,84.84483337402344,215.59324645996094,51.625244140625,118.91999816894531,85.6566162109375,95.98633575439453,59.380802154541016,138.32769775390625,215.59324645996094,84.84483337402344
2017-07-26,85.00758361816406,215.60189819335938,51.94371795654297,119.87999725341797,85.90644836425781,96.1417007446289,59.79228973388672,138.36630249023438,215.60189819335938,85.00758361816406
2017-07-27,84.88360595703125,215.40147399902344,51.82720947265625,119.79000091552734,85.84588623046875,95.6678466796875,59.86325454711914,138.3665008544922,215.40147399902344,84.88360595703125
2017-07-28,85.0541000366211,215.1488494873047,51.88157272338867,120.69000244140625,86.05028533935547,96.23487854003906,59.7000732421875,138.32440185546875,215.1488494873047,85.0541000366211
2017-07-31,85.01538848876953,215.02685546875,51.990325927734375,120.75,86.05028533935547,96.35142517089844,59.778099060058594,138.3612060546875,215.02685546875,85.01538848876953
2017-08-01,85.24848175048828,215.506103515625,52.27774429321289,120.6500015258789,86.12393188476562,97.02792358398438,60.04768371582031,138.2852020263672,215.506103515625,85.24848175048828
2017-08-02,85.18630981445312,215.6106719970703,52.30105209350586,120.4000015258789,86.07836151123047,97.08241271972656,59.50141525268555,138.2852020263672,215.6106719970703,85.18630981445312
2017-08-03,85.35720825195312,215.1923828125,52.33211135864258,120.58999633789062,86.31352233886719,98.08662414550781,59.380802154541016,138.34800720214844,215.1923828125,85.35720825195312
2017-08-04,85.21739959716797,215.58450317382812,52.40201950073242,119.6500015258789,86.19213104248047,97.25367736816406,59.57947540283203,138.3511962890625,215.58450317382812,85.21739959716797
2017-08-07,85.20964813232422,215.98533630371094,52.425323486328125,119.51000213623047,86.290771484375,97.36265563964844,59.51559829711914,138.34739685058594,215.98533630371094,85.20964813232422
2017-08-08,85.13188934326172,215.45379638671875,52.14568328857422,119.86000061035156,86.35147857666016,97.01234436035156,59.23180389404297,138.34039306640625,215.45379638671875,85.13188934326172
2017-08-09,85.20964813232422,215.44509887695312,52.060237884521484,121.30999755859375,86.51073455810547,97.54170227050781,59.03318786621094,138.3520965576172,215.44509887695312,85.20964813232422
2017-08-10,85.29512023925781,212.40403747558594,51.322288513183594,122.20999908447266,86.73070526123047,98.37467956542969,58.60750198364258,138.35350036621094,212.40403747558594,85.29512023925781
2017-08-11,85.3650131225586,212.71768188476562,51.22907638549805,122.79000091552734,86.6776123046875,98.42139434814453,58.24569320678711,138.35350036621094,212.71768188476562,85.3650131225586
2017-08-14,85.32615661621094,214.82640075683594,51.601932525634766,121.91999816894531,86.33627319335938,97.91535949707031,59.21763229370117,138.3426971435547,214.82640075683594,85.32615661621094
2017-08-15,85.20182800292969,214.80026245117188,51.563087463378906,120.9800033569336,86.07836151123047,97.5027847290039,59.040260314941406,138.3426971435547,214.80026245117188,85.20182800292969
2017-08-16,85.35720825195312,215.1749725341797,51.85826873779297,121.87000274658203,86.23007202148438,97.86083221435547,59.27439498901367,138.34339904785156,215.1749725341797,85.35720825195312
2017-08-17,85.4815444946289,211.82017517089844,51.27569580078125,122.48999786376953,86.44249725341797,98.5926284790039,58.90547561645508,138.2655029296875,211.82017517089844,85.4815444946289
2017-08-18,85.42713928222656,211.48910522460938,51.41550827026367,122.30000305175781,86.4576416015625,98.56929779052734,58.309547424316406,138.3256072998047,211.48910522460938,85.42713928222656
2017-08-21,85.48931121826172,211.6546630859375,51.39997100830078,122.76000213623047,86.48797607421875,98.81062316894531,58.933860778808594,138.33360290527344,211.6546630859375,85.48931121826172
2017-08-22,85.41163635253906,213.8679656982422,51.648536682128906,122.20999908447266,86.38180541992188,98.42916107177734,58.76359558105469,138.32640075683594,213.8679656982422,85.41163635253906
2017-08-23,85.60587310791016,213.10110473632812,51.656307220458984,122.66999816894531,86.61695098876953,99.09864807128906,59.36662673950195,138.31910705566406,213.10110473632812,85.60587310791016
2017-08-24,85.49710083007812,212.6044464111328,51.5398063659668,122.29000091552734,86.39694213867188,98.73274993896484,59.18217086791992,138.32179260253906,212.6044464111328,85.49710083007812
2017-08-25,85.55924987792969,213.10110473632812,51.85049819946289,122.73999786376953,86.54106140136719,99.11415100097656,59.4659423828125,138.32589721679688,213.10110473632812,85.55924987792969
2017-08-28,85.5903549194336,213.10983276367188,51.85049819946289,124.69000244140625,86.6093521118164,99.0519027709961,59.01191329956055,138.32589721679688,213.10983276367188,85.5903549194336
2017-08-29,85.71466827392578,213.35385131835938,51.64077377319336,124.41999816894531,86.74588775634766,99.37113952636719,58.94805145263672,138.2978057861328,213.35385131835938,85.71466827392578
2017-08-30,85.69911193847656,214.36460876464844,51.570858001708984,124.36000061035156,86.72315216064453,99.3399429321289,59.28147506713867,138.28509521484375,214.36460876464844,85.69911193847656
2017-08-31,85.81563568115234,215.6542205810547,51.967041015625,125.81999969482422,86.943115234375,99.63577270507812,59.622039794921875,138.2761993408203,215.6542205810547,85.81563568115234
2017-09-01,85.62098693847656,215.9591827392578,52.036930084228516,126.05999755859375,86.74320220947266,98.87364959716797,59.82777404785156,138.2864990234375,215.9591827392578,85.62098693847656
2017-09-04,85.62098693847656,215.9591827392578,52.036930084228516,126.05999755859375,86.74320220947266,98.87364959716797,59.82777404785156,138.2895050048828,215.9591827392578,85.62098693847656
2017-09-05,85.97135925292969,214.408203125,51.68738555908203,127.45999908447266,87.30567169189453,100.44161224365234,59.664588928222656,138.29949951171875,214.408203125,85.97135925292969
2017-09-06,85.87792205810547,215.14012145996094,52.005863189697266,126.80999755859375,87.19926452636719,99.82534790039062,59.8206787109375,138.2917938232422,215.14012145996094,85.87792205810547
2017-09-07,86.08816528320312,215.11398315429688,52.4330940246582,128.1300048828125,87.56411743164062,100.84722137451172,60.20376205444336,138.27149963378906,215.11398315429688,86.08816528320312
2017-09-08,85.98694610595703,214.86123657226562,52.440860748291016,127.97000122070312,87.57928466796875,100.62881469726562,60.25343704223633,138.27720642089844,214.86123657226562,85.98694610595703
2017-09-11,85.75334930419922,217.1529541015625,52.85255813598633,126.19000244140625,87.24484252929688,99.42752075195312,60.80680847167969,138.27670288085938,217.1529541015625,85.75334930419922
2017-09-12,85.62879180908203,217.8849639892578,53.015689849853516,126.55999755859375,87.10041046142578,98.90485382080078,60.09025955200195,138.27149963378906,217.8849639892578,85.62879180908203
2017-09-13,85.54314422607422,217.98947143554688,52.728271484375,125.61000061035156,86.9407958984375,98.51484680175781,59.9341926574707,138.26870727539062,217.98947143554688,85.54314422607422
2017-09-14,85.5898666381836,217.9197235107422,52.82149887084961,126.16000366210938,87.07765197753906,98.92041015625,60.430809020996094,138.26690673828125,217.9197235107422,85.5898666381836
2017-09-15,85.57428741455078,218.21316528320312,52.86810302734375,125.52999877929688,87.03205108642578,98.95945739746094,60.544315338134766,138.27569580078125,218.21316528320312,85.57428741455078
2017-09-18,85.53536224365234,218.67724609375,52.93800735473633,124.36000061035156,86.99404907226562,98.3900146484375,60.21796798706055,138.260498046875,218.67724609375,85.53536224365234
2017-09-19,85.48866271972656,218.89617919921875,53.18657684326172,124.62000274658203,86.89523315429688,98.14817810058594,59.8206787109375,138.25990295410156,218.89617919921875,85.48866271972656
2017-09-20,85.41860961914062,218.97496032714844,53.070064544677734,123.62000274658203,86.6519775390625,98.2183837890625,59.65747833251953,138.25489807128906,218.97496032714844,85.41860961914062
2017-09-21,85.4029769897461,218.38833618164062,52.96131896972656,122.68000030517578,86.45433044433594,98.16381072998047,59.54397964477539,138.25390625,218.38833618164062,85.4029769897461
2017-09-22,85.46533203125,218.43206787109375,53.12443542480469,123.23999786376953,86.67475891113281,98.44461059570312,59.12397766113281,138.2510986328125,218.43206787109375,85.46533203125
2017-09-25,85.66771697998047,217.9854736328125,52.82149887084961,124.52999877929688,86.91800689697266,99.06083679199219,59.4680290222168,138.24569702148438,217.9854736328125,85.66771697998047
2017-09-26,85.63655853271484,218.11683654785156,52.70497131347656,123.13999938964844,86.8495864868164,98.88143920898438,59.56834411621094,138.24530029296875,218.11683654785156,85.63655853271484
2017-09-27,85.38742065429688,218.96624755859375,52.74381637573242,121.9800033569336,86.58355712890625,97.39151763916016,59.03080368041992,138.24240112304688,218.96624755859375,85.38742065429688
2017-09-28,85.39525604248047,219.22894287109375,52.88362503051758,122.20999908447266,86.52276611328125,97.10289001464844,59.43217086791992,138.24110412597656,219.22894287109375,85.39525604248047
2017-09-29,85.32511901855469,219.99949645996094,53.19435501098633,121.58000183105469,86.33273315429688,97.3213119506836,59.55402374267578,138.231201171875,219.99949645996094,85.32511901855469
2017-10-02,85.37745666503906,220.95408630371094,53.147735595703125,120.7699966430664,86.2171401977539,97.14309692382812,59.4680290222168,138.22940063476562,220.95408630371094,85.37745666503906
2017-10-03,85.44761657714844,221.42691040039062,53.32640075683594,120.83000183105469,86.3007583618164,97.23687744140625,59.38200759887695,138.22779846191406,221.42691040039062,85.44761657714844
2017-10-04,85.42424774169922,221.6896209716797,53.22541427612305,121.16999816894531,86.37686157226562,97.24473571777344,59.68303298950195,138.22549438476562,221.6896209716797,85.42424774169922
2017-10-05,85.38521575927734,223.0031280517578,53.19435501098633,120.5199966430664,86.28557586669922,96.87737274169922,59.89805221557617,138.22239685058594,223.0031280517578,85.38521575927734
2017-10-06,85.2603759765625,222.74920654296875,53.15550994873047,121.08999633789062,86.2171401977539,96.6037826538086,59.70454788208008,138.2104949951172,222.74920654296875,85.2603759765625
2017-10-09,85.37745666503906,222.38145446777344,53.171051025390625,122.08000183105469,86.24755859375,96.90857696533203,59.847862243652344,138.2104949951172,222.38145446777344,85.37745666503906
2017-10-10,85.38521575927734,222.9680938720703,53.67595291137695,122.4000015258789,86.39967346191406,97.06492614746094,60.027061462402344,138.22300720214844,222.9680938720703,85.38521575927734
2017-10-11,85.40080261230469,223.31837463378906,53.80801010131836,122.79000091552734,86.506103515625,97.25254821777344,60.22776412963867,138.20799255371094,223.31837463378906,85.40080261230469
2017-10-12,85.50224304199219,222.98561096191406,53.76140594482422,122.88999938964844,86.66580200195312,97.66680145263672,60.61479568481445,138.20799255371094,222.98561096191406,85.50224304199219
2017-10-13,85.71295928955078,223.25711059570312,54.04104995727539,123.81999969482422,86.7874755859375,98.37029266357422,60.772483825683594,138.21080017089844,223.25711059570312,85.71295928955078
2017-10-16,85.6270523071289,223.5548553466797,54.002197265625,122.97000122070312,86.58976745605469,98.29994201660156,60.47146224975586,138.18649291992188,223.5548553466797,85.6270523071289
2017-10-17,85.59591674804688,223.71246337890625,53.86238479614258,122.12999725341797,86.4300537109375,98.42501831054688,60.543121337890625,138.20460510253906,223.71246337890625,85.59591674804688
2017-10-18,85.46326446533203,223.93136596679688,54.01774215698242,121.66999816894531,86.32362365722656,97.7762222290039,60.478614807128906,138.1833953857422,223.93136596679688,85.46326446533203
2017-10-19,85.52564239501953,223.9927215576172,53.932289123535156,122.38999938964844,86.43766021728516,97.94819641113281,60.29942321777344,138.2003936767578,223.9927215576172,85.52564239501953
2017-10-20,85.27596282958984,225.14857482910156,53.86238479614258,121.61000061035156,86.2399673461914,96.90857696533203,59.95539855957031,138.19320678710938,225.14857482910156,85.27596282958984
2017-10-23,85.36961364746094,224.27293395996094,53.74586486816406,121.80000305175781,86.24755859375,97.08052825927734,59.726043701171875,138.18850708007812,224.27293395996094,85.36961364746094
2017-10-24,85.19017028808594,224.6669464111328,53.83131790161133,121.33000183105469,86.12588500976562,96.47872161865234,59.3676872253418,138.1894989013672,224.6669464111328,85.19017028808594
2017-10-25,85.13560485839844,223.5548553466797,53.621585845947266,121.3499984741211,86.03463745117188,96.0175552368164,59.19563674926758,138.17669677734375,223.5548553466797,85.13560485839844
2017-10-26,85.0419692993164,223.84384155273438,53.61380386352539,120.33000183105469,85.9966049194336,95.69705963134766,58.70827102661133,138.18209838867188,223.84384155273438,85.0419692993164
2017-10-27,85.22918701171875,225.6739959716797,53.73809051513672,120.9000015258789,86.2703857421875,96.33018493652344,58.97347640991211,138.17100524902344,225.6739959716797,85.22918701171875
2017-10-30,85.46326446533203,224.8333282470703,53.86238479614258,121.12999725341797,86.49853515625,97.25254821777344,58.923301696777344,138.16400146484375,224.8333282470703,85.46326446533203
2017-10-31,85.40863800048828,225.18360900878906,54.0876579284668,120.66999816894531,86.53651428222656,97.28380584716797,58.91611099243164,138.17030334472656,225.18360900878906,85.40863800048828
2017-11-01,85.44617462158203,225.4813232421875,54.142032623291016,121.11000061035156,86.62644958496094,97.71694946289062,59.20282745361328,138.17030334472656,225.4813232421875,85.44617462158203
2017-11-02,85.49304962158203,225.56890869140625,54.30515670776367,121.19000244140625,86.7559585571289,98.14778900146484,59.70454788208008,138.16830444335938,225.56890869140625,85.49304962158203
2017-11-03,85.57124328613281,226.32208251953125,54.21970748901367,120.62000274658203,86.81688690185547,98.4140625,59.55402374267578,138.16830444335938,226.32208251953125,85.57124328613281
2017-11-06,85.64942169189453,226.67230224609375,54.29738235473633,121.6500015258789,86.96163940429688,98.78224182128906,59.95539855957031,138.1614990234375,226.67230224609375,85.64942169189453
2017-11-07,85.67292022705078,226.51467895507812,54.09542465209961,121.20999908447266,87.08357238769531,99.1973648071289,60.44278335571289,138.1595001220703,226.51467895507812,85.67292022705078
2017-11-08,85.6181411743164,226.8999786376953,54.27408981323242,121.62999725341797,87.03024291992188,98.97807312011719,60.74380874633789,138.1595001220703,226.8999786376953,85.6181411743164
2017-11-09,85.5556411743164,226.07684326171875,53.96336364746094,122.12999725341797,87.0149917602539,98.69609069824219,60.80830764770508,138.15029907226562,226.07684326171875,85.5556411743164
2017-11-10,85.21162414550781,226.00677490234375,53.81578063964844,121.12999725341797,86.6340560913086,97.20780944824219,60.872825622558594,138.15029907226562,226.00677490234375,85.21162414550781
2017-11-13,85.21162414550781,226.21690368652344,53.59051513671875,121.30999755859375,86.62644958496094,97.41145324707031,61.18101119995117,138.1479949951172,226.21690368652344,85.21162414550781
2017-11-14,85.29763793945312,225.69151306152344,53.551666259765625,121.55999755859375,86.73313903808594,98.06946563720703,61.0520133972168,138.14700317382812,225.69151306152344,85.29763793945312
2017-11-15,85.4617919921875,224.56187438964844,53.29533386230469,121.41000366210938,86.97688293457031,99.13475799560547,60.43561553955078,138.14700317382812,224.56187438964844,85.4617919921875
2017-11-16,85.36795806884766,226.4708251953125,53.72256851196289,121.4000015258789,86.7940902709961,98.27311706542969,60.93730926513672,138.13609313964844,226.4708251953125,85.36795806884766
2017-11-17,85.4617919921875,225.80532836914062,53.52837371826172,122.86000061035156,86.9464340209961,99.00157928466797,60.672142028808594,138.14280700683594,225.80532836914062,85.4617919921875
2017-11-20,85.41488647460938,226.190673828125,53.64488220214844,121.30999755859375,86.81688690185547,98.96238708496094,60.49295425415039,138.13699340820312,226.190673828125,85.41488647460938
2017-11-21,85.50092315673828,227.6706085205078,54.048824310302734,121.51000213623047,86.80931854248047,99.2757339477539,60.94451141357422,138.1381072998047,227.6706085205078,85.50092315673828
2017-11-22,85.64942169189453,227.46913146972656,54.19639205932617,122.62999725341797,87.06832885742188,99.59687042236328,60.80830764770508,138.1381072998047,227.46913146972656,85.64942169189453
2017-11-23,85.64942169189453,227.46913146972656,54.19639205932617,122.62999725341797,87.06832885742188,99.59687042236328,60.80830764770508,138.13670349121094,227.46913146972656,85.64942169189453
2017-11-24,85.63377380371094,227.9945831298828,54.63916778564453,122.31999969482422,86.96163940429688,99.32272338867188,60.887168884277344,138.1363067626953,227.9945831298828,85.63377380371094
2017-11-27,85.63377380371094,227.88079833984375,54.31291961669922,122.83000183105469,86.9464340209961,99.18173217773438,60.6004638671875,138.1363067626953,227.88079833984375,85.63377380371094
2017-11-28,85.63377380371094,230.1925506591797,54.62364196777344,122.80999755859375,86.93880462646484,99.31485748291016,60.37113571166992,138.1260986328125,230.1925506591797,85.63377380371094
2017-11-29,85.4227066040039,230.052490234375,54.40613555908203,122.04000091552734,86.70260620117188,98.33577728271484,60.392608642578125,138.1260986328125,230.052490234375,85.4227066040039
2017-11-30,85.28197479248047,232.0665740966797,54.460514068603516,121.0999984741211,86.61117553710938,98.00677490234375,60.485782623291016,138.12510681152344,232.0665740966797,85.28197479248047
2017-12-01,85.525634765625,231.58485412597656,54.24300765991211,121.58999633789062,86.94102478027344,99.32935333251953,60.62910842895508,138.12510681152344,231.58485412597656,85.525634765625
2017-12-04,85.51776123046875,231.3047332763672,54.048824310302734,121.18000030517578,86.9716567993164,99.37645721435547,60.32810592651367,138.12510681152344,231.3047332763672,85.51776123046875
2017-12-05,85.60398864746094,230.47280883789062,53.932289123535156,120.31999969482422,87.0634536743164,99.87091827392578,59.82638168334961,138.11459350585938,230.47280883789062,85.60398864746094
2017-12-06,85.690185546875,230.5165252685547,53.823543548583984,120.06999969482422,87.15531921386719,100.21629333496094,59.769046783447266,138.11459350585938,230.5165252685547,85.690185546875
2017-12-07,85.58049011230469,231.24337768554688,53.96336364746094,118.48999786376953,87.04051971435547,99.43136596679688,59.9195671081543,138.1094970703125,231.24337768554688,85.58049011230469
2017-12-08,85.54912567138672,232.50440979003906,54.25077819824219,118.4800033569336,87.00222778320312,99.43923950195312,60.22776412963867,138.10809326171875,232.50440979003906,85.54912567138672
2017-12-11,85.51776123046875,233.20497131347656,54.390586853027344,118.01000213623047,86.93338012695312,99.23516845703125,60.22058868408203,138.10809326171875,233.20497131347656,85.51776123046875
2017-12-12,85.47865295410156,233.6165313720703,54.460514068603516,118.1500015258789,87.00222778320312,99.19593811035156,60.51446533203125,138.10809326171875,233.6165313720703,85.47865295410156
2017-12-13,85.72152709960938,233.5902862548828,54.67024612426758,119.16999816894531,87.15531921386719,99.94157409667969,60.61479568481445,138.10330200195312,233.5902862548828,85.72152709960938
2017-12-14,85.74503326416016,232.63577270507812,54.367286682128906,118.93000030517578,87.15531921386719,100.36542510986328,60.6004638671875,138.09930419921875,232.63577270507812,85.74503326416016
2017-12-15,85.76850128173828,234.57302856445312,54.35175323486328,119.18000030517578,87.15531921386719,100.74215698242188,60.9803466796875,138.09930419921875,234.57302856445312,85.76850128173828
2017-12-18,85.6588363647461,236.06048583984375,54.996498107910156,119.7300033569336,87.00222778320312,99.82379913330078,61.38172149658203,138.08140563964844,236.06048583984375,85.6588363647461
2017-12-19,85.4080581665039,235.15394592285156,54.79475021362305,119.81999969482422,86.74205780029297,98.52879333496094,60.07725524902344,138.06590270996094,235.15394592285156,85.4080581665039
2017-12-20,85.2122573852539,235.03070068359375,54.70053482055664,120.13999938964844,86.45125579833984,97.4377212524414,59.38200759887695,138.0699005126953,235.03070068359375,85.2122573852539
2017-12-21,85.28750610351562,235.51480102539062,54.89678192138672,120.30999755859375,86.6781005859375,98.00564575195312,59.15199661254883,138.0789031982422,235.51480102539062,85.28750610351562
2017-12-22,85.32666778564453,235.4532470703125,55.03810119628906,120.94000244140625,86.73172760009766,98.13935089111328,59.559600830078125,138.0789031982422,235.4532470703125,85.32666778564453
2017-12-26,85.39722442626953,235.17153930664062,55.022403717041016,121.7699966430664,86.80834197998047,98.43037414550781,59.85801315307617,138.0789031982422,235.17153930664062,85.39722442626953
2017-12-27,85.6636734008789,235.28594970703125,55.12446212768555,122.2300033569336,87.16852569580078,99.71244812011719,60.054527282714844,138.0695037841797,235.28594970703125,85.6636734008789
2017-12-28,85.60099792480469,235.77003479003906,55.155853271484375,122.8499984741211,87.19921112060547,99.62596893310547,60.37480545043945,138.0695037841797,235.77003479003906,85.60099792480469
2017-12-29,85.68719482421875,234.88108825683594,55.195091247558594,123.6500015258789,87.4214096069336,99.78324127197266,60.39662551879883,138.0666046142578,234.88108825683594,85.68719482421875
2018-01-02,85.56177520751953,236.56210327148438,55.60332107543945,125.1500015258789,87.20685577392578,98.70561981201172,60.170982360839844,138.0666046142578,236.56210327148438,85.56177520751953
2018-01-03,85.56964874267578,238.0584259033203,55.87022018432617,124.81999969482422,87.29114532470703,99.1776351928711,59.99629592895508,138.0666046142578,238.0584259033203,85.56964874267578
2018-01-04,85.51478576660156,239.0618438720703,56.482540130615234,125.45999908447266,87.31414031982422,99.16187286376953,58.962745666503906,138.05250549316406,239.0618438720703,85.51478576660156
2018-01-05,85.45989990234375,240.655029296875,56.79655456542969,125.33000183105469,87.29881286621094,98.87870788574219,58.99187469482422,138.04969787597656,240.655029296875,85.45989990234375
2018-01-08,85.43640899658203,241.09506225585938,56.78084945678711,125.30999755859375,87.20685577392578,98.81582641601562,59.29758071899414,138.048095703125,241.09506225585938,85.43640899658203
2018-01-09,85.20124816894531,241.64076232910156,56.84365463256836,124.7300033569336,86.92333984375,97.49433135986328,58.53333282470703,138.04969787597656,241.64076232910156,85.20124816894531
2018-01-10,85.20124816894531,241.27101135253906,56.73374938964844,125.02999877929688,86.89262390136719,97.37638092041016,57.87827682495117,138.04769897460938,241.27101135253906,85.20124816894531
2018-01-11,85.24049377441406,243.0314178466797,57.126258850097656,125.44000244140625,86.80069732666016,97.77752685546875,57.68175506591797,138.04769897460938,243.0314178466797,85.24049377441406
2018-01-12,85.22481536865234,244.61566162109375,57.69933319091797,126.95999908447266,86.88500213623047,97.94269561767578,57.21595001220703,138.0471954345703,244.61566162109375,85.22481536865234
2018-01-15,85.22481536865234,244.61566162109375,57.69933319091797,126.95999908447266,86.88500213623047,97.94269561767578,57.21595001220703,138.04330444335938,244.61566162109375,85.22481536865234
2018-01-16,85.24830627441406,243.77952575683594,57.644386291503906,127.16999816894531,87.03060150146484,98.35173797607422,57.32512283325195,138.0301055908203,243.77952575683594,85.24830627441406
2018-01-17,85.15422821044922,246.10317993164062,57.94268798828125,126.13999938964844,86.96928405761719,98.218017578125,57.72542190551758,138.0301055908203,246.10317993164062,85.15422821044922
2018-01-18,84.96617126464844,245.6895294189453,57.87204360961914,125.86000061035156,86.89262390136719,97.30558776855469,56.983028411865234,138.02450561523438,245.6895294189453,84.96617126464844
2018-01-19,84.7858657836914,246.80731201171875,58.19389724731445,126.41999816894531,86.74706268310547,96.7943344116211,57.28871536254883,138.02810668945312,246.80731201171875,84.7858657836914
2018-01-22,84.7545166015625,248.81405639648438,58.49221420288086,126.6500015258789,86.70109558105469,96.88871765136719,57.81276321411133,138.0299072265625,248.81405639648438,84.7545166015625
2018-01-23,84.95831298828125,249.34207153320312,58.68062973022461,127.27999877929688,86.83135223388672,97.30558776855469,58.61339569091797,138.0299072265625,249.34207153320312,84.95831298828125
2018-01-24,84.87210845947266,249.245361328125,58.78266143798828,128.8300018310547,86.77005004882812,96.77859497070312,58.30770492553711,138.0299072265625,249.245361328125,84.87210845947266
2018-01-25,85.0915298461914,249.35096740722656,58.55500411987305,127.97000122070312,86.93095397949219,97.57302856445312,58.20580291748047,138.0299072265625,249.35096740722656,85.0915298461914
2018-01-26,84.93477630615234,252.2378692626953,59.073123931884766,128.07000732421875,86.8773193359375,97.2112045288086,58.00199890136719,138.01589965820312,252.2378692626953,84.93477630615234
2018-01-29,84.7858657836914,250.56558227539062,58.53146743774414,127.3499984741211,86.6704330444336,96.5347671508789,57.22322082519531,138.01589965820312,250.56558227539062,84.7858657836914
2018-01-30,84.65264129638672,247.99551391601562,58.044742584228516,126.80000305175781,86.4635238647461,95.96841430664062,56.8083381652832,138.0084991455078,247.99551391601562,84.65264129638672
2018-01-31,84.72318267822266,248.11871337890625,57.96623992919922,127.6500015258789,86.6781005859375,96.5347671508789,57.827308654785156,138.0074005126953,248.11871337890625,84.72318267822266
2018-02-01,84.45767974853516,247.83712768554688,58.131099700927734,128.07000732421875,86.2343521118164,95.13568878173828,56.582679748535156,138.0074005126953,247.83712768554688,84.45767974853516
2018-02-02,84.20633697509766,242.44166564941406,56.95355987548828,126.38999938964844,86.12702941894531,94.25289154052734,56.102333068847656,138.00860595703125,242.44166564941406,84.20633697509766
2018-02-05,84.54410552978516,232.30215454101562,54.56708526611328,126.70999908447266,86.44894409179688,95.1435546875,54.43556213378906,137.99349975585938,232.30215454101562,84.54410552978516
2018-02-06,84.30056762695312,236.8790740966797,55.64257049560547,125.37999725341797,86.0963363647461,94.55242919921875,54.44284439086914,137.993896484375,236.8790740966797,84.30056762695312
2018-02-07,84.11206817626953,235.59400939941406,55.05379867553711,124.79000091552734,85.90475463867188,93.65388488769531,54.20993423461914,137.9906005859375,235.59400939941406,84.11206817626953
2018-02-08,83.97067260742188,226.7571258544922,53.61720275878906,124.9800033569336,85.72844696044922,93.55138397216797,52.6523323059082,137.9906005859375,226.7571258544922,83.97067260742188
2018-02-09,83.8606948852539,230.163330078125,53.84484100341797,124.7699966430664,85.46015930175781,92.96027374267578,53.969749450683594,137.99020385742188,230.163330078125,83.8606948852539
2018-02-12,83.88426208496094,233.543212890625,54.66913986206055,125.37000274658203,85.52149200439453,93.37012481689453,53.99158477783203,137.99020385742188,233.543212890625,83.88426208496094
2018-02-13,83.9078140258789,234.12411499023438,54.504276275634766,126.08000183105469,85.58282470703125,93.78790283203125,54.370059967041016,137.98989868164062,234.12411499023438,83.9078140258789
2018-02-14,83.625,237.28392028808594,55.469871520996094,128.22999572753906,85.50615692138672,92.74747467041016,53.97703170776367,137.9873046875,237.28392028808594,83.625
2018-02-15,83.7271728515625,240.3116912841797,55.815277099609375,128.3800048828125,85.55217742919922,93.0627212524414,54.50107192993164,137.98080444335938,240.3116912841797,83.7271728515625
2018-02-16,83.8921127319336,240.38204956054688,56.06647872924805,127.95999908447266,85.69013214111328,93.56718444824219,54.79949951171875,137.9665069580078,240.38204956054688,83.8921127319336
2018-02-19,83.8921127319336,240.38204956054688,56.06647872924805,127.95999908447266,85.69013214111328,93.56718444824219,54.79949951171875,137.9665069580078,240.38204956054688,83.8921127319336
2018-02-20,83.80572509765625,238.87701416015625,55.5405158996582,126.23999786376953,85.62114715576172,93.15733337402344,54.151710510253906,137.9665069580078,238.87701416015625,83.80572509765625
2018-02-21,83.53866577148438,237.6887664794922,55.27361297607422,125.66000366210938,85.3758773803711,92.01439666748047,53.08176040649414,137.96929931640625,237.6887664794922,83.53866577148438
2018-02-22,83.5465316772461,237.99684143066406,55.56406784057617,126.30000305175781,85.45250701904297,92.29029846191406,53.685882568359375,137.96929931640625,237.99684143066406,83.5465316772461
2018-02-23,83.75859069824219,241.7903289794922,56.00367736816406,126.13999938964844,85.76676940917969,93.11003112792969,54.54474639892578,137.96929931640625,241.7903289794922,83.75859069824219
2018-02-26,83.82142639160156,244.59811401367188,56.52964782714844,126.44999694824219,85.87409210205078,93.14155578613281,54.69758605957031,137.9499969482422,244.59811401367188,83.82142639160156
2018-02-27,83.64073944091797,241.54391479492188,55.68967056274414,125.12999725341797,85.65948486328125,93.00755310058594,53.423866271972656,137.94309997558594,241.54391479492188,83.64073944091797
2018-02-28,83.86856842041016,239.09703063964844,55.163700103759766,125.0,85.78206634521484,93.59873962402344,53.3874626159668,137.93710327148438,239.09703063964844,83.86856842041016
2018-03-01,83.94334411621094,235.6204071044922,54.237369537353516,124.72000122070312,86.04267120361328,94.23763275146484,53.438419342041016,137.95010375976562,235.6204071044922,83.94334411621094
2018-03-02,83.8094711303711,236.8350067138672,54.49643325805664,125.38999938964844,85.97371673583984,93.47154998779297,53.41659164428711,137.95010375976562,236.8350067138672,83.8094711303711
2018-03-05,83.76228332519531,239.57229614257812,54.786895751953125,125.18000030517578,85.92008972167969,93.21881866455078,54.02069091796875,137.69070434570312,239.57229614257812,83.76228332519531
2018-03-06,83.77802276611328,240.17962646484375,55.10873794555664,126.52999877929688,85.89706420898438,93.30572509765625,54.27544403076172,137.69070434570312,240.17962646484375,83.77802276611328
2018-03-07,83.76228332519531,240.09158325195312,55.093040466308594,125.72000122070312,85.89706420898438,93.2030258178711,54.61023712158203,137.9221954345703,240.09158325195312,83.76228332519531
2018-03-08,83.89613342285156,241.25347900390625,55.21080780029297,125.41999816894531,85.98139190673828,93.74005126953125,54.712154388427734,137.92559814453125,241.25347900390625,83.89613342285156
2018-03-09,83.73868560791016,245.45184326171875,55.56406784057617,125.54000091552734,85.85108184814453,93.12403869628906,55.01056671142578,137.92559814453125,245.45184326171875,83.73868560791016
2018-03-12,83.78591918945312,245.14378356933594,55.62686538696289,125.54000091552734,85.91240692138672,93.66108703613281,55.2507438659668,137.9174041748047,245.14378356933594,83.78591918945312
2018-03-13,83.89613342285156,243.55946350097656,55.25790786743164,125.77999877929688,85.98139190673828,94.13500213623047,55.301700592041016,137.91900634765625,243.55946350097656,83.89613342285156
2018-03-14,84.03778839111328,242.3096160888672,55.391353607177734,125.69999694824219,86.12702941894531,94.96427917480469,55.3526611328125,137.91510009765625,242.3096160888672,84.03778839111328
2018-03-15,84.0456771850586,242.0456085205078,55.359954833984375,124.9000015258789,86.13465881347656,94.96427917480469,55.33809280395508,137.9102020263672,242.0456085205078,84.0456771850586
2018-03-16,83.99848937988281,242.3081512451172,55.32070541381836,124.5999984741211,85.98907470703125,94.62464904785156,55.72386169433594,137.9095001220703,242.3081512451172,83.99848937988281
2018-03-19,83.91184997558594,239.029541015625,54.87324142456055,124.87000274658203,85.9354019165039,94.32453155517578,55.24348449707031,137.90260314941406,239.029541015625,83.91184997558594
2018-03-20,83.77802276611328,239.43605041503906,54.865394592285156,124.30999755859375,85.80508422851562,93.94541931152344,55.054237365722656,137.90260314941406,239.43605041503906,83.77802276611328
2018-03-21,83.77017211914062,238.97653198242188,54.95175552368164,126.4800033569336,85.98907470703125,94.04808807373047,54.646629333496094,137.90260314941406,238.97653198242188,83.77017211914062
2018-03-22,83.92761993408203,233.00282287597656,53.931217193603516,125.9800033569336,86.241943359375,94.98007202148438,54.32636642456055,137.8907928466797,233.00282287597656,83.92761993408203
2018-03-23,83.92761993408203,228.03643798828125,53.334598541259766,127.61000061035156,86.28794860839844,94.9089584350586,53.35835647583008,137.8907928466797,228.03643798828125,83.92761993408203
2018-03-26,83.89613342285156,234.27532958984375,54.292327880859375,128.27999877929688,86.13465881347656,94.54572296142578,53.96538543701172,137.889404296875,234.27532958984375,83.89613342285156
2018-03-27,84.14013671875,230.28990173339844,53.89196014404297,127.48999786376953,86.46427154541016,95.55658721923828,54.17117691040039,137.89129638671875,230.28990173339844,84.14013671875
2018-03-28,84.18736267089844,229.60940551757812,54.20598220825195,125.7300033569336,86.46427154541016,95.809326171875,55.53076934814453,137.89129638671875,229.60940551757812,84.18736267089844
2018-03-29,84.43142700195312,232.54327392578125,54.70053482055664,125.79000091552734,86.64817810058594,96.2752914428711,55.46464538574219,137.87399291992188,232.54327392578125,84.43142700195312
2018-04-02,84.34701538085938,227.52391052246094,53.94691848754883,127.26000213623047,86.7342758178711,96.46526336669922,54.71502685546875,137.87399291992188,227.52391052246094,84.34701538085938
2018-04-03,84.2522964477539,230.4400634765625,54.292327880859375,126.30000305175781,86.68046569824219,95.72126770019531,55.17802047729492,137.8690948486328,230.4400634765625,84.2522964477539
2018-04-04,84.28392028808594,232.90560913085938,54.48072814941406,126.44999694824219,86.63434600830078,95.5234146118164,55.758628845214844,137.8690948486328,232.90560913085938,84.28392028808594
2018-04-05,84.16555786132812,234.7436981201172,54.84184265136719,125.80000305175781,86.38843536376953,94.81109619140625,55.73656463623047,137.8690948486328,234.7436981201172,84.16555786132812
2018-04-06,84.35493469238281,229.51220703125,54.48072814941406,126.38999938964844,86.7342758178711,95.847900390625,55.317657470703125,137.8690948486328,229.51220703125,84.35493469238281
2018-04-09,84.42589569091797,230.64334106445312,54.928192138671875,126.81999969482422,86.71887969970703,96.00621032714844,55.14127731323242,137.86610412597656,230.64334106445312,84.42589569091797
2018-04-10,84.36280059814453,234.31068420410156,55.5169677734375,127.12000274658203,86.68046569824219,95.83208465576172,55.082462310791016,137.86050415039062,234.31068420410156,84.36280059814453
2018-04-11,84.43379974365234,233.08229064941406,55.30501174926758,128.11000061035156,86.93409729003906,96.17240905761719,55.200069427490234,137.85699462890625,233.08229064941406,84.43379974365234
2018-04-12,84.24443817138672,234.99993896484375,55.5169677734375,126.62000274658203,86.79571533203125,95.46800231933594,54.582725524902344,137.8533935546875,234.99993896484375,84.24443817138672
2018-04-13,84.26811981201172,234.31068420410156,55.57190704345703,127.44999694824219,86.91870880126953,95.68961334228516,54.869361877441406,137.8533935546875,234.31068420410156,84.26811981201172
2018-04-16,84.28392028808594,236.2371063232422,55.65827560424805,127.62999725341797,86.84184265136719,95.72126770019531,55.20741653442383,137.8533935546875,236.2371063232422,84.28392028808594
2018-04-17,84.30753326416016,238.76446533203125,55.90948486328125,127.75,86.97247314453125,95.98246002197266,55.854148864746094,137.84979248046875,238.76446533203125,84.30753326416016
2018-04-18,84.07083129882812,238.9412078857422,56.19993591308594,127.8499984741211,86.79571533203125,95.21467590332031,55.73656463623047,137.84979248046875,238.9412078857422,84.07083129882812
2018-04-19,83.86570739746094,237.61569213867188,55.987972259521484,127.5999984741211,86.65740203857422,94.43905639648438,54.92813491821289,137.84979248046875,237.61569213867188,83.86570739746094
2018-04-20,83.63688659667969,235.60084533691406,55.77602005004883,126.62999725341797,86.35772705078125,93.75840759277344,54.42105484008789,137.8560028076172,235.60084533691406,83.63688659667969
2018-04-23,83.59739685058594,235.56544494628906,55.705379486083984,125.62000274658203,86.33468627929688,93.78216552734375,54.376956939697266,137.84559631347656,235.56544494628906,83.59739685058594
2018-04-24,83.48692321777344,232.3931121826172,55.47771453857422,126.2300033569336,86.09645080566406,93.35478973388672,54.582725524902344,137.84559631347656,232.3931121826172,83.48692321777344
2018-04-25,83.37649536132812,232.96742248535156,55.383522033691406,125.41000366210938,85.96582794189453,92.72949981689453,54.479835510253906,137.84559631347656,232.96742248535156,83.37649536132812
2018-04-26,83.5185546875,235.33575439453125,55.65827560424805,124.97000122070312,86.18865966796875,93.37854766845703,55.19271469116211,137.82640075683594,235.33575439453125,83.5185546875
2018-04-27,83.62112426757812,235.556640625,55.71323013305664,125.5,86.46527099609375,94.0987777709961,56.140777587890625,137.8780059814453,235.556640625,83.62112426757812
2018-04-30,83.63688659667969,233.74508666992188,55.532649993896484,124.58999633789062,86.53446197509766,94.26492309570312,55.92030715942383,137.82150268554688,233.74508666992188,83.63688659667969
2018-05-01,83.56576538085938,234.1604461669922,55.33641052246094,123.70999908447266,86.28670501708984,93.92548370361328,56.42739486694336,137.82150268554688,234.1604461669922,83.56576538085938
2018-05-02,83.56576538085938,232.58746337890625,55.3128547668457,123.6500015258789,86.39476013183594,93.82229614257812,56.22160720825195,137.81849670410156,232.58746337890625,83.56576538085938
2018-05-03,83.66059112548828,232.07492065429688,55.48556900024414,124.27999877929688,86.50279998779297,94.24275207519531,56.18486022949219,137.8179931640625,232.07492065429688,83.66059112548828
2018-05-04,83.71598815917969,235.07949829101562,55.68181610107422,124.54000091552734,86.52598571777344,94.38550567626953,56.80221939086914,137.82369995117188,235.07949829101562,83.71598815917969
2018-05-07,83.6763916015625,235.8748321533203,55.68967056274414,124.56999969482422,86.5414047241211,94.23482513427734,57.18437194824219,137.82369995117188,235.8748321533203,83.6763916015625
2018-05-08,83.5815200805664,235.8748321533203,55.69751739501953,124.58999633789062,86.38700866699219,94.14749908447266,56.89775466918945,137.82369995117188,235.8748321533203,83.5815200805664
2018-05-09,83.48660278320312,238.1547393798828,55.830970764160156,124.33000183105469,86.33300018310547,93.5843734741211,57.279903411865234,137.82369995117188,238.1547393798828,83.48660278320312
2018-05-10,83.6763916015625,240.38157653808594,56.19208526611328,125.18000030517578,86.50279998779297,94.3379135131836,57.72821044921875,137.82369995117188,240.38157653808594,83.6763916015625
2018-05-11,83.71598815917969,241.11505126953125,56.34123611450195,125.0,86.50279998779297,94.57588195800781,57.52977752685547,137.80569458007812,241.11505126953125,83.71598815917969
2018-05-14,83.63688659667969,241.22994995117188,56.44329071044922,124.48999786376953,86.28670501708984,94.07618713378906,57.03736877441406,137.7982940673828,241.22994995117188,83.63688659667969
2018-05-15,83.26520538330078,239.56858825683594,56.03506851196289,122.4800033569336,86.00886535644531,93.00533294677734,56.11137771606445,137.7982940673828,239.56858825683594,83.26520538330078
2018-05-16,83.17031860351562,240.5759735107422,56.113590240478516,122.29000091552734,85.8853530883789,92.64837646484375,55.94234848022461,137.7982940673828,240.5759735107422,83.17031860351562
2018-05-17,83.05960083007812,240.3727569580078,56.19993591308594,122.36000061035156,85.7232437133789,92.18035125732422,55.6630744934082,137.7982940673828,240.3727569580078,83.05960083007812
2018-05-18,83.27313232421875,239.77183532714844,55.995826721191406,122.41000366210938,85.9548110961914,92.97360229492188,55.73656463623047,137.78500366210938,239.77183532714844,83.27313232421875
2018-05-21,83.28102111816406,241.57460021972656,56.349082946777344,122.4800033569336,85.98568725585938,93.02117919921875,56.397987365722656,137.78570556640625,241.57460021972656,83.28102111816406
2018-05-22,83.28102111816406,240.90296936035156,56.27845001220703,122.41000366210938,85.94709777832031,92.87838745117188,56.478858947753906,137.78379821777344,240.90296936035156,83.28102111816406
2018-05-23,83.51033782958984,241.56576538085938,55.65827560424805,122.54000091552734,86.194091796875,93.55262756347656,57.04473114013672,137.78379821777344,241.56576538085938,83.51033782958984
2018-05-24,83.73969268798828,241.0708465576172,55.48556900024414,123.58999633789062,86.29443359375,94.29827880859375,56.92713165283203,137.78379821777344,241.0708465576172,83.73969268798828
2018-05-25,83.92161560058594,240.49639892578125,55.12446212768555,123.20999908447266,86.41793823242188,94.8852767944336,57.125587463378906,137.77349853515625,240.49639892578125,83.92161560058594
2018-05-28,83.92161560058594,240.49639892578125,55.12446212768555,123.20999908447266,86.41793823242188,94.8852767944336,57.125587463378906,137.7794952392578,240.49639892578125,83.92161560058594
2018-05-29,84.47514343261719,237.73049926757812,54.00187301635742,123.19000244140625,86.9273681640625,96.96348571777344,57.39748001098633,137.77450561523438,237.73049926757812,84.47514343261719
2018-05-30,84.26165771484375,240.90296936035156,54.826148986816406,123.37000274658203,86.7652359008789,96.31303405761719,58.17650604248047,137.772705078125,240.90296936035156,84.26165771484375
2018-05-31,84.19046020507812,239.42724609375,54.48072814941406,123.0999984741211,86.81927490234375,96.15437316894531,57.978084564208984,137.7747039794922,239.42724609375,84.19046020507812
2018-06-01,84.08662414550781,241.7778778076172,54.95175552368164,122.48999786376953,86.69234466552734,95.6463394165039,58.23530197143555,137.77259826660156,241.7778778076172,84.08662414550781
2018-06-04,83.88845825195312,242.9266815185547,55.116600036621094,122.37000274658203,86.51427459716797,94.95465087890625,58.74240493774414,137.7631072998047,242.9266815185547,83.88845825195312
2018-06-05,83.95186614990234,243.1034393310547,55.03025817871094,122.8499984741211,86.70782470703125,95.17727661132812,58.588069915771484,137.76649475097656,243.1034393310547,83.95186614990234
2018-06-06,83.76168060302734,245.1358642578125,55.524818420410156,122.91999816894531,86.52201843261719,94.40606689453125,58.72770690917969,137.7613067626953,245.1358642578125,83.76168060302734
2018-06-07,83.94390869140625,245.10939025878906,55.21080780029297,122.86000061035156,86.78523254394531,95.3203353881836,58.72770690917969,137.7602996826172,245.10939025878906,83.94390869140625
2018-06-08,83.82504272460938,245.83396911621094,55.27361297607422,123.01000213623047,86.63812255859375,95.03417205810547,58.94081497192383,137.75559997558594,245.83396911621094,83.82504272460938
2018-06-11,83.73783874511719,246.16090393066406,55.62686538696289,123.2300033569336,86.63812255859375,94.85922241210938,58.85264587402344,137.7440948486328,246.16090393066406,83.73783874511719
2018-06-12,83.76168060302734,246.47903442382812,55.27361297607422,122.81999969482422,86.56845092773438,94.88311767578125,59.20539093017578,137.75619506835938,246.47903442382812,83.76168060302734
2018-06-13,83.68232727050781,245.69261169433594,55.35211181640625,123.19000244140625,86.51427459716797,94.83540344238281,58.051578521728516,137.7427978515625,245.69261169433594,83.68232727050781
2018-06-14,83.89631652832031,246.31114196777344,55.2343635559082,123.37999725341797,86.73876953125,95.62252044677734,58.6027717590332,137.74560546875,246.31114196777344,83.89631652832031
2018-06-15,83.9280776977539,245.9969940185547,54.95175552368164,121.33999633789062,86.76976013183594,95.7099609375,58.566009521484375,137.7469024658203,245.9969940185547,83.9280776977539
2018-06-18,83.94390869140625,245.49098205566406,54.55923843383789,121.11000061035156,86.83940124511719,95.62252044677734,58.582332611083984,137.74169921875,245.49098205566406,83.94390869140625
2018-06-19,84.03112030029297,244.55001831054688,54.058040618896484,120.80000305175781,86.97876739501953,96.17903900146484,58.522987365722656,137.74339294433594,244.55001831054688,84.03112030029297
2018-06-20,83.87257385253906,244.9673309326172,54.09807205200195,120.26000213623047,86.73876953125,95.3362808227539,59.17572784423828,137.73500061035156,244.9673309326172,83.87257385253906
2018-06-21,83.89631652832031,243.4315643310547,53.713783264160156,120.05000305175781,86.89360046386719,95.83720397949219,59.45758819580078,137.7344970703125,243.4315643310547,83.89631652832031
2018-06-22,83.97562408447266,243.87542724609375,54.28221893310547,120.33999633789062,87.01747131347656,95.82921600341797,59.924888610839844,137.7332000732422,243.87542724609375,83.97562408447266
2018-06-25,83.9280776977539,240.55555725097656,53.529624938964844,119.88999938964844,87.05615997314453,96.04389190673828,59.76909637451172,137.72999572753906,240.55555725097656,83.9280776977539
2018-06-26,84.06283569335938,241.08816528320312,53.62570571899414,119.26000213623047,87.18006896972656,96.17903900146484,59.96197509765625,137.71400451660156,241.08816528320312,84.06283569335938
2018-06-27,84.21349334716797,239.0909881591797,53.12132263183594,118.58000183105469,87.46651458740234,97.08543395996094,59.73202896118164,137.71170043945312,239.0909881591797,84.21349334716797
2018-06-28,84.20552062988281,240.45791625976562,53.32147979736328,118.22000122070312,87.35038757324219,97.10929870605469,60.266075134277344,137.72210693359375,240.45791625976562,84.20552062988281
2018-06-29,84.27685546875,240.80416870117188,53.617698669433594,118.6500015258789,87.38136291503906,96.77534484863281,60.414432525634766,137.71510314941406,240.80416870117188,84.27685546875
2018-07-02,84.19660949707031,241.31898498535156,53.12932205200195,117.45999908447266,87.41320037841797,96.69965362548828,60.08063888549805,137.6811065673828,241.31898498535156,84.19660949707031
2018-07-03,84.37139892578125,240.4668731689453,53.28944778442383,118.6500015258789,87.59971618652344,97.21760559082031,60.5330924987793,137.70660400390625,240.4668731689453,84.37139892578125
2018-07-04,84.37139892578125,240.4668731689453,53.28944778442383,118.6500015258789,87.59971618652344,97.21760559082031,60.5330924987793,137.70660400390625,240.4668731689453,84.37139892578125
2018-07-05,84.45083618164062,242.4285430908203,53.81785583496094,119.05000305175781,87.70073699951172,97.49651336669922,61.25258255004883,137.7115936279297,242.4285430908203,84.45083618164062
2018-07-06,84.5382080078125,244.4791259765625,54.106082916259766,118.86000061035156,87.8250961303711,97.81523895263672,61.57895278930664,137.71009826660156,244.4791259765625,84.5382080078125
2018-07-09,84.45877838134766,246.6804656982422,54.626495361328125,119.1500015258789,87.64634704589844,97.1857681274414,61.08940887451172,137.70770263671875,246.6804656982422,84.45877838134766
2018-07-10,84.39523315429688,247.56809997558594,54.60247802734375,118.93000030517578,87.51423645019531,97.17774200439453,61.21551513671875,137.70680236816406,247.56809997558594,84.39523315429688
2018-07-11,84.42698669433594,245.7573699951172,53.689762115478516,117.63999938964844,87.6075210571289,97.55230712890625,61.0152473449707,137.69979858398438,245.7573699951172,84.42698669433594
2018-07-12,84.5302505493164,247.9853057861328,54.106082916259766,118.12999725341797,87.53750610351562,97.54432678222656,61.20067596435547,137.64370727539062,247.9853057861328,84.5302505493164
2018-07-13,84.60970306396484,248.18063354492188,54.27420425415039,117.61000061035156,87.70852661132812,97.79137420654297,61.0152473449707,137.6968994140625,248.18063354492188,84.60970306396484
2018-07-16,84.51437377929688,247.95863342285156,54.250186920166016,117.55000305175781,87.475341796875,97.38494873046875,60.68886184692383,137.69720458984375,247.95863342285156,84.51437377929688
2018-07-17,84.48260498046875,248.9617919921875,54.34626388549805,116.27999877929688,87.35877990722656,97.20166015625,60.288326263427734,137.68870544433594,248.9617919921875,84.48260498046875
2018-07-18,84.45877838134766,249.4854736328125,54.35426712036133,116.30999755859375,87.21891784667969,96.81126403808594,60.02131652832031,137.68699645996094,249.4854736328125,84.45877838134766
2018-07-19,84.58589172363281,248.54452514648438,54.2421875,115.80999755859375,87.34326171875,97.42479705810547,60.725948333740234,137.6970977783203,248.54452514648438,84.58589172363281
2018-07-20,84.4190444946289,248.260498046875,54.498390197753906,116.55999755859375,87.13343048095703,96.22948455810547,60.13998794555664,137.67849731445312,248.260498046875,84.4190444946289
2018-07-23,84.12511444091797,248.7221221923828,54.498390197753906,116.0,86.7215576171875,95.04216766357422,60.01388931274414,137.68739318847656,248.7221221923828,84.12511444091797
2018-07-24,84.24429321289062,249.9737091064453,54.818634033203125,116.04000091552734,86.7681884765625,95.368896484375,59.70977020263672,137.66940307617188,249.9737091064453,84.24429321289062
2018-07-25,84.25223541259766,252.10401916503906,55.22696304321289,116.68000030517578,86.7837142944336,95.21752166748047,60.184478759765625,137.67050170898438,252.10401916503906,84.25223541259766
2018-07-26,84.2045669555664,251.50941467285156,54.978759765625,115.7699966430664,86.6982192993164,95.03421783447266,60.384769439697266,137.6645965576172,251.50941467285156,84.2045669555664
2018-07-27,84.26810455322266,249.80503845214844,55.08283615112305,115.83000183105469,86.83032989501953,95.19355773925781,59.73945999145508,137.66839599609375,249.80503845214844,84.26810455322266
2018-07-30,84.1807632446289,248.5001220703125,55.0748405456543,115.6500015258789,86.7837142944336,94.8668441772461,59.77651596069336,137.66009521484375,248.5001220703125,84.1807632446289
2018-07-31,84.25223541259766,249.72515869140625,55.14688491821289,115.98999786376953,86.91580963134766,95.38485717773438,60.777889251708984,137.65829467773438,249.72515869140625,84.25223541259766
2018-08-01,84.16544342041016,249.30789184570312,54.86668395996094,115.13999938964844,86.70355987548828,94.60771179199219,61.20808410644531,137.6551055908203,249.30789184570312,84.16544342041016
2018-08-02,84.19732666015625,250.6660614013672,54.506385803222656,114.5199966430664,86.75035095214844,94.74349975585938,60.96331024169922,137.66079711914062,250.6660614013672,84.19732666015625
2018-08-03,84.38043975830078,251.74017333984375,54.53841781616211,114.91999816894531,86.92207336425781,95.2146987915039,61.62344741821289,137.65980529785156,251.74017333984375,84.38043975830078
2018-08-06,84.4361801147461,252.6632843017578,54.30623245239258,114.33000183105469,86.93769073486328,95.27062225341797,61.54186248779297,137.65719604492188,252.6632843017578,84.4361801147461
2018-08-07,84.28488159179688,253.49769592285156,54.730560302734375,114.58999633789062,86.8206558227539,94.77544403076172,61.43061447143555,137.65350341796875,253.49769592285156,84.28488159179688
2018-08-08,84.28488159179688,253.39109802246094,54.68252944946289,114.91000366210938,86.82840728759766,94.87126922607422,61.074562072753906,137.64920043945312,253.39109802246094,84.28488159179688
2018-08-09,84.40430450439453,253.04495239257812,54.52239990234375,114.73999786376953,87.03130340576172,95.66989135742188,61.104244232177734,137.64869689941406,253.04495239257812,84.40430450439453
2018-08-10,84.58745574951172,251.3495635986328,53.43355178833008,114.69000244140625,87.31230163574219,96.36478424072266,60.63692855834961,137.6468963623047,251.3495635986328,84.58745574951172
2018-08-13,84.63520050048828,250.40859985351562,53.24140930175781,112.95999908447266,87.29669952392578,96.16506958007812,60.51826858520508,137.6468963623047,250.40859985351562,84.63520050048828
2018-08-14,84.55561065673828,252.00637817382812,53.2333984375,113.06999969482422,87.18739318847656,95.94951629638672,60.8149528503418,137.639892578125,252.00637817382812,84.55561065673828
2018-08-15,84.67505645751953,250.12457275390625,52.464805603027344,111.19000244140625,87.35912322998047,96.50852966308594,61.282257080078125,137.639892578125,250.12457275390625,84.67505645751953
2018-08-16,84.72283935546875,252.1485137939453,52.833091735839844,111.0999984741211,87.3044662475586,96.50052642822266,61.779212951660156,137.63819885253906,252.1485137939453,84.72283935546875
2018-08-17,84.77061462402344,253.03607177734375,53.145328521728516,112.12999725341797,87.34349060058594,96.62033081054688,62.350345611572266,137.63619995117188,253.03607177734375,84.77061462402344
2018-08-20,84.93778991699219,253.57754516601562,53.43355178833008,112.69000244140625,87.51520538330078,97.26724243164062,62.394859313964844,137.62759399414062,253.57754516601562,84.93778991699219
2018-08-21,84.86614227294922,254.17230224609375,53.76182174682617,113.0199966430664,87.46055603027344,96.9398193359375,62.01657485961914,137.62759399414062,254.17230224609375,84.86614227294922
2018-08-22,84.93778991699219,254.02145385742188,53.969974517822266,113.2699966430664,87.64785766601562,97.32312774658203,61.66796875,137.62759399414062,254.02145385742188,84.93778991699219
2018-08-23,84.8900375366211,253.68409729003906,53.58567810058594,112.19999694824219,87.71808624267578,97.47489929199219,61.512203216552734,137.61669921875,253.68409729003906,84.8900375366211
2018-08-24,84.98556518554688,255.21083068847656,53.89792251586914,114.16000366210938,87.80398559570312,97.66654968261719,61.87562561035156,137.62229919433594,255.21083068847656,84.98556518554688
2018-08-27,84.87409210205078,257.22589111328125,54.618473052978516,114.58999633789062,87.67127990722656,97.10752868652344,61.65312194824219,137.61390686035156,257.22589111328125,84.87409210205078
2018-08-28,84.71485137939453,257.35015869140625,54.57045364379883,113.68000030517578,87.49955749511719,96.52449798583984,62.4838752746582,137.5970001220703,257.35015869140625,84.71485137939453
2018-08-29,84.69890594482422,258.73486328125,54.86668395996094,114.19999694824219,87.49955749511719,96.65225219726562,62.49869155883789,137.6112060546875,258.73486328125,84.69890594482422
2018-08-30,84.73868560791016,257.6874694824219,54.34626388549805,113.63999938964844,87.57762908935547,96.85993194580078,62.098175048828125,137.6096954345703,257.6874694824219,84.73868560791016
2018-08-31,84.73079681396484,257.69635009765625,53.91393280029297,113.51000213623047,87.47618103027344,96.6363296508789,62.34295654296875,137.6063995361328,257.69635009765625,84.73079681396484
2018-09-03,84.73079681396484,257.69635009765625,53.91393280029297,113.51000213623047,87.47618103027344,96.6363296508789,62.34295654296875,137.6063995361328,257.69635009765625,84.73079681396484
2018-09-04,84.6366195678711,257.2525329589844,53.457576751708984,112.93000030517578,87.3555679321289,96.07760620117188,61.6012077331543,137.59710693359375,257.2525329589844,84.6366195678711
2018-09-05,84.59671020507812,256.5601501464844,52.96919631958008,113.31999969482422,87.26939392089844,95.82144165039062,61.95721435546875,137.6011962890625,256.5601501464844,84.59671020507812
2018-09-06,84.74037170410156,255.78781127929688,52.80907440185547,113.54000091552734,87.34776306152344,96.17361450195312,62.13524627685547,137.59800720214844,255.78781127929688,84.74037170410156
2018-09-07,84.43711853027344,255.290771484375,52.384735107421875,113.2300033569336,87.09713745117188,95.35720825195312,61.46028518676758,137.59559631347656,255.290771484375,84.43711853027344
2018-09-10,84.51693725585938,255.73458862304688,52.70499038696289,113.1500015258789,87.12067413330078,95.70940399169922,61.73471450805664,137.59469604492188,255.73458862304688,84.51693725585938
2018-09-11,84.37325286865234,256.57781982421875,52.753028869628906,113.22000122070312,86.94051361083984,94.98098754882812,61.727294921875,137.5883026123047,256.57781982421875,84.37325286865234
2018-09-12,84.42915344238281,256.6400146484375,52.97720718383789,114.16999816894531,87.0188217163086,95.20513153076172,61.75696563720703,137.57859802246094,256.6400146484375,84.42915344238281
2018-09-13,84.4850082397461,258.1578063964844,53.369503021240234,113.76000213623047,86.8935317993164,95.34918975830078,62.06108093261719,137.58689880371094,258.1578063964844,84.4850082397461
2018-09-14,84.32543182373047,258.20233154296875,53.44957733154297,113.0199966430664,86.73692321777344,94.89295959472656,61.66796875,137.5841064453125,258.20233154296875,84.32543182373047
2018-09-17,84.32543182373047,256.8352355957031,53.49761199951172,113.61000061035156,86.75257110595703,94.89295959472656,61.86821746826172,137.57620239257812,256.8352355957031,84.32543182373047
2018-09-18,84.14185333251953,258.2289123535156,54.058040618896484,113.44000244140625,86.57247161865234,93.90036010742188,61.5715446472168,137.57650756835938,258.2289123535156,84.14185333251953
2018-09-19,83.98226928710938,258.50408935546875,54.250186920166016,113.87999725341797,86.47850036621094,93.3400650024414,60.85205078125,137.59519958496094,258.50408935546875,83.98226928710938
2018-09-20,84.09396362304688,260.598876953125,54.92272186279297,114.2699966430664,86.59593963623047,93.7723159790039,61.42319107055664,137.57150268554688,260.598876953125,84.09396362304688
2018-09-21,84.15782165527344,260.36083984375,54.94672775268555,113.48999786376953,86.60377502441406,93.73224639892578,61.400909423828125,137.5718994140625,260.36083984375,84.15782165527344
2018-09-24,84.07801055908203,259.495849609375,54.698543548583984,113.47000122070312,86.51762390136719,93.4921646118164,60.29830551147461,137.56309509277344,259.495849609375,84.07801055908203
2018-09-25,84.03813934326172,259.2552185058594,54.970760345458984,113.6500015258789,86.486328125,93.39611053466797,60.305843353271484,137.56109619140625,259.2552185058594,84.03813934326172
2018-09-26,84.23761749267578,258.4793701171875,54.994773864746094,113.05000305175781,86.63509368896484,94.052490234375,59.58377456665039,137.56149291992188,258.4793701171875,84.23761749267578
2018-09-27,84.29347229003906,259.2017517089844,54.882686614990234,112.05000305175781,86.66645050048828,94.1164779663086,59.869590759277344,137.56080627441406,259.2017517089844,84.29347229003906
2018-09-28,84.20568084716797,259.2284851074219,54.43434143066406,112.76000213623047,86.62728881835938,93.86835479736328,60.6818962097168,137.5592041015625,259.2284851074219,84.20568084716797
2018-10-01,84.18326568603516,260.1291198730469,54.498390197753906,112.56999969482422,86.36937713623047,93.17929077148438,60.117801666259766,137.55160522460938,260.1291198730469,84.18326568603516
2018-10-02,84.27925109863281,259.97735595703125,54.218170166015625,113.87000274658203,86.51048278808594,93.74879455566406,59.98240661621094,137.5511932373047,259.97735595703125,84.27925109863281
2018-10-03,83.87931823730469,260.1201477050781,54.12208938598633,113.41999816894531,86.09504699707031,92.1203384399414,59.343116760253906,137.55029296875,260.1201477050781,83.87931823730469
2018-10-04,83.63934326171875,258.08709716796875,53.489601135253906,113.4800033569336,85.88343048095703,91.47047424316406,58.84669494628906,137.54769897460938,258.08709716796875,83.63934326171875
2018-10-05,83.45539855957031,256.6426086425781,53.16935348510742,113.80000305175781,85.64826965332031,90.68429565429688,58.81660842895508,137.54519653320312,256.6426086425781,83.45539855957031
2018-10-08,83.42340087890625,256.6426086425781,52.91314697265625,112.54000091552734,85.60912322998047,90.37947082519531,59.66652297973633,137.53829956054688,256.6426086425781,83.42340087890625
2018-10-09,83.54335021972656,256.26806640625,52.77704620361328,112.5999984741211,85.85209655761719,91.29401397705078,59.74924850463867,137.53799438476562,256.26806640625,83.54335021972656
2018-10-10,83.51934814453125,248.1537322998047,51.65616989135742,112.87999725341797,85.765869140625,91.04533386230469,58.86173629760742,137.53720092773438,248.1537322998047,83.51934814453125
2018-10-11,83.7673568725586,242.68780517578125,50.935611724853516,115.77999877929688,85.90694427490234,92.15238952636719,57.176971435546875,137.53900146484375,242.68780517578125,83.7673568725586
2018-10-12,83.79135131835938,246.05838012695312,51.119754791259766,115.2300033569336,85.77372741699219,91.83148956298828,57.02655029296875,137.53790283203125,246.05838012695312,83.79135131835938
2018-10-15,83.73534393310547,244.67623901367188,50.99966049194336,116.0,85.82856750488281,91.79138946533203,57.41012954711914,137.5290069580078,244.67623901367188,83.73534393310547
2018-10-16,83.78330993652344,250.0263671875,51.872344970703125,115.80000305175781,85.8364028930664,91.99996948242188,58.590965270996094,137.52699279785156,250.0263671875,83.78330993652344
2018-10-17,83.61534881591797,250.07090759277344,51.57611846923828,115.79000091552734,85.63263702392578,91.45443725585938,58.3653450012207,137.5247039794922,250.07090759277344,83.61534881591797
2018-10-18,83.55936431884766,246.45957946777344,50.74346923828125,115.91999816894531,85.5699234008789,91.42230987548828,58.25251007080078,137.5225067138672,246.45957946777344,83.55936431884766
2018-10-19,83.48739624023438,246.32591247558594,51.03168869018555,116.01000213623047,85.49154663085938,91.22177124023438,58.75645446777344,137.52609252929688,246.32591247558594,83.48739624023438
2018-10-22,83.47139739990234,245.2201690673828,50.8075065612793,115.70999908447266,85.44450378417969,91.10144805908203,57.93661117553711,137.51510620117188,245.2201690673828,83.47139739990234
2018-10-23,83.57537841796875,243.97186279296875,50.327144622802734,116.38999938964844,85.46797943115234,91.39025115966797,58.192359924316406,137.52040100097656,243.97186279296875,83.57537841796875
2018-10-24,83.79135131835938,236.579833984375,48.902034759521484,116.66000366210938,85.75016784667969,92.08019256591797,58.74138259887695,137.5153045654297,236.579833984375,83.79135131835938
2018-10-25,83.71935272216797,240.82418823242188,49.518516540527344,116.4000015258789,85.38961791992188,91.69510650634766,59.49351501464844,137.5251007080078,240.82418823242188,83.71935272216797
2018-10-26,83.91132354736328,236.58872985839844,49.1822509765625,116.7699966430664,85.82073974609375,92.24864959716797,58.06446838378906,137.51870727539062,236.58872985839844,83.91132354736328
2018-10-29,83.82333374023438,235.27798461914062,49.04615020751953,116.30999755859375,85.7344970703125,92.04009246826172,58.801570892333984,137.51429748535156,235.27798461914062,83.82333374023438
2018-10-30,83.70333862304688,238.76441955566406,49.63859939575195,115.80000305175781,85.5072021484375,91.58279418945312,59.60634994506836,137.4989013671875,238.76441955566406,83.70333862304688
2018-10-31,83.663330078125,241.31466674804688,50.00689697265625,115.1500015258789,85.31120300292969,91.11750030517578,58.906856536865234,137.5041046142578,241.31466674804688,83.663330078125
2018-11-01,83.8747787475586,243.8826904296875,50.64739227294922,116.62999725341797,85.20219421386719,91.20194244384766,59.1851692199707,137.5030975341797,243.8826904296875,83.8747787475586
2018-11-02,83.62559509277344,242.43821716308594,50.71944046020508,116.6500015258789,84.94334411621094,90.06806945800781,58.69626998901367,137.4947967529297,242.43821716308594,83.62559509277344
2018-11-05,83.68185424804688,243.77569580078125,50.71944046020508,116.37000274658203,85.1001968383789,90.421875,59.56874465942383,137.49290466308594,243.77569580078125,83.68185424804688
2018-11-06,83.68986511230469,245.31826782226562,50.927608489990234,116.04000091552734,85.06883239746094,90.36557006835938,59.869590759277344,137.49330139160156,245.31826782226562,83.68986511230469
2018-11-07,83.76224517822266,250.57017517089844,51.60813903808594,116.02999877929688,85.13159942626953,90.48626708984375,60.5841178894043,137.49000549316406,250.57017517089844,83.76224517822266
2018-11-08,83.60948181152344,250.11544799804688,51.1037483215332,115.77999877929688,85.01393127441406,90.47818756103516,60.62924575805664,137.48309326171875,250.11544799804688,83.60948181152344
2018-11-09,83.71395874023438,247.67230224609375,50.767486572265625,114.4800033569336,85.21788787841797,91.15367126464844,60.62171173095703,137.48280334472656,247.67230224609375,83.71395874023438
2018-11-12,83.85065460205078,243.04449462890625,49.934837341308594,113.66000366210938,85.39832305908203,91.74877166748047,60.74208450317383,137.47779846191406,243.04449462890625,83.85065460205078
2018-11-13,83.88282012939453,242.5897674560547,50.15100860595703,113.69999694824219,85.32771301269531,91.69249725341797,60.6818962097168,137.4783935546875,242.5897674560547,83.88282012939453
2018-11-14,83.89085388183594,240.9312286376953,50.191036224365234,114.63999938964844,85.33553314208984,91.74877166748047,60.531471252441406,137.47650146484375,240.9312286376953,83.89085388183594
2018-11-15,83.99532318115234,243.4457244873047,50.351158142089844,114.7699966430664,85.40617370605469,91.70854949951172,60.117801666259766,137.4759979248047,243.4457244873047,83.99532318115234
2018-11-16,84.13198852539062,244.07884216308594,50.40720748901367,115.62000274658203,85.75917053222656,92.2393569946289,60.76464080810547,137.47540283203125,244.07884216308594,84.13198852539062
2018-11-19,84.12395477294922,239.95040893554688,49.96686553955078,115.66999816894531,85.7199478149414,92.49666595458984,60.84735107421875,137.4654998779297,239.95040893554688,84.12395477294922
2018-11-20,84.09184265136719,235.50985717773438,49.10219192504883,115.66999816894531,85.59442901611328,92.52880859375,60.223087310791016,137.46839904785156,235.50985717773438,84.09184265136719
2018-11-21,84.14808654785156,236.31234741210938,49.79071807861328,115.86000061035156,85.55522155761719,92.49666595458984,60.27574157714844,137.46839904785156,236.31234741210938,84.14808654785156
2018-11-22,84.14808654785156,236.31234741210938,49.79071807861328,115.86000061035156,85.55522155761719,92.49666595458984,60.27574157714844,137.46279907226562,236.31234741210938,84.14808654785156
2018-11-23,84.12395477294922,234.7340545654297,49.462467193603516,115.7699966430664,85.42182922363281,92.5931625366211,60.1554069519043,137.46200561523438,234.7340545654297,84.12395477294922
2018-11-26,84.1078872680664,238.52374267578125,50.20705032348633,115.63999938964844,85.32771301269531,92.38411712646484,60.26820755004883,137.45680236816406,238.52374267578125,84.1078872680664
2018-11-27,84.13198852539062,239.32615661621094,50.014896392822266,114.94999694824219,85.1001968383789,92.48861694335938,60.523963928222656,137.4669952392578,239.32615661621094,84.13198852539062
2018-11-28,84.29277038574219,244.83670043945312,50.72745132446289,115.37999725341797,85.20219421386719,92.03829193115234,61.06547927856445,137.4669952392578,244.83670043945312,84.29277038574219
2018-11-29,84.33293914794922,244.30177307128906,50.471248626708984,115.73999786376953,85.70423126220703,92.40018463134766,61.080528259277344,137.45089721679688,244.30177307128906,84.33293914794922
2018-11-30,84.308837890625,245.79080200195312,50.255088806152344,115.54000091552734,85.7199478149414,92.7459945678711,61.65968704223633,137.4501953125,245.79080200195312,84.308837890625
2018-12-03,84.44664001464844,249.0454864501953,50.91960144042969,116.41000366210938,85.88101196289062,93.40451049804688,61.99061584472656,137.44320678710938,249.0454864501953,84.44664001464844
2018-12-04,84.67225646972656,240.97581481933594,49.59857940673828,117.12000274658203,86.14025115966797,94.9682388305664,61.073001861572266,137.43690490722656,240.97581481933594,84.67225646972656
2018-12-05,84.67225646972656,240.97581481933594,49.59857940673828,117.12000274658203,86.14025115966797,94.9682388305664,61.073001861572266,137.44009399414062,240.97581481933594,84.67225646972656
2018-12-06,84.8817367553711,240.6102294921875,49.13421630859375,117.13999938964844,86.1480941772461,95.2665023803711,62.58479309082031,137.4420928955078,240.6102294921875,84.8817367553711
2018-12-07,84.99458312988281,235.0193634033203,48.63783645629883,118.08999633789062,86.27379608154297,95.44383239746094,61.764976501464844,137.43190002441406,235.0193634033203,84.99458312988281
2018-12-10,85.05097198486328,235.4652099609375,48.261539459228516,117.68000030517578,86.06166076660156,95.8387680053711,61.366336822509766,137.4326934814453,235.4652099609375,85.05097198486328
2018-12-11,85.0751953125,235.51876831054688,48.41366195678711,117.54000091552734,85.71604919433594,95.8226318359375,61.396427154541016,137.43389892578125,235.51876831054688,85.0751953125
2018-12-12,85.01068878173828,236.7046661376953,49.1262092590332,117.79000091552734,85.59033966064453,95.39543914794922,60.44873809814453,137.44200134277344,236.7046661376953,85.01068878173828
2018-12-13,85.03486633300781,236.62440490722656,49.03813552856445,117.52999877929688,85.60601806640625,95.16974639892578,60.798095703125,137.43080139160156,236.62440490722656,85.03486633300781
2018-12-14,85.0590591430664,232.25523376464844,48.40565490722656,117.05999755859375,85.66889953613281,95.50023651123047,60.62303924560547,137.42449951171875,232.25523376464844,85.0590591430664
2018-12-17,85.20405578613281,227.69871520996094,48.0213508605957,117.87000274658203,85.81814575195312,96.0563735961914,58.33967208862305,137.42300415039062,227.69871520996094,85.20405578613281
2018-12-18,85.45437622070312,227.4490509033203,48.06019592285156,118.1500015258789,86.04164123535156,96.63166046142578,58.94096755981445,137.42129516601562,227.4490509033203,85.45437622070312
2018-12-19,85.5351333618164,224.04283142089844,47.59892654418945,117.43000030517578,86.19115447998047,97.90823364257812,58.29400634765625,137.41810607910156,224.04283142089844,85.5351333618164
2018-12-20,85.45437622070312,220.3959197998047,47.40472412109375,119.23999786376953,85.94718170166016,97.55274963378906,57.418731689453125,137.41140747070312,220.3959197998047,85.45437622070312
2018-12-21,85.41400146484375,215.8800506591797,46.57929992675781,118.72000122070312,85.90785217285156,97.53658294677734,56.61954879760742,137.41610717773438,215.8800506591797,85.41400146484375
2018-12-24,85.47053527832031,210.1758575439453,46.037113189697266,120.0199966430664,86.03376770019531,98.02133178710938,54.60258865356445,137.41610717773438,210.1758575439453,85.47053527832031
2018-12-26,85.30903625488281,220.7949981689453,47.10530471801758,119.66000366210938,85.86062622070312,96.97103881835938,56.42927169799805,137.41610717773438,220.7949981689453,85.30903625488281
2018-12-27,85.44629669189453,222.49005126953125,47.24286651611328,120.56999969482422,85.86062622070312,96.98716735839844,56.42164993286133,137.39889526367188,222.49005126953125,85.44629669189453
2018-12-28,85.76117706298828,222.20310974121094,47.49373245239258,121.05999755859375,86.11241912841797,97.80319213867188,56.60432052612305,137.398193359375,222.20310974121094,85.76117706298828
