Date,AGGH.MI,CSPX.L,EFA,GLD,TIP,TLT,VNQ,XEON.MI,SPY
2020-08-27,5.328000068664551,321.60845947265625,55.128379821777344,181.24000549316406,101.44007873535156,134.6030731201172,65.84732818603516,136.1851043701172,321.60845947265625
2020-08-28,5.322000026702881,323.6857604980469,55.51839828491211,184.38999938964844,101.76207733154297,134.50286865234375,66.28067779541016,136.20860290527344,323.6857604980469
2020-08-31,5.322999954223633,322.5132141113281,55.09446716308594,184.8300018310547,102.22091674804688,135.39614868164062,65.60655975341797,136.20269775390625,322.5132141113281
2020-09-01,5.340000152587891,325.55084228515625,55.1538200378418,185.0500030517578,102.27727508544922,136.94476318359375,65.65471649169922,136.2021942138672,325.55084228515625
2020-09-02,5.355000019073486,330.2596435546875,55.89146041870117,182.6199951171875,102.31749725341797,138.24856567382812,66.87455749511719,136.2017059326172,330.2596435546875
2020-09-03,5.361000061035156,318.8939514160156,54.62812805175781,181.13999938964844,101.96329498291016,138.64137268066406,66.07201385498047,136.16400146484375,318.8939514160156
2020-09-04,5.3470001220703125,316.29034423828125,54.704437255859375,181.63999938964844,101.64934539794922,136.00872802734375,65.72692108154297,136.16200256347656,316.29034423828125
2020-09-07,5.34499979019165,316.29034423828125,54.704437255859375,181.63999938964844,101.64934539794922,136.00872802734375,65.72692108154297,136.1905975341797,316.29034423828125
2020-09-08,5.35099983215332,307.64837646484375,54.03462600708008,181.2899932861328,101.74597930908203,136.8445587158203,64.9244155883789,136.1873016357422,307.64837646484375
2020-09-09,5.340000152587891,313.72357177734375,55.0435905456543,183.0500030517578,101.80230712890625,136.4767608642578,65.56642150878906,136.18460083007812,313.72357177734375
2020-09-10,5.340000152587891,308.27618408203125,54.39921188354492,182.4600067138672,101.89086151123047,137.17041015625,64.76390075683594,136.18319702148438,308.27618408203125
2020-09-11,5.349999904632568,308.43310546875,54.941856384277344,182.4499969482422,101.8344955444336,137.46290588378906,64.40277862548828,136.1800994873047,308.43310546875
2020-09-14,5.360000133514404,312.49566650390625,55.23860168457031,183.88999938964844,101.77013397216797,137.4546356201172,65.9757080078125,136.2010955810547,312.49566650390625
2020-09-15,5.35699987411499,314.07452392578125,55.59470748901367,183.4499969482422,101.84255981445312,137.1203155517578,66.77022552490234,136.1688995361328,314.07452392578125
2020-09-16,5.359000205993652,312.8280334472656,55.59470748901367,183.97000122070312,101.84255981445312,136.7108154296875,67.12333679199219,136.16769409179688,312.8280334472656
2020-09-17,5.36899995803833,310.0765380859375,55.671016693115234,182.9600067138672,101.89889526367188,137.12867736816406,65.8152084350586,136.14639282226562,310.0765380859375
2020-09-18,5.363999843597412,306.50677490234375,55.22163772583008,183.1999969482422,101.81037139892578,136.70248413085938,64.33052062988281,136.16600036621094,306.50677490234375
2020-09-21,5.364999771118164,303.095458984375,53.822654724121094,179.52000427246094,101.6252212524414,137.39605712890625,62.396453857421875,136.164794921875,303.095458984375
2020-09-22,5.361000061035156,306.1823425292969,53.80570602416992,178.64999389648438,101.65740966796875,137.28744506835938,63.14280319213867,136.16200256347656,306.1823425292969
2020-09-23,5.357999801635742,299.0816650390625,53.3563346862793,174.7899932861328,101.55277252197266,137.4713592529297,61.24081802368164,136.1820068359375,299.0816650390625
2020-09-24,5.3520002365112305,299.87884521484375,53.30546188354492,175.44000244140625,101.6252212524414,137.99778747558594,61.569847106933594,136.1522979736328,299.87884521484375
2020-09-25,5.353000164031982,304.7269592285156,53.48351287841797,174.94000244140625,101.76207733154297,137.99778747558594,62.83955764770508,136.14950561523438,304.7269592285156
2020-09-28,5.3520002365112305,309.78826904296875,54.28899383544922,176.6999969482422,101.97137451171875,137.6050567626953,64.12548828125,136.1779022216797,309.78826904296875
2020-09-29,5.355999946594238,308.10113525390625,54.229637145996094,178.19000244140625,102.14039611816406,137.7637939453125,63.66451644897461,136.1221923828125,308.10113525390625
2020-09-30,5.343999862670898,310.4371643066406,53.966796875,177.1199951171875,101.8344955444336,136.44332885742188,63.85860824584961,136.14930725097656,310.4371643066406
2020-10-01,5.3480000495910645,312.4302062988281,54.280513763427734,178.6999969482422,101.8159408569336,136.6683807373047,65.13642883300781,136.13600158691406,312.4302062988281
2020-10-02,5.3470001220703125,309.4638671875,54.1702880859375,178.5399932861328,101.83209991455078,136.15811157226562,66.26058197021484,136.13360595703125,309.4638671875
2020-10-05,5.3470001220703125,314.9515686035156,54.992713928222656,179.41000366210938,101.52515411376953,133.49761962890625,66.64070129394531,136.15679931640625,314.9515686035156
2020-10-06,5.340000152587891,310.4742736816406,54.40768814086914,177.3000030517578,101.54131317138672,134.21713256835938,66.20396423339844,136.12550354003906,310.4742736816406
2020-10-07,5.341000080108643,315.8785400390625,54.874027252197266,177.22000122070312,101.53326416015625,133.23831176757812,66.30101776123047,136.12510681152344,315.8785400390625
2020-10-08,5.35099983215332,318.6780700683594,55.25555419921875,177.85000610351562,101.93710327148438,133.95773315429688,67.40901184082031,136.12069702148438,318.6780700683594
2020-10-09,5.3480000495910645,321.52392578125,55.68796920776367,181.0800018310547,101.96937561035156,133.9326629638672,67.1421127319336,136.08700561523438,321.52392578125
2020-10-12,5.348999977111816,326.6964111328125,56.010154724121094,180.55999755859375,102.03400421142578,134.359375,67.45750427246094,136.1414031982422,326.6964111328125
2020-10-13,5.368000030517578,324.5644226074219,55.38274383544922,177.72000122070312,102.03400421142578,135.32142639160156,66.30101776123047,136.0780029296875,324.5644226074219
2020-10-14,5.360000133514404,322.5250549316406,55.28947067260742,178.27000427246094,102.03400421142578,135.6309814453125,65.49227142333984,136.07589721679688,322.5250549316406
2020-10-15,5.363999843597412,322.1264953613281,54.636619567871094,178.9199981689453,102.00169372558594,135.39674377441406,65.83194732666016,136.072998046875,322.1264953613281
2020-10-16,5.364999771118164,321.9317626953125,54.89097595214844,178.3000030517578,102.0420913696289,135.02023315429688,65.36285400390625,136.07989501953125,321.9317626953125
2020-10-19,5.364999771118164,317.03729248046875,54.6874885559082,178.38999938964844,101.79978942871094,134.50994873046875,64.3438491821289,136.13299560546875,317.03729248046875
2020-10-20,5.359000205993652,318.30731201171875,54.95880126953125,179.25,101.71092987060547,133.22994995117188,64.80482482910156,136.12939453125,318.30731201171875
2020-10-21,5.353000164031982,317.70477294921875,54.69596862792969,180.60000610351562,101.67861938476562,132.76980590820312,64.61073303222656,136.09500122070312,317.70477294921875
2020-10-22,5.340000152587891,319.447509765625,54.73835754394531,178.8300018310547,101.52515411376953,131.38938903808594,64.60264587402344,136.09030151367188,319.447509765625
2020-10-23,5.354000091552734,320.53204345703125,55.09446716308594,178.63999938964844,101.64631652832031,132.19252014160156,64.99083709716797,136.05599975585938,320.53204345703125
2020-10-26,5.348999977111816,314.6086120605469,54.10245895385742,178.5500030517578,101.72708892822266,133.42234802246094,64.06079864501953,136.1179962158203,314.6086120605469
2020-10-27,5.367000102996826,313.5240783691406,53.678524017333984,179.02000427246094,101.92902374267578,134.31752014160156,63.03369140625,136.0780029296875,313.5240783691406
2020-10-28,5.35699987411499,302.80816650390625,52.07605743408203,176.1300048828125,101.79978942871094,134.4430389404297,61.52942657470703,136.07730102539062,302.80816650390625
2020-10-29,5.355000019073486,305.8857421875,52.321929931640625,175.39999389648438,101.45246124267578,133.13792419433594,62.35432815551758,136.0760040283203,305.8857421875
2020-10-30,5.354000091552734,302.6969299316406,52.05061721801758,176.1999969482422,101.14558410644531,131.82435607910156,61.941856384277344,136.07330322265625,302.6969299316406
2020-11-02,5.3480000495910645,306.089599609375,52.72891616821289,177.91000366210938,101.51640319824219,132.81179809570312,63.421875,136.0706024169922,306.089599609375
2020-11-03,5.3460001945495605,311.49383544921875,54.11093521118164,178.9199981689453,101.43543243408203,132.04139709472656,64.64309692382812,136.0594940185547,311.49383544921875
2020-11-04,5.363999843597412,318.4555969238281,54.704437255859375,178.82000732421875,101.60548400878906,134.9055633544922,64.75630187988281,136.02999877929688,318.4555969238281
2020-11-05,5.366000175476074,324.6663818359375,56.018638610839844,182.92999267578125,101.68647003173828,135.14015197753906,65.0636215209961,136.05780029296875,324.6663818359375
2020-11-06,5.363999843597412,324.5922546386719,56.1373405456543,183.19000244140625,101.22492218017578,133.50697326660156,64.61882781982422,136.05099487304688,324.5922546386719
2020-11-09,5.357999801635742,328.6709899902344,57.77372741699219,175.0800018310547,100.93338012695312,130.7012939453125,66.90757751464844,136.0200958251953,328.6709899902344
2020-11-10,5.349999904632568,328.1888732910156,58.290924072265625,175.66000366210938,101.03057098388672,129.94760131835938,67.88616180419922,136.02020263671875,328.1888732910156
2020-11-11,5.343999862670898,330.6268310546875,58.78268814086914,174.89999389648438,101.2087173461914,130.41659545898438,68.14495086669922,136.0500030517578,330.6268310546875
2020-11-12,5.3480000495910645,327.41949462890625,57.92634201049805,175.9600067138672,101.49212646484375,132.63592529296875,67.25534057617188,136.04249572753906,327.41949462890625
2020-11-13,5.35699987411499,331.9524841308594,58.81660079956055,177.16000366210938,101.48402404785156,132.46006774902344,69.05074310302734,136.0399932861328,331.9524841308594
2020-11-16,5.355000019073486,336.0960693359375,59.42707824707031,177.14999389648438,101.34637451171875,132.1417999267578,69.8271484375,136.03579711914062,336.0960693359375
2020-11-17,5.360000133514404,334.2884826660156,59.367706298828125,176.5,101.51640319824219,133.0044708251953,69.89185333251953,136.03700256347656,334.2884826660156
2020-11-18,5.367000102996826,330.26531982421875,59.054012298583984,175.49000549316406,101.54882049560547,133.38967895507812,68.53315734863281,136.0323944091797,330.26531982421875
2020-11-19,5.373000144958496,331.6558532714844,59.46946716308594,175.16000366210938,101.6540756225586,134.07644653320312,68.8000259399414,136.02560424804688,331.6558532714844
2020-11-20,5.370999813079834,329.3847351074219,59.64751052856445,175.69000244140625,101.88079833984375,135.26571655273438,68.42803192138672,136.02439880371094,329.3847351074219
2020-11-23,5.369999885559082,331.35919189453125,59.57122039794922,172.22999572753906,101.7998275756836,134.64596557617188,68.55738830566406,136.0570068359375,331.35919189453125
2020-11-24,5.36299991607666,336.69866943359375,60.46145248413086,169.58999633789062,101.83221435546875,133.30593872070312,68.92135620117188,136.02029418945312,336.69866943359375
2020-11-25,5.374000072479248,336.1794738769531,60.38515853881836,169.50999450683594,102.00225830078125,132.8956298828125,68.96177673339844,136.0157012939453,336.1794738769531
2020-11-26,5.36899995803833,336.1794738769531,60.38515853881836,169.50999450683594,102.00225830078125,132.8956298828125,68.96177673339844,136.0157928466797,336.1794738769531
2020-11-27,5.374000072479248,337.1158752441406,60.80061721801758,167.7899932861328,102.2532730102539,134.18531799316406,68.65447235107422,136.00819396972656,337.1158752441406
2020-11-30,5.375,335.6233215332031,59.47794723510742,166.6699981689453,102.36664581298828,134.017822265625,67.93467712402344,136.00869750976562,335.6233215332031
2020-12-01,5.368000030517578,339.2941589355469,60.876930236816406,170.17999267578125,102.13397979736328,132.0418243408203,68.80813598632812,135.9929962158203,339.2941589355469
2020-12-02,5.359000205993652,340.0079650878906,60.885406494140625,171.4600067138672,102.20694732666016,130.99383544921875,68.2662582397461,135.97000122070312,340.0079650878906
2020-12-03,5.367000102996826,339.9152526855469,60.987144470214844,172.80999755859375,102.49065399169922,132.0502166748047,68.84046173095703,135.99240112304688,339.9152526855469
2020-12-04,5.360000133514404,342.8445739746094,61.50434494018555,172.32000732421875,102.27178192138672,130.1136016845703,69.89185333251953,135.9918975830078,342.8445739746094
2020-12-07,5.366000175476074,342.1399841308594,61.004093170166016,174.88999938964844,102.539306640625,131.2873077392578,69.28528594970703,136.0279998779297,342.1399841308594
2020-12-08,5.374000072479248,343.1410827636719,61.216068267822266,175.5,102.70950317382812,131.9076690673828,69.04267120361328,135.98800659179688,343.1410827636719
2020-12-09,5.373000144958496,340.06353759765625,61.30085754394531,172.5,102.579833984375,131.47171020507812,68.61402893066406,135.9853057861328,340.06353759765625
2020-12-10,5.373000144958496,339.95233154296875,61.385658264160156,172.1699981689453,102.81488800048828,132.63714599609375,68.3147964477539,135.95579528808594,339.95233154296875
2020-12-11,5.389999866485596,339.5537109375,61.19911193847656,172.49000549316406,102.8067855834961,133.10658264160156,68.25009155273438,135.98199462890625,339.5537109375
2020-12-14,5.383999824523926,338.0334777832031,61.23677062988281,171.5399932861328,102.8067855834961,132.73768615722656,67.95086669921875,136.01199340820312,338.0334777832031
2020-12-15,5.385000228881836,342.6034240722656,61.86174011230469,173.94000244140625,102.99320983886719,132.2932891845703,69.3418960571289,135.9669952392578,342.6034240722656
2020-12-16,5.379000186920166,343.1410827636719,62.101444244384766,174.89999389648438,102.98513793945312,131.9412384033203,69.4227523803711,135.9730987548828,343.1410827636719
2020-12-17,5.379000186920166,345.0599365234375,62.53805160522461,176.74000549316406,103.0442886352539,131.59213256835938,70.09402465820312,135.9644012451172,345.0599365234375
2020-12-18,5.376999855041504,343.68212890625,62.212730407714844,176.44000244140625,102.99565124511719,131.19761657714844,68.68680572509766,135.96490478515625,343.68212890625
2020-12-21,5.381999969482422,342.4533386230469,61.41656494140625,175.8800048828125,102.97943878173828,131.71807861328125,68.29861450195312,135.96600341796875,342.4533386230469
2020-12-22,5.383999824523926,341.87615966796875,61.2624626159668,174.49000549316406,103.07672119140625,132.3977813720703,68.77577209472656,135.9949951171875,341.87615966796875
2020-12-23,5.377999782562256,342.1833801269531,61.92166519165039,175.64999389648438,103.12538146972656,131.4829559326172,68.33096313476562,135.9633026123047,342.1833801269531
2020-12-24,5.377999782562256,343.5146484375,61.947349548339844,176.35000610351562,103.16590118408203,132.00332641601562,68.92921447753906,135.9633026123047,343.5146484375
2020-12-28,5.380000114440918,346.4657287597656,62.45244598388672,175.7100067138672,103.2388687133789,132.06207275390625,69.34008026123047,135.9512939453125,346.4657287597656
2020-12-29,5.38100004196167,345.80474853515625,62.85480880737305,176.35000610351562,103.19023132324219,131.89414978027344,68.7484130859375,135.9508056640625,345.80474853515625
2020-12-30,5.381999969482422,346.2981262207031,62.94041442871094,177.6999969482422,103.27129364013672,132.1795654296875,69.1264419555664,135.9508056640625,346.2981262207031
2020-12-31,5.381999969482422,348.05755615234375,62.46101379394531,178.36000061035156,103.49018859863281,132.37257385253906,69.79205322265625,135.9508056640625,348.05755615234375
2021-01-04,5.394999980926514,343.319091796875,62.78632354736328,182.3300018310547,103.60370635986328,132.21315002441406,67.52399444580078,135.8990936279297,343.319091796875
2021-01-05,5.382999897003174,345.6836853027344,63.436954498291016,182.8699951171875,103.57128143310547,131.23123168945312,67.62261199951172,135.92779541015625,345.6836853027344
2021-01-06,5.361000061035156,347.7503967285156,64.16463470458984,179.89999389648438,103.2632064819336,128.53733825683594,67.7376480102539,135.92779541015625,347.7503967285156
2021-01-07,5.361000061035156,352.91705322265625,64.23312377929688,179.47999572753906,103.19832611083984,127.40428924560547,67.60617065429688,135.92100524902344,352.91705322265625
2021-01-08,5.360000133514404,354.9278564453125,64.83241271972656,173.33999633789062,102.7929916381836,126.9930648803711,68.26358795166016,135.92149353027344,354.9278564453125
2021-01-11,5.35699987411499,352.53546142578125,63.984859466552734,173.0,102.57405853271484,126.78331756591797,67.3596420288086,135.90890502929688,352.53546142578125
2021-01-12,5.3429999351501465,352.6098327636719,64.27593994140625,174.1199951171875,102.7118911743164,126.68257141113281,67.51579284667969,135.94259643554688,352.6098327636719
2021-01-13,5.359000205993652,353.5594177246094,64.1903305053711,173.3699951171875,102.93888092041016,128.10928344726562,68.3375473022461,135.94039916992188,353.5594177246094
2021-01-14,5.363999843597412,352.3213195800781,64.7039794921875,173.27999877929688,102.98749542236328,126.90919494628906,68.74018859863281,135.8798065185547,352.3213195800781
2021-01-15,5.361999988555908,349.75189208984375,63.69378662109375,171.1300048828125,103.10102844238281,127.41275787353516,69.52909088134766,135.89599609375,349.75189208984375
2021-01-18,5.359000205993652,349.75189208984375,63.69378662109375,171.1300048828125,103.10102844238281,127.41275787353516,69.52909088134766,135.93589782714844,349.75189208984375
2021-01-19,5.361999988555908,352.4981384277344,64.15608978271484,172.5800018310547,103.34429168701172,127.82393646240234,69.33186340332031,135.89590454101562,352.4981384277344
2021-01-20,5.361999988555908,357.3761901855469,64.59268951416016,175.38999938964844,103.49832916259766,127.94986724853516,70.65489959716797,135.8961944580078,357.3761901855469
2021-01-21,5.355999946594238,357.7020263671875,64.64405059814453,175.27999877929688,103.74964141845703,127.05181884765625,70.31797790527344,135.89320373535156,357.7020263671875
2021-01-22,5.355999946594238,356.4360046386719,64.33586883544922,173.89999389648438,103.58747863769531,127.46308135986328,70.48233032226562,135.8925018310547,356.4360046386719
2021-01-25,5.36899995803833,357.8416442871094,64.25879669189453,174.0500030517578,103.85504913330078,128.96533203125,71.0164566040039,135.9208984375,357.8416442871094
2021-01-26,5.360000133514404,357.2831726074219,64.35298919677734,173.6199951171875,103.70098876953125,128.72190856933594,71.51773834228516,135.88400268554688,357.2831726074219
2021-01-27,5.36299991607666,348.5509338378906,62.8804817199707,172.52000427246094,103.66856384277344,129.04928588867188,70.25222778320312,135.87579345703125,348.5509338378906
2021-01-28,5.357999801635742,351.548583984375,63.28284454345703,172.67999267578125,103.8712387084961,128.3358917236328,70.6302490234375,135.87899780273438,351.548583984375
2021-01-29,5.355999946594238,344.5107421875,61.973018646240234,172.61000061035156,103.7658462524414,127.56380462646484,69.81671905517578,135.85690307617188,344.5107421875
2021-02-01,5.3520002365112305,350.24530029296875,62.70927429199219,174.22999572753906,103.538818359375,127.71163940429688,71.41091918945312,135.89599609375,350.24530029296875
2021-02-02,5.348999977111816,355.1978454589844,63.3427848815918,172.11000061035156,103.69287872314453,126.88826751708984,71.83824157714844,135.85629272460938,355.1978454589844
2021-02-03,5.3480000495910645,355.4770812988281,63.49687957763672,171.85000610351562,103.63616180419922,125.76238250732422,71.65744018554688,135.86509704589844,355.4770812988281
2021-02-04,5.341000080108643,359.51739501953125,63.56536102294922,168.14999389648438,103.56315612792969,125.42623901367188,72.1505126953125,135.86959838867188,359.51739501953125
2021-02-05,5.334000110626221,360.9324035644531,63.95918273925781,169.80999755859375,103.538818359375,124.37602996826172,72.40524291992188,135.8623046875,360.9324035644531
2021-02-08,5.324999809265137,363.5389709472656,64.40434265136719,171.52000427246094,103.63616180419922,124.9222183227539,72.7996826171875,135.85459899902344,363.5389709472656
2021-02-09,5.339000225067139,363.2969970703125,64.75535583496094,172.0800018310547,103.69287872314453,125.01456451416016,73.05443572998047,135.85049438476562,363.2969970703125
2021-02-10,5.335999965667725,363.1386413574219,64.53276062011719,172.7100067138672,103.78205871582031,125.8463363647461,73.44889068603516,135.84849548339844,363.1386413574219
2021-02-11,5.335999965667725,363.7251892089844,64.96937561035156,171.2100067138672,103.66043853759766,125.157470703125,73.60502624511719,135.84530639648438,363.7251892089844
2021-02-12,5.327000141143799,365.5219421386719,65.32894134521484,170.69000244140625,103.49018859863281,123.60301971435547,73.62144470214844,135.84449768066406,365.5219421386719
2021-02-15,5.313000202178955,365.5219421386719,65.32894134521484,170.69000244140625,103.49018859863281,123.60301971435547,73.62144470214844,135.8583984375,365.5219421386719
2021-02-16,5.302999973297119,365.2054443359375,65.79978942871094,168.24000549316406,102.98749542236328,121.72093200683594,73.05443572998047,135.8070068359375,365.2054443359375
2021-02-17,5.307000160217285,365.2891540527344,65.41453552246094,166.3300018310547,102.94699096679688,122.49402618408203,72.96405029296875,135.83450317382812,365.2891540527344
2021-02-18,5.300000190734863,363.7344970703125,65.0892105102539,166.32000732421875,102.51734161376953,121.99825286865234,72.65179443359375,135.8079071044922,363.7344970703125
2021-02-19,5.294000148773193,363.09210205078125,65.2775650024414,167.00999450683594,102.07952880859375,120.37666320800781,73.07086181640625,135.82569885253906,363.09210205078125
2021-02-22,5.284999847412109,360.2992858886719,65.11492156982422,169.50999450683594,102.07142639160156,119.4607925415039,73.67898559570312,135.84390258789062,360.2992858886719
2021-02-23,5.276000022888184,360.73687744140625,65.17483520507812,169.1199951171875,102.09574127197266,119.11636352539062,74.13916015625,135.81640625,360.73687744140625
2021-02-24,5.26800012588501,364.7119445800781,65.38029479980469,169.0,102.01466369628906,118.33489227294922,74.70616912841797,135.8134002685547,364.7119445800781
2021-02-25,5.244999885559082,355.9239501953125,64.26737213134766,165.82000732421875,100.7661361694336,116.40242004394531,73.27629852294922,135.80520629882812,355.9239501953125
2021-02-26,5.239999771118164,354.09002685546875,63.35991287231445,161.80999755859375,102.01466369628906,120.25057983398438,72.20802307128906,135.80690002441406,354.09002685546875
2021-03-01,5.270999908447266,362.6732482910156,64.54988098144531,161.52999877929688,101.6741714477539,118.66240692138672,72.52851104736328,135.8321075439453,362.6732482910156
2021-03-02,5.27400016784668,359.8432312011719,64.48139953613281,162.41000366210938,102.08765411376953,118.67079162597656,71.83002471923828,135.79539489746094,359.8432312011719
2021-03-03,5.255000114440918,355.07684326171875,64.08759307861328,160.6199951171875,101.82820892333984,117.38371276855469,71.41912078857422,135.789306640625,355.07684326171875
2021-03-04,5.258999824523926,350.6827697753906,63.479774475097656,159.0399932861328,101.43902587890625,116.62661743164062,70.60557556152344,135.80799865722656,350.6827697753906
2021-03-05,5.249000072479248,357.1341552734375,63.89067077636719,159.13999938964844,101.54443359375,116.85386657714844,71.37806701660156,135.81100463867188,357.1341552734375
2021-03-08,5.243000030517578,355.3561706542969,63.66811752319336,157.49000549316406,100.98503112792969,115.94528198242188,71.99437713623047,135.79859924316406,355.3561706542969
2021-03-09,5.248000144958496,360.4296875,64.52420806884766,160.83999633789062,101.61738586425781,117.55194854736328,72.47097778320312,135.80029296875,360.4296875
2021-03-10,5.250999927520752,362.6732482910156,64.79817199707031,161.66000366210938,102.07952880859375,117.78755950927734,73.19414520263672,135.7895050048828,362.6732482910156
2021-03-11,5.258999824523926,366.3504943847656,65.14057922363281,161.52000427246094,102.1686782836914,116.9378890991211,74.04876708984375,135.76319885253906,366.3504943847656
2021-03-12,5.239999771118164,366.8438415527344,65.30325317382812,161.49000549316406,101.36608123779297,114.45626831054688,75.28962707519531,135.75990295410156,366.8438415527344
2021-03-15,5.245999813079834,369.03155517578125,65.35460662841797,162.1999969482422,101.66605377197266,115.12928009033203,76.4072265625,135.77740478515625,369.03155517578125
2021-03-16,5.24399995803833,368.5660705566406,65.46590423583984,162.35000610351562,101.87683868408203,114.66661834716797,76.0949478149414,135.77589416503906,368.5660705566406
2021-03-17,5.230000019073486,369.8228759765625,65.85116577148438,163.50999450683594,101.78767395019531,113.80850982666016,76.16069793701172,135.76759338378906,369.8228759765625
2021-03-18,5.2210001945495605,364.4420166015625,65.25188446044922,162.55999755859375,101.06611633300781,112.65608215332031,75.38822937011719,135.77330017089844,364.4420166015625
2021-03-19,5.228000164031982,363.7676696777344,65.4316635131836,163.24000549316406,101.26067352294922,113.35425567626953,74.36102294921875,135.77099609375,363.7676696777344
2021-03-22,5.236999988555908,366.6723937988281,65.4916000366211,163.0,101.74711608886719,114.62454223632812,74.886962890625,135.78489685058594,366.6723937988281
2021-03-23,5.248000144958496,363.7864074707031,64.5841293334961,161.80999755859375,101.95792388916016,115.65924835205078,74.78014373779297,135.75979614257812,363.7864074707031
2021-03-24,5.25,361.93707275390625,64.25879669189453,162.3699951171875,102.22544860839844,116.28170013427734,74.36102294921875,135.76019287109375,361.93707275390625
2021-03-25,5.25600004196167,363.97320556640625,64.73822784423828,161.77999877929688,102.15247344970703,115.36483764648438,75.11817169189453,135.75990295410156,363.97320556640625
2021-03-26,5.249000072479248,369.8385009765625,65.57720184326172,162.24000549316406,102.17679595947266,114.96100616455078,76.73823547363281,135.75369262695312,369.8385009765625
2021-03-29,5.241000175476074,369.6517333984375,65.32035827636719,160.30999755859375,101.90116119384766,113.98517608642578,76.2918930053711,135.74569702148438,369.6517333984375
2021-03-30,5.230000019073486,368.6711120605469,65.2347640991211,157.57000732421875,101.72278594970703,114.5824966430664,76.39106750488281,135.74839782714844,368.6711120605469
2021-03-31,5.241000175476074,370.1654968261719,64.95223999023438,159.9600067138672,101.74711608886719,113.94313049316406,75.9281997680664,135.7436981201172,370.1654968261719
2021-04-01,5.249000072479248,374.16290283203125,65.79978942871094,161.97999572753906,102.03968048095703,115.83421325683594,77.30857849121094,135.73899841308594,374.16290283203125
2021-04-05,5.249000072479248,379.53338623046875,66.75861358642578,161.9199981689453,101.74710845947266,115.32881164550781,77.60614013671875,135.73899841308594,379.53338623046875
2021-04-06,5.249000072479248,379.3091735839844,66.04805755615234,163.22000122070312,101.80401611328125,116.1122817993164,77.80450439453125,135.735595703125,379.3091735839844
2021-04-07,5.25,379.7481384277344,66.1850357055664,162.75999450683594,101.86900329589844,115.30361938476562,77.86235809326172,135.72900390625,379.7481384277344
2021-04-08,5.254000186920166,381.55072021484375,66.56172180175781,164.50999450683594,102.0965805053711,116.25543212890625,77.57306671142578,135.72900390625,381.55072021484375
2021-04-09,5.247000217437744,384.32476806640625,66.76718139648438,163.27000427246094,101.87713623046875,115.83421325683594,77.48213958740234,135.72369384765625,384.32476806640625
2021-04-12,5.24399995803833,384.46478271484375,66.39906311035156,162.27999877929688,101.89341735839844,115.78373718261719,77.93677520751953,135.72129821777344,384.46478271484375
2021-04-13,5.245999813079834,385.6042175292969,66.78429412841797,163.42999267578125,102.26722717285156,116.6513442993164,78.32524108886719,135.72149658203125,385.6042175292969
2021-04-14,5.245999813079834,384.287353515625,66.83567810058594,162.72000122070312,102.26722717285156,116.28071594238281,77.9119644165039,135.7178955078125,384.287353515625
2021-04-15,5.263000011444092,388.4155578613281,67.39212036132812,165.35000610351562,102.8198471069336,118.22665405273438,79.27577209472656,135.71009826660156,388.4155578613281
2021-04-16,5.25,389.71368408203125,67.8801040649414,166.35000610351562,102.78734588623047,117.30839538574219,79.4493637084961,135.70860290527344,389.71368408203125
2021-04-19,5.254000186920166,387.799072265625,67.76026916503906,165.88999938964844,102.60857391357422,116.97148895263672,79.6064224243164,135.70199584960938,387.799072265625
2021-04-20,5.258999824523926,384.9597473144531,66.54460906982422,166.47999572753906,102.67359161376953,117.51057434082031,80.25940704345703,135.69790649414062,384.9597473144531
2021-04-21,5.257999897003174,388.6023254394531,67.2294692993164,168.1300048828125,102.77110290527344,117.74642944335938,80.78841400146484,135.69590759277344,388.6023254394531
2021-04-22,5.258999824523926,385.05316162109375,67.00688934326172,167.0399932861328,102.89299011230469,118.26029205322266,80.35032653808594,135.69940185546875,385.05316162109375
2021-04-23,5.260000228881836,389.2281188964844,67.69175720214844,166.39999389648438,102.94178009033203,117.9823226928711,80.82146453857422,135.69500732421875,389.2281188964844
2021-04-26,5.25600004196167,390.0406494140625,67.7431411743164,166.83999633789062,102.99866485595703,117.81382751464844,81.06117248535156,135.6885986328125,390.0406494140625
2021-04-27,5.252999782562256,389.95654296875,67.52055358886719,166.4199981689453,102.99052429199219,116.78614044189453,81.05290985107422,135.6822967529297,389.95654296875
2021-04-28,5.247000217437744,389.8445129394531,67.69175720214844,166.91000366210938,103.31560516357422,116.8619384765625,80.87932586669922,135.68299865722656,389.8445129394531
2021-04-29,5.23799991607666,392.32891845703125,67.71745300292969,166.22000122070312,103.26683044433594,116.51658630371094,81.57364654541016,135.69459533691406,392.32891845703125
2021-04-30,5.244999885559082,389.7510681152344,66.86991882324219,165.66000366210938,103.20181274414062,116.78614044189453,81.89601135253906,135.6855926513672,389.7510681152344
2021-05-03,5.25,390.5916442871094,67.60615539550781,167.80999755859375,103.45886993408203,116.8562240600586,81.73894500732422,135.66859436035156,390.5916442871094
2021-05-04,5.252999782562256,388.1819763183594,66.60453033447266,166.5800018310547,103.69547271728516,117.64916229248047,81.20994567871094,135.67080688476562,388.1819763183594
2021-05-05,5.254000186920166,388.303466796875,67.5119857788086,167.27000427246094,104.16061401367188,117.84315490722656,79.8626480102539,135.67010498046875,388.303466796875
2021-05-06,5.254000186920166,391.40423583984375,68.06845092773438,170.05999755859375,104.03817749023438,118.03721618652344,80.30899047851562,135.66310119628906,391.40423583984375
2021-05-07,5.250999927520752,394.25286865234375,68.83895111083984,171.58999633789062,104.25848388671875,117.45510864257812,81.36699676513672,135.6645965576172,394.25286865234375
2021-05-10,5.248000144958496,390.3489074707031,68.47084045410156,172.11000061035156,104.30747985839844,116.26566314697266,81.34220123291016,135.63290405273438,390.3489074707031
2021-05-11,5.232999801635742,386.86505126953125,67.57191467285156,172.13999938964844,104.03004455566406,115.60762786865234,80.31726837158203,135.6522979736328,386.86505126953125
2021-05-12,5.22599983215332,378.6460876464844,66.49322509765625,170.42999267578125,103.85052490234375,114.3928451538086,78.28392791748047,135.65179443359375,378.6460876464844
2021-05-13,5.223999977111816,383.1944885253906,66.98975372314453,171.1300048828125,103.8750228881836,114.57000732421875,79.30058288574219,135.64950561523438,383.1944885253906
2021-05-14,5.230000019073486,389.07861328125,68.11125183105469,172.69000244140625,104.24219512939453,115.64142608642578,80.24286651611328,135.64830017089844,389.07861328125
2021-05-17,5.23199987411499,388.088623046875,67.98284149169922,174.6999969482422,104.4461898803711,115.3967514038086,80.3255386352539,135.6479034423828,388.088623046875
2021-05-18,5.2270002365112305,384.7449035644531,68.12837219238281,175.0399932861328,104.2911605834961,115.1014633178711,80.34205627441406,135.64129638671875,384.7449035644531
2021-05-19,5.235000133514404,383.736328125,67.52912139892578,175.16000366210938,103.58126831054688,114.82311248779297,80.08582305908203,135.6396942138672,383.736328125
2021-05-20,5.230999946594238,387.86444091796875,68.4194564819336,175.9600067138672,103.70362854003906,115.76789093017578,80.9867935180664,135.63949584960938,387.86444091796875
2021-05-21,5.234000205993652,387.5469055175781,68.51362609863281,176.0399932861328,103.89131927490234,116.13912200927734,80.90410614013672,135.63670349121094,387.5469055175781
2021-05-24,5.245999813079834,391.4976806640625,68.93310546875,176.35000610351562,104.14427947998047,116.56939697265625,81.91254425048828,135.65530395507812,391.4976806640625
2021-05-25,5.247000217437744,390.6289978027344,68.95022583007812,177.9499969482422,104.43802642822266,117.64916229248047,81.88772583007812,135.62710571289062,390.6289978027344
2021-05-26,5.255000114440918,391.40423583984375,68.90743255615234,177.63999938964844,104.20140075683594,117.44670867919922,82.25142669677734,135.62530517578125,391.40423583984375
2021-05-27,5.245999813079834,391.6097412109375,69.03584289550781,177.7100067138672,104.19322967529297,116.97425842285156,82.0613021850586,135.62010192871094,391.6097412109375
2021-05-28,5.25,392.3102111816406,69.19850158691406,178.3800048828125,104.25848388671875,116.78870391845703,82.55724334716797,135.6221923828125,392.3102111816406
2021-05-31,5.25,392.3102111816406,69.19850158691406,178.3800048828125,104.25848388671875,116.78870391845703,82.55724334716797,135.62120056152344,392.3102111816406
2021-06-01,5.245999813079834,391.9646301269531,69.44676971435547,177.89999389648438,104.56287384033203,116.76252746582031,84.04505157470703,135.61399841308594,391.9646301269531
2021-06-02,5.245999813079834,392.5809631347656,69.67792510986328,178.77000427246094,104.43161010742188,117.03286743164062,85.0286865234375,135.60670471191406,392.5809631347656
2021-06-03,5.248000144958496,391.1240234375,69.33547973632812,175.27000427246094,104.078857421875,116.59353637695312,84.71459197998047,135.60830688476562,391.1240234375
2021-06-04,5.255000114440918,394.701171875,69.92618560791016,177.16000366210938,104.57929992675781,118.19023132324219,84.75592041015625,135.60809326171875,394.701171875
2021-06-07,5.248000144958496,394.3182678222656,70.1573257446289,177.8699951171875,104.34957122802734,117.8270034790039,85.75605773925781,135.60040283203125,394.3182678222656
2021-06-08,5.255000114440918,394.4022216796875,70.12308502197266,177.32000732421875,104.45620727539062,118.6549072265625,86.4668960571289,135.59359741210938,394.4022216796875
2021-06-09,5.265999794006348,393.81390380859375,69.93475341796875,176.97999572753906,104.46442413330078,119.70244598388672,86.58262634277344,135.59280395507812,393.81390380859375
2021-06-10,5.269000053405762,395.6446228027344,70.12740325927734,177.74000549316406,105.005859375,120.42059326171875,87.20254516601562,135.59890747070312,395.6446228027344
2021-06-11,5.275000095367432,396.2983093261719,70.29228210449219,175.74000549316406,104.73515319824219,120.22618865966797,86.85539245605469,135.58749389648438,396.2983093261719
2021-06-14,5.265999794006348,397.18560791015625,70.41376495361328,174.7100067138672,104.67774200439453,119.3053970336914,87.19428253173828,135.57940673828125,397.18560791015625
2021-06-15,5.265999794006348,396.45703125,70.50054931640625,174.0500030517578,104.8499526977539,119.16182708740234,86.26025390625,135.5778045654297,396.45703125
2021-06-16,5.269999980926514,394.24346923828125,70.06665802001953,171.11000061035156,103.89836883544922,119.0604019165039,85.69818878173828,135.5731964111328,394.24346923828125
2021-06-17,5.26200008392334,394.1128234863281,69.58068084716797,165.85000610351562,104.29217529296875,120.84300231933594,85.59076690673828,135.57269287109375,394.1128234863281
2021-06-18,5.271999835968018,388.7960510253906,68.14012145996094,164.92999267578125,104.33316802978516,123.11553192138672,84.13600158691406,135.57769775390625,388.7960510253906
2021-06-21,5.270999908447266,394.36199951171875,69.03396606445312,166.9499969482422,104.15269470214844,121.05419158935547,85.87177276611328,135.55409240722656,394.36199951171875
2021-06-22,5.26200008392334,396.47039794921875,69.04265594482422,166.25,104.72693634033203,121.34983825683594,85.42542266845703,135.56309509277344,396.47039794921875
2021-06-23,5.264999866485596,395.99249267578125,68.6000747680664,166.13999938964844,104.75155639648438,121.03728485107422,85.27664947509766,135.56100463867188,395.99249267578125
2021-06-24,5.267000198364258,398.3350830078125,69.25959777832031,166.0399932861328,104.55467224121094,121.23158264160156,85.09268188476562,135.55979919433594,398.3350830078125
2021-06-25,5.260000228881836,399.74993896484375,69.40713500976562,166.58999633789062,104.66133117675781,119.97285461425781,85.66705322265625,135.55580139160156,399.74993896484375
2021-06-28,5.264999866485596,400.5558776855469,68.96454620361328,166.5800018310547,104.81716918945312,121.20622253417969,85.41734313964844,135.55059814453125,400.5558776855469
2021-06-29,5.271999835968018,400.77142333984375,68.98189544677734,164.8300018310547,104.8746109008789,121.40894317626953,85.18424987792969,135.54849243164062,400.77142333984375
2021-06-30,5.269999980926514,401.1087341308594,68.4525375366211,165.6300048828125,105.01405334472656,121.94969940185547,84.7347412109375,135.5458984375,401.1087341308594
2021-07-01,5.271999835968018,403.3294677734375,68.6174087524414,166.1999969482422,105.11563873291016,121.95647430419922,85.10101318359375,135.54620361328125,403.3294677734375
2021-07-02,5.2789998054504395,406.4123840332031,68.85172271728516,167.2899932861328,105.5615234375,122.69242095947266,85.35906219482422,135.54339599609375,406.4123840332031
2021-07-05,5.276000022888184,406.4123840332031,68.85172271728516,167.2899932861328,105.5615234375,122.69242095947266,85.35906219482422,135.54159545898438,406.4123840332031
2021-07-06,5.290999889373779,405.6720886230469,68.40047454833984,168.1199951171875,105.83399200439453,124.13045501708984,85.98339080810547,135.53439331054688,405.6720886230469
2021-07-07,5.300000190734863,407.1056823730469,68.77362060546875,168.75999450683594,105.75968170166016,125.23014831542969,86.28307342529297,135.53460693359375,407.1056823730469
2021-07-08,5.301000118255615,403.7886962890625,67.88846588134766,168.64999389648438,105.61933135986328,125.72076416015625,86.04166412353516,135.5406951904297,403.7886962890625
2021-07-09,5.298999786376953,408.09906005859375,69.04265594482422,169.2100067138672,105.63585662841797,123.95284271240234,87.45683288574219,135.5384063720703,408.09906005859375
2021-07-12,5.294000148773193,409.5608215332031,69.33769989013672,169.0,105.91657257080078,123.79207611083984,88.20602416992188,135.5279998779297,409.5608215332031
2021-07-13,5.296999931335449,408.1645812988281,68.97322082519531,169.22000122070312,105.91657257080078,122.84467315673828,86.9739990234375,135.52859497070312,408.1645812988281
2021-07-14,5.294000148773193,408.77374267578125,69.12943267822266,171.0399932861328,106.19731903076172,124.24042510986328,87.5816879272461,135.5128936767578,408.77374267578125
2021-07-15,5.300000190734863,407.3775634765625,68.46989440917969,171.07000732421875,106.51936340332031,125.61083221435547,87.72320556640625,135.5084991455078,407.3775634765625
2021-07-16,5.306000232696533,404.1821594238281,67.966552734375,169.41000366210938,106.51936340332031,125.37397003173828,87.66494750976562,135.5124969482422,404.1821594238281
2021-07-19,5.318999767303467,398.2132873535156,66.73426818847656,169.61000061035156,106.56065368652344,128.12322998046875,86.06664276123047,135.50650024414062,398.2132873535156
2021-07-20,5.327000141143799,403.9198303222656,67.22024536132812,169.38999938964844,106.54415893554688,126.88809967041016,88.09780883789062,135.5092010498047,403.9198303222656
2021-07-21,5.316999912261963,407.1900939941406,68.2442626953125,168.75999450683594,106.27166748046875,125.2808609008789,88.08948516845703,135.51010131835938,407.1900939941406
2021-07-22,5.323999881744385,408.04278564453125,68.27030181884766,169.08999633789062,106.56893157958984,126.4651870727539,87.39024353027344,135.4987030029297,408.04278564453125
2021-07-23,5.318999767303467,412.2407531738281,68.74758911132812,168.55999755859375,107.04786682128906,125.61927032470703,88.11444854736328,135.49139404296875,412.2407531738281
2021-07-26,5.324999809265137,413.25274658203125,68.84304809570312,168.16000366210938,107.51026916503906,125.24706268310547,88.15608978271484,135.49290466308594,413.25274658203125
2021-07-27,5.330999851226807,411.3692932128906,68.56535339355469,168.44000244140625,107.48546600341797,126.58367919921875,88.6555404663086,135.48880004882812,411.3692932128906
2021-07-28,5.327000141143799,411.2006530761719,68.86039733886719,169.2899932861328,107.84882354736328,126.59203338623047,88.34754180908203,135.4864044189453,411.2006530761719
2021-07-29,5.328999996185303,412.9060974121094,69.33769989013672,171.1699981689453,107.65892028808594,125.88994598388672,88.36419677734375,135.48280334472656,412.9060974121094
2021-07-30,5.331999778747559,410.90087890625,68.98189544677734,169.82000732421875,107.82403564453125,126.48213195800781,88.48072814941406,135.48280334472656,410.90087890625
2021-08-02,5.3420000076293945,410.03875732421875,69.32902526855469,169.61000061035156,107.86309814453125,127.61026763916016,88.2892837524414,135.47320556640625,410.03875732421875
2021-08-03,5.3420000076293945,413.37457275390625,69.82366943359375,169.49000549316406,107.9627685546875,127.67800903320312,88.39749145507812,135.47329711914062,413.37457275390625
2021-08-04,5.3429999351501465,411.3412170410156,69.61538696289062,169.52999877929688,107.75511169433594,127.94060516357422,88.1227798461914,135.4698028564453,411.3412170410156
2021-08-05,5.333000183105469,413.9461364746094,69.95384216308594,168.86000061035156,107.37297821044922,127.28844451904297,89.15499877929688,135.4683074951172,413.9461364746094
2021-08-06,5.322000026702881,414.6302185058594,69.69348907470703,164.63999938964844,107.13206481933594,125.16256713867188,88.99687194824219,135.4674072265625,414.6302185058594
2021-08-09,5.321000099182129,414.29278564453125,69.65877532958984,161.72000122070312,106.9410400390625,124.71368408203125,88.52236938476562,135.46099853515625,414.29278564453125
2021-08-10,5.316999912261963,414.8081970214844,69.81498718261719,161.77000427246094,107.04070281982422,124.13777923583984,87.68157958984375,135.4597930908203,414.8081970214844
2021-08-11,5.315000057220459,415.8389892578125,70.29228210449219,164.0,107.21513366699219,124.06153869628906,88.19771575927734,135.4613037109375,415.8389892578125
2021-08-12,5.318999767303467,417.0851745605469,70.23155212402344,164.0399932861328,107.13206481933594,123.8582992553711,88.38916015625,135.45599365234375,417.0851745605469
2021-08-13,5.326000213623047,417.8442687988281,70.65675354003906,166.38999938964844,107.40619659423828,125.8147201538086,88.87199401855469,135.44439697265625,417.8442687988281
2021-08-16,5.330999851226807,418.828125,70.29228210449219,167.22000122070312,107.51417541503906,126.11962890625,88.76375579833984,135.44479370117188,418.828125
2021-08-17,5.328000068664551,416.08258056640625,69.63275909423828,166.97000122070312,107.22343444824219,126.06884765625,88.67220306396484,135.44400024414062,416.08258056640625
2021-08-18,5.328999996185303,411.5285339355469,69.36372375488281,167.10000610351562,107.24006652832031,126.49231719970703,87.86471557617188,135.4403076171875,411.5285339355469
2021-08-19,5.333000183105469,412.16583251953125,68.67816162109375,166.61000061035156,107.28160095214844,127.42399597167969,88.2892837524414,135.43930053710938,412.16583251953125
2021-08-20,5.335000038146973,415.44537353515625,68.94717407226562,166.6999969482422,106.9493637084961,127.50862121582031,88.73046112060547,135.43679809570312,415.44537353515625
2021-08-23,5.331999778747559,419.099853515625,69.58935546875,168.72999572753906,107.19851684570312,127.42399597167969,88.56398010253906,135.43679809570312,419.099853515625
2021-08-24,5.329999923706055,419.76513671875,69.73690032958984,168.64999389648438,107.19851684570312,126.43296813964844,88.1727294921875,135.42599487304688,419.76513671875
2021-08-25,5.309000015258789,420.64599609375,69.76290893554688,167.47999572753906,107.15699005126953,125.38275909423828,88.11444854736328,135.4243927001953,420.64599609375
2021-08-26,5.315000057220459,418.1628112792969,69.3984375,167.6699981689453,107.17361450195312,125.73004913330078,88.14774322509766,135.4261016845703,418.1628112792969
2021-08-27,5.320000171661377,421.901611328125,70.03192901611328,170.19000244140625,107.97937774658203,126.58551025390625,89.07177734375,135.4163055419922,421.901611328125
2021-08-30,5.326000213623047,423.7569274902344,70.01458740234375,169.35000610351562,107.9627685546875,126.91573333740234,89.96248626708984,135.41110229492188,423.7569274902344
2021-08-31,5.316999912261963,423.12908935546875,69.9798812866211,169.69000244140625,107.64707946777344,126.05191040039062,90.38704681396484,135.41110229492188,423.12908935546875
2021-09-01,5.315999984741211,423.35406494140625,70.61337280273438,169.6999969482422,107.6939697265625,126.26299285888672,91.83549499511719,135.4102020263672,423.35406494140625
2021-09-02,5.318999767303467,424.6565856933594,70.89974212646484,169.25,107.73576354980469,126.81421661376953,92.31831359863281,135.40699768066406,424.6565856933594
2021-09-03,5.315000057220459,424.55340576171875,71.22084045410156,171.05999755859375,107.58522033691406,125.660888671875,92.33496856689453,135.40379333496094,424.55340576171875
2021-09-06,5.313000202178955,424.55340576171875,71.22084045410156,171.05999755859375,107.58522033691406,125.660888671875,92.33496856689453,135.39849853515625,424.55340576171875
2021-09-07,5.301000118255615,423.035400390625,71.27290344238281,167.7100067138672,107.3175277709961,124.60088348388672,91.2944107055664,135.39739990234375,423.035400390625
2021-09-08,5.302999973297119,422.5201110839844,70.70882415771484,167.2899932861328,107.75252532958984,125.44893646240234,91.75225830078125,135.3927001953125,422.5201110839844
2021-09-09,5.314000129699707,420.71160888671875,70.58733367919922,168.02999877929688,108.32131958007812,126.96684265136719,89.8875732421875,135.39349365234375,420.71160888671875
2021-09-10,5.309999942779541,417.3944396972656,70.4311294555664,167.17999267578125,108.02017211914062,125.84750366210938,88.57230377197266,135.39309692382812,417.3944396972656
2021-09-13,5.313000202178955,418.462646484375,70.98652648925781,167.74000549316406,108.02017211914062,126.61078643798828,89.1716537475586,135.3802947998047,418.462646484375
2021-09-14,5.317999839782715,416.2044372558594,70.69146728515625,168.82000732421875,108.07872772216797,128.14566040039062,89.01350402832031,135.38470458984375,416.2044372558594
2021-09-15,5.316999912261963,419.68084716796875,70.89974212646484,167.8300018310547,108.13729095458984,127.69624328613281,89.2965316772461,135.37860107421875,419.68084716796875
2021-09-16,5.309000015258789,419.0155334472656,70.78692626953125,164.02999877929688,107.96161651611328,127.11102294921875,89.37145233154297,135.3784942626953,419.0155334472656
2021-09-17,5.318999767303467,414.933837890625,69.85839080810547,163.77000427246094,107.65210723876953,126.50045013427734,88.57230377197266,135.37379455566406,414.933837890625
2021-09-20,5.309000015258789,408.0152282714844,68.56535339355469,164.94000244140625,107.75252532958984,128.06935119628906,88.03121948242188,135.37210083007812,408.0152282714844
2021-09-21,5.314000129699707,407.6297607421875,69.24224853515625,166.0399932861328,107.67721557617188,127.95909118652344,88.07282257080078,135.35330200195312,407.6297607421875
2021-09-22,5.309000015258789,411.6060485839844,69.58935546875,165.4199981689453,107.56848907470703,128.72227478027344,88.93025970458984,135.36309814453125,411.6060485839844
2021-09-23,5.293000221252441,416.60711669921875,70.3443603515625,163.50999450683594,107.1836929321289,125.81356811523438,88.75544738769531,135.3616943359375,416.60711669921875
2021-09-24,5.2829999923706055,417.2933654785156,69.68482208251953,163.3000030517578,106.91604614257812,124.58393859863281,87.80644226074219,135.35850524902344,417.2933654785156
2021-09-27,5.2769999504089355,416.09954833984375,69.64142608642578,163.63999938964844,106.96621704101562,124.12599182128906,86.62541198730469,135.35260009765625,416.09954833984375
2021-09-28,5.267000198364258,407.7144470214844,68.1227798461914,162.0500030517578,106.73202514648438,122.1925048828125,86.0390853881836,135.3524932861328,407.7144470214844
2021-09-29,5.269000053405762,408.400634765625,67.966552734375,161.32000732421875,106.79058074951172,122.4044418334961,86.68404388427734,135.36289978027344,408.400634765625
2021-09-30,5.260000228881836,403.4089660644531,67.69754791259766,164.22000122070312,106.80728149414062,122.38751220703125,85.25173950195312,135.3448944091797,403.4089660644531
2021-10-01,5.265999794006348,408.2031555175781,67.86241912841797,164.58999633789062,107.27059936523438,123.4175033569336,86.45789337158203,135.3441925048828,408.2031555175781
2021-10-04,5.26800012588501,402.93902587890625,67.15081024169922,165.36000061035156,107.26223754882812,123.10330200195312,86.47464752197266,135.33580017089844,402.93902587890625
2021-10-05,5.257999897003174,407.131591796875,67.61077117919922,164.58999633789062,107.37129211425781,121.9145736694336,85.87992095947266,135.3321075439453,407.131591796875
2021-10-06,5.25600004196167,408.8236083984375,67.15951538085938,165.02999877929688,107.31255340576172,122.6023941040039,86.70079803466797,135.32040405273438,408.8236083984375
2021-10-07,5.249000072479248,412.358154296875,67.68019104003906,164.16000366210938,107.22021484375,121.32023620605469,86.93529510498047,135.34930419921875,412.358154296875
2021-10-08,5.23799991607666,411.6060485839844,67.6715087890625,164.22999572753906,107.24540710449219,120.47108459472656,86.11445617675781,135.32839965820312,411.6060485839844
2021-10-11,5.230000019073486,408.6261901855469,67.4545669555664,163.9199981689453,107.17827606201172,120.16543579101562,86.3322525024414,135.3094940185547,408.6261901855469
2021-10-12,5.23199987411499,407.620361328125,67.48927307128906,164.66000366210938,107.37972259521484,122.22025299072266,87.4630126953125,135.31869506835938,407.620361328125
2021-10-13,5.243000030517578,409.08685302734375,68.15748596191406,167.58999633789062,107.86649322509766,123.40904998779297,88.09959411621094,135.3188018798828,409.08685302734375
2021-10-14,5.257999897003174,415.9678955078125,68.8343734741211,168.0,108.0763168334961,123.86753845214844,89.17173767089844,135.3166961669922,415.9678955078125
2021-10-15,5.252999782562256,419.1358947753906,69.40713500976562,165.3300018310547,107.90007019042969,123.14579010009766,89.10472106933594,135.3280029296875,419.1358947753906
2021-10-18,5.24399995803833,420.3766784667969,69.11206817626953,164.9199981689453,107.67344665527344,123.72319793701172,89.33087158203125,135.30569458007812,420.3766784667969
2021-10-19,5.236999988555908,423.6199035644531,69.52861785888672,165.4499969482422,107.41326141357422,122.01644897460938,89.37276458740234,135.30189514160156,423.6199035644531
2021-10-20,5.235000133514404,425.2837829589844,69.77161407470703,166.89999389648438,107.60633087158203,121.19284057617188,90.77993774414062,135.29530334472656,425.2837829589844
2021-10-21,5.22599983215332,426.3929748535156,69.44184112548828,166.75,107.84970092773438,121.04850006103516,90.90556335449219,135.30360412597656,426.3929748535156
2021-10-22,5.228000164031982,425.9512023925781,69.85839080810547,167.77000427246094,108.06792449951172,122.38157653808594,91.332763671875,135.29469299316406,425.9512023925781
2021-10-25,5.234000205993652,428.2353820800781,69.71952819824219,168.92999267578125,108.328125,122.19480895996094,91.62591552734375,135.28880310058594,428.2353820800781
2021-10-26,5.236000061035156,428.6208190917969,69.85839080810547,167.67999267578125,108.70580291748047,123.20521545410156,91.87720489501953,135.2886962890625,428.6208190917969
2021-10-27,5.251999855041504,426.7220153808594,69.58068084716797,168.1199951171875,109.21774291992188,125.44689178466797,91.09822082519531,135.2740936279297,426.7220153808594
2021-10-28,5.255000114440918,430.83935546875,70.25757598876953,168.0800018310547,108.26935577392578,125.02232360839844,92.37139892578125,135.27870178222656,430.83935546875
2021-10-29,5.244999885559082,431.713623046875,69.84970092773438,166.64999389648438,107.9924087524414,125.40448760986328,91.332763671875,135.27969360351562,431.713623046875
2021-11-01,5.23799991607666,432.45623779296875,70.52658081054688,167.52000427246094,107.56559753417969,124.50150299072266,91.78507995605469,135.27499389648438,432.45623779296875
2021-11-02,5.254000186920166,434.2046813964844,70.37906646728516,167.16000366210938,107.99408721923828,125.05410766601562,92.22061157226562,135.2725067138672,434.2046813964844
2021-11-03,5.247000217437744,436.85565185546875,70.95182037353516,165.77000427246094,107.84283447265625,123.76187133789062,92.5305404663086,135.27099609375,436.85565185546875
2021-11-04,5.263999938964844,438.9143371582031,70.90843200683594,167.64999389648438,108.55694580078125,125.06261444091797,91.65105438232422,135.268798828125,438.9143371582031
2021-11-05,5.284999847412109,440.43719482421875,71.01256561279297,169.83999633789062,108.93498992919922,126.93309783935547,92.1201171875,135.2635955810547,440.43719482421875
2021-11-08,5.2769999504089355,440.813232421875,71.00389099121094,170.4499969482422,109.29621124267578,126.69499206542969,92.04473114013672,135.25999450683594,440.813232421875
2021-11-09,5.290999889373779,439.3561096191406,70.8476791381836,171.2899932861328,109.9346694946289,128.34437561035156,92.20387268066406,135.25999450683594,439.3561096191406
2021-11-10,5.270999908447266,435.82147216796875,69.98855590820312,173.14999389648438,109.59866333007812,125.99787902832031,91.77670288085938,135.23739624023438,435.82147216796875
2021-11-11,5.26200008392334,435.962646484375,70.24022674560547,174.1199951171875,109.58184051513672,125.81077575683594,91.92744445800781,135.23739624023438,435.962646484375
2021-11-12,5.256999969482422,439.252685546875,70.62203979492188,174.4499969482422,109.5650634765625,125.25814056396484,91.86046600341797,135.23739624023438,439.252685546875
2021-11-15,5.252999782562256,439.4031677246094,70.49187469482422,174.17999267578125,109.58184051513672,123.68533325195312,92.50540924072266,135.2700958251953,439.4031677246094
2021-11-16,5.248000144958496,441.1422424316406,70.33567810058594,172.9199981689453,109.42221069335938,123.37076568603516,91.89395904541016,135.24099731445312,441.1422424316406
2021-11-17,5.247000217437744,440.0705871582031,70.24888610839844,174.5,109.64065551757812,124.34851837158203,92.17874145507812,135.23789978027344,440.0705871582031
2021-11-18,5.256999969482422,441.56524658203125,70.31831359863281,173.94000244140625,109.7078628540039,124.81607055664062,92.19550323486328,135.239501953125,441.56524658203125
2021-11-19,5.264999866485596,440.775634765625,69.71952819824219,172.61000061035156,109.50625610351562,126.13383483886719,91.65105438232422,135.239501953125,440.775634765625
2021-11-22,5.256999969482422,439.53472900390625,69.31166076660156,168.74000549316406,108.6241455078125,124.65455627441406,91.19874572753906,135.25250244140625,439.53472900390625
2021-11-23,5.236999988555908,440.1175842285156,69.24224853515625,167.27999877929688,108.20410919189453,122.85216522216797,91.93583679199219,135.25250244140625,440.1175842285156
2021-11-24,5.234000205993652,441.2926330566406,68.78229522705078,167.1199951171875,108.54014587402344,124.8245849609375,93.04985809326172,135.22390747070312,441.2926330566406
2021-11-25,5.236999988555908,441.2926330566406,68.78229522705078,167.1199951171875,108.54014587402344,124.8245849609375,93.04985809326172,135.22390747070312,441.2926330566406
2021-11-26,5.26800012588501,431.450439453125,66.93388366699219,166.85000610351562,109.07778930664062,127.9787826538086,90.46165466308594,135.22390747070312,431.450439453125
2021-11-29,5.26800012588501,436.74285888671875,67.27232360839844,166.6199951171875,108.82576751708984,126.95001983642578,91.13174438476562,135.22120666503906,436.74285888671875
2021-11-30,5.2769999504089355,428.24481201171875,66.68221282958984,165.5,108.92658996582031,128.87997436523438,89.4062728881836,135.22120666503906,428.24481201171875
2021-12-01,5.264999866485596,423.48828125,66.30038452148438,166.16000366210938,108.58670806884766,129.67503356933594,87.93208312988281,135.22120666503906,423.48828125
2021-12-02,5.2829999923706055,429.9744873046875,67.12480163574219,165.24000549316406,108.90636444091797,129.83673095703125,90.5705337524414,135.22120666503906,429.9744873046875
2021-12-03,5.283999919891357,426.233154296875,66.84709167480469,166.6300048828125,109.13353729248047,131.38595581054688,90.26898956298828,135.22120666503906,426.233154296875
2021-12-06,5.2820000648498535,431.2811584472656,67.48927307128906,166.22000122070312,108.63716125488281,129.5813446044922,91.8520736694336,135.2010955810547,431.2811584472656
2021-12-07,5.2779998779296875,440.2021484375,68.9124755859375,166.80999755859375,108.8138427734375,128.5343475341797,93.17549896240234,135.20680236816406,440.2021484375
2021-12-08,5.261000156402588,441.3678283691406,69.04265594482422,166.89999389648438,108.62875366210938,126.3127212524414,93.84559631347656,135.1981964111328,441.3678283691406
2021-12-09,5.2789998054504395,438.387939453125,68.46989440917969,165.8800048828125,108.18286895751953,127.01918029785156,92.48866271972656,135.1710968017578,438.387939453125
2021-12-10,5.2789998054504395,442.5146484375,68.6174087524414,166.5800018310547,108.17445373535156,126.71278381347656,92.7734603881836,135.1710968017578,442.5146484375
2021-12-13,5.288000106811523,438.59466552734375,67.97465515136719,167.0,108.2838134765625,128.58547973632812,93.6445541381836,135.1710968017578,438.59466552734375
2021-12-14,5.28000020980835,435.5771179199219,67.61267852783203,165.44000244140625,107.93889617919922,128.2789764404297,92.44677734375,135.18190002441406,435.5771179199219
2021-12-15,5.2779998779296875,442.38311767578125,68.53089141845703,166.14999389648438,108.03144836425781,127.04475402832031,93.74506378173828,135.17730712890625,442.38311767578125
2021-12-16,5.2769999504089355,438.48193359375,68.53971862792969,168.16000366210938,108.25659942626953,127.09423828125,93.71156311035156,135.17730712890625,438.48193359375
2021-12-17,5.283999919891357,433.8151550292969,67.67448425292969,167.8000030517578,108.26505279541016,128.53433227539062,93.59429931640625,135.17849731445312,433.8151550292969
2021-12-20,5.2820000648498535,429.2023010253906,67.5243911743164,167.08999633789062,108.20579528808594,127.57141876220703,92.8655776977539,135.16769409179688,429.2023010253906
2021-12-21,5.257999897003174,436.824462890625,68.27484893798828,167.02000427246094,108.44282531738281,127.08563995361328,93.91259765625,135.16610717773438,436.824462890625
2021-12-22,5.252999782562256,441.19219970703125,68.9105453491211,168.58999633789062,108.7898941040039,127.67369079589844,94.87584686279297,135.16419982910156,441.19219970703125
2021-12-23,5.25600004196167,443.9372863769531,69.31668853759766,168.97000122070312,108.54438781738281,126.5657730102539,94.77532958984375,135.1602020263672,443.9372863769531
2021-12-24,5.25600004196167,443.9372863769531,69.31668853759766,168.97000122070312,108.54438781738281,126.5657730102539,94.77532958984375,135.1602020263672,443.9372863769531
2021-12-27,5.265999794006348,450.2198486328125,69.85525512695312,169.3699951171875,108.90840911865234,126.87258911132812,96.38427734375,135.19419860839844,450.2198486328125
2021-12-28,5.264999866485596,449.85205078125,69.8817367553711,168.63999938964844,108.8406982421875,126.36976623535156,96.73937225341797,135.14169311523438,449.85205078125
2021-12-29,5.25,450.427490234375,69.85525512695312,168.58999633789062,108.93376922607422,124.98925018310547,97.39037322998047,135.14169311523438,450.427490234375
2021-12-30,5.236999988555908,449.1822814941406,69.672119140625,169.8000030517578,109.50092315673828,126.0374984741211,97.8131103515625,135.1215057373047,449.1822814941406
2021-12-31,5.236999988555908,448.05023193359375,69.61017608642578,170.9600067138672,109.3655014038086,126.28463745117188,98.08367919921875,135.1215057373047,448.05023193359375
2022-01-03,5.235000133514404,450.6444396972656,70.0614013671875,168.3300018310547,108.73910522460938,122.96961975097656,97.31429290771484,135.1331024169922,450.6444396972656
2022-01-04,5.2210001945495605,450.4934997558594,70.45951843261719,169.57000732421875,108.3243179321289,122.45830535888672,97.1959228515625,135.12879943847656,450.4934997558594
2022-01-05,5.2170000076293945,441.84307861328125,69.84021759033203,169.05999755859375,107.44396209716797,121.79357147216797,94.41432189941406,135.13409423828125,441.84307861328125
2022-01-06,5.201000213623047,441.427978515625,69.486328125,166.99000549316406,106.9784164428711,122.10887145996094,94.49887084960938,135.12789916992188,441.427978515625
2022-01-07,5.189000129699707,439.68280029296875,69.6897964477539,167.75,106.85140991210938,121.23116302490234,93.87319946289062,135.11590576171875,439.68280029296875
2022-01-10,5.184000015258789,439.1356506347656,69.0439682006836,168.25999450683594,106.98686218261719,121.52938842773438,93.33209991455078,135.11590576171875,439.1356506347656
2022-01-11,5.188000202178955,443.13543701171875,69.79597473144531,170.2899932861328,107.7317886352539,122.3389892578125,93.4758529663086,135.11590576171875,443.13543701171875
2022-01-12,5.190000057220459,444.33343505859375,70.47721862792969,170.74000549316406,107.03765869140625,121.87028503417969,93.58573913574219,135.11590576171875,444.33343505859375
2022-01-13,5.199999809265137,438.211181640625,69.96407318115234,170.16000366210938,107.06305694580078,122.95258331298828,93.39974975585938,135.11300659179688,438.211181640625
2022-01-14,5.190000057220459,438.3904724121094,69.89329528808594,169.6699981689453,106.58057403564453,121.09481048583984,92.55426788330078,135.10670471191406,438.3904724121094
2022-01-17,5.178999900817871,438.3904724121094,69.89329528808594,169.6699981689453,106.58057403564453,121.09481048583984,92.55426788330078,135.10670471191406,438.3904724121094
2022-01-18,5.172999858856201,430.6266784667969,68.86700439453125,169.38999938964844,106.07266235351562,119.39048767089844,91.58197784423828,135.10670471191406,430.6266784667969
2022-01-19,5.171999931335449,426.1552429199219,68.80508422851562,172.0800018310547,105.85256958007812,120.21710968017578,90.3475570678711,135.0946044921875,426.1552429199219
2022-01-20,5.171999931335449,421.4385070800781,68.46887969970703,171.64999389648438,105.97954559326172,120.95841979980469,89.18926239013672,135.08270263671875,421.4385070800781
2022-01-21,5.185999870300293,413.1654357910156,67.5399169921875,171.08999633789062,106.63983154296875,122.39865112304688,88.96945190429688,135.10760498046875,413.1654357910156
2022-01-24,5.186999797821045,414.9200134277344,66.8675308227539,172.02999877929688,106.88530731201172,121.39314270019531,89.13853454589844,135.0980987548828,414.9200134277344
2022-01-25,5.184999942779541,409.854248046875,66.46055603027344,172.5800018310547,106.69905853271484,121.19708251953125,88.78343200683594,135.11300659179688,409.854248046875
2022-01-26,5.179999828338623,408.8260498046875,66.20399475097656,169.7899932861328,106.02188110351562,119.7313003540039,87.39685821533203,135.09579467773438,408.8260498046875
2022-01-27,5.165999889373779,406.8072509765625,65.89434051513672,167.60000610351562,106.45357513427734,121.9299545288086,85.95110321044922,135.10989379882812,406.8072509765625
2022-01-28,5.166999816894531,416.9104919433594,66.11551666259766,167.10000610351562,106.82604217529297,121.97254180908203,88.73270416259766,135.09890747070312,416.9104919433594
2022-01-31,5.156000137329102,424.4195251464844,67.07987213134766,168.08999633789062,107.11383819580078,121.34196472167969,89.8233642578125,135.05409240722656,424.4195251464844
2022-02-01,5.1519999504089355,427.2872009277344,67.71687316894531,168.22999572753906,106.41646575927734,120.9391860961914,89.50210571289062,135.0718994140625,427.2872009277344
2022-02-02,5.160999774932861,431.4379577636719,68.22116088867188,168.83999633789062,106.53538513183594,121.34876251220703,90.64350128173828,135.07249450683594,431.4379577636719
2022-02-03,5.132999897003174,421.2970275878906,67.14179992675781,168.60000610351562,105.86431884765625,120.4015121459961,89.67962646484375,135.07249450683594,421.2970275878906
2022-02-04,5.111999988555908,423.27801513671875,67.30105590820312,168.86000061035156,105.25275421142578,118.62650299072266,88.79188537597656,135.06680297851562,423.27801513671875
2022-02-07,5.104000091552734,421.9196472167969,67.41606140136719,170.11000061035156,105.21028137207031,118.7033920288086,88.66507720947266,135.0605926513672,421.9196472167969
2022-02-08,5.098999977111816,425.3910827636719,67.7611083984375,170.6300048828125,105.07437133789062,117.90971374511719,88.25079345703125,135.05760192871094,425.3910827636719
2022-02-09,5.104000091552734,431.6172180175781,68.858154296875,171.2100067138672,105.27820587158203,118.13153839111328,90.24613189697266,135.05499267578125,431.6172180175781
2022-02-10,5.077000141143799,423.8629455566406,67.98228454589844,170.55999755859375,104.43729400634766,116.25418090820312,88.11552429199219,135.05079650878906,423.8629455566406
2022-02-11,5.067999839782715,415.50494384765625,66.95600891113281,173.80999755859375,105.37167358398438,117.97795867919922,87.31230163574219,135.0478973388672,415.50494384765625
2022-02-14,5.063000202178955,414.1465148925781,66.52249145507812,174.74000549316406,105.09136199951172,116.51022338867188,86.51756286621094,135.0740966796875,414.1465148925781
2022-02-15,5.060999870300293,420.82537841796875,67.743408203125,173.0800018310547,104.65814208984375,115.1874771118164,87.29541015625,135.04269409179688,420.82537841796875
2022-02-16,5.060999870300293,421.2970275878906,67.9999771118164,174.86000061035156,104.86199188232422,115.87014770507812,87.70123291015625,135.05430603027344,421.2970275878906
2022-02-17,5.078000068664551,412.2975158691406,66.90291595458984,177.25,105.09986877441406,116.73209381103516,86.77120208740234,135.04530334472656,412.2975158691406
2022-02-18,5.078999996185303,409.6278991699219,66.61981964111328,177.1199951171875,105.44812774658203,117.96090698242188,86.24701690673828,135.03329467773438,409.6278991699219
2022-02-21,5.083000183105469,409.6278991699219,66.61981964111328,177.1199951171875,105.44812774658203,117.96090698242188,86.24701690673828,135.04690551757812,409.6278991699219
2022-02-22,5.070000171661377,405.23193359375,65.84124755859375,177.49000549316406,105.77088165283203,118.26810455322266,85.93419647216797,135.022705078125,405.23193359375
2022-02-23,5.066999912261963,398.0436096191406,65.30156707763672,178.2899932861328,105.84735107421875,116.63818359375,84.51377868652344,135.05029296875,398.0436096191406
2022-02-24,5.066999912261963,404.0338134765625,64.42569732666016,177.13999938964844,106.28056335449219,116.71500396728516,85.93419647216797,134.95570373535156,404.0338134765625
2022-02-25,5.064000129699707,412.9484558105469,66.03589630126953,176.5500030517578,106.1871109008789,116.8003158569336,88.00559997558594,134.95570373535156,412.9484558105469
2022-02-28,5.085000038146973,411.89190673828125,64.77958679199219,178.3800048828125,108.0303955078125,119.36044311523438,86.69511413574219,135.01429748535156,411.89190673828125
2022-03-01,5.136000156402588,405.6187438964844,63.36402893066406,181.6199951171875,108.8039321899414,120.74044036865234,86.23856353759766,135.0142059326172,405.6187438964844
2022-03-02,5.11899995803833,413.0805358886719,64.16027069091797,179.72999572753906,108.09760284423828,116.61323547363281,87.8534164428711,135.0800018310547,413.0805358886719
2022-03-03,5.085000038146973,411.0240173339844,62.895118713378906,180.8000030517578,107.96996307373047,117.8010025024414,88.57207489013672,134.99009704589844,411.0240173339844
2022-03-04,5.113999843597412,407.68463134765625,61.07258224487305,183.67999267578125,108.79540252685547,119.83467102050781,88.97789764404297,135.00770568847656,407.68463134765625
2022-03-07,5.091000080108643,395.6663818359375,59.13503646850586,186.41000366210938,109.38255310058594,118.92036437988281,87.21930694580078,134.95779418945312,395.6663818359375
2022-03-08,5.083000183105469,392.66656494140625,59.64817428588867,191.50999450683594,109.91014862060547,117.72409057617188,86.79657745361328,135.23129272460938,392.66656494140625
2022-03-09,5.050000190734863,403.19427490234375,62.14310073852539,185.82000732421875,108.8209228515625,116.57051849365234,88.1324234008789,135.03819274902344,403.19427490234375
2022-03-10,5.017000198364258,401.3736267089844,61.39992904663086,186.39999389648438,108.58265686035156,114.89568328857422,88.35223388671875,134.97999572753906,401.3736267089844
2022-03-11,5.025000095367432,396.27020263671875,60.73638916015625,185.08999633789062,109.3485336303711,115.28022766113281,87.65049743652344,135.0207061767578,396.27020263671875
2022-03-14,4.993000030517578,393.3740539550781,61.293758392333984,182.3000030517578,108.14015197753906,112.58853149414062,86.96568298339844,134.97000122070312,393.3740539550781
2022-03-15,5.002999782562256,402.0245361328125,61.877689361572266,178.88999938964844,107.33171081542969,112.39201354980469,87.54906463623047,134.97000122070312,402.0245361328125
2022-03-16,4.99399995803833,410.9390869140625,64.09834289550781,180.00999450683594,106.71056365966797,113.49434661865234,88.58898162841797,134.99000549316406,410.9390869140625
2022-03-17,4.997499942779541,416.08038330078125,64.63801574707031,180.88999938964844,108.1656723022461,112.6483383178711,89.95865631103516,135.01480102539062,416.08038330078125
2022-03-18,5.01200008392334,420.6375732421875,65.26618194580078,179.3000030517578,107.83382415771484,114.02410125732422,89.95865631103516,135.0131072998047,420.6375732421875
2022-03-21,4.980000019073486,420.51458740234375,64.85919952392578,180.6699981689453,106.8807373046875,111.38369750976562,89.40909576416016,134.9929962158203,420.51458740234375
2022-03-22,4.960999965667725,425.4351806640625,65.46967315673828,179.36000061035156,106.3871841430664,109.9566650390625,89.63737487792969,134.9385986328125,425.4351806640625
2022-03-23,4.971499919891357,419.9562683105469,64.6203384399414,181.80999755859375,107.72317504882812,112.36640167236328,88.63169860839844,134.9969024658203,419.9562683105469
2022-03-24,4.96750020980835,426.28680419921875,65.22195434570312,183.1300048828125,107.05943298339844,111.48625183105469,89.19275665283203,134.95889282226562,426.28680419921875
2022-03-25,4.944499969482422,428.36859130859375,65.25733947753906,182.3800048828125,106.32762145996094,109.93962097167969,90.3064193725586,134.9907989501953,428.36859130859375
2022-03-28,4.946499824523926,431.4156188964844,65.04500579833984,179.05999755859375,106.2084732055664,110.87955474853516,91.26701354980469,134.9564971923828,431.4156188964844
2022-03-29,4.945499897003174,436.75262451171875,66.48709869384766,179.13999938964844,105.82555389404297,111.71698760986328,93.94485473632812,134.9788055419922,436.75262451171875
2022-03-30,4.959000110626221,434.0557861328125,66.21283721923828,180.5800018310547,106.3446273803711,112.58853149414062,93.26475524902344,134.97869873046875,434.0557861328125
2022-03-31,4.98199987411499,427.3750305175781,65.11578369140625,180.64999389648438,106.00423431396484,112.86198425292969,92.12562561035156,134.9322052001953,427.3750305175781
2022-04-01,4.956999778747559,428.58636474609375,65.72623443603516,179.5,105.42015838623047,113.2916030883789,93.91934204101562,134.95700073242188,428.58636474609375
2022-04-04,4.9679999351501465,432.25787353515625,65.99164581298828,180.3699951171875,105.34307861328125,112.5042724609375,93.46028137207031,134.92269897460938,432.25787353515625
2022-04-05,4.938499927520752,426.7978210449219,65.09808349609375,179.24000549316406,104.5808334350586,109.96250915527344,93.00122833251953,134.947998046875,426.7978210449219
2022-04-06,4.91949987411499,422.5301208496094,64.31952667236328,179.66000366210938,104.11834716796875,109.07245635986328,94.10636138916016,134.94619750976562,422.5301208496094
2022-04-07,4.918499946594238,424.6592712402344,64.4610824584961,180.33999633789062,103.9813003540039,108.25090789794922,93.17124938964844,134.91659545898438,424.6592712402344
2022-04-08,4.899499893188477,423.52374267578125,64.48761749267578,181.47000122070312,104.1697006225586,107.07846069335938,93.32427215576172,134.95089721679688,423.52374267578125
2022-04-11,4.883999824523926,416.2847595214844,63.80638122558594,182.3699951171875,103.9898681640625,105.38394165039062,92.32115173339844,134.9071044921875,416.2847595214844
2022-04-12,4.890500068664551,414.7423400878906,63.328636169433594,183.77000427246094,103.9813003540039,105.23843383789062,92.18511962890625,134.9403076171875,414.7423400878906
2022-04-13,4.8979997634887695,419.49261474609375,64.00987243652344,184.64999389648438,103.78433990478516,105.45240783691406,92.83970642089844,134.93919372558594,419.49261474609375
2022-04-14,4.871500015258789,414.2691650390625,63.717918395996094,184.0399932861328,103.7757797241211,103.33856964111328,92.4401626586914,134.9228057861328,414.2691650390625
2022-04-18,4.871500015258789,414.43951416015625,63.34633255004883,184.61000061035156,103.74148559570312,102.82510375976562,92.06612396240234,134.9228057861328,414.43951416015625
2022-04-19,4.843500137329102,421.1296691894531,63.647132873535156,181.82000732421875,103.22765350341797,102.05486297607422,94.0723648071289,134.92080688476562,421.1296691894531
2022-04-20,4.854499816894531,420.8173522949219,64.0718002319336,182.7100067138672,103.9898681640625,104.10881042480469,95.63655090332031,134.8874969482422,420.8173522949219
2022-04-21,4.8354997634887695,414.5246276855469,63.3817138671875,182.05999755859375,104.40097045898438,103.33856964111328,94.97346496582031,134.91549682617188,414.5246276855469
2022-04-22,4.829500198364258,403.1504821777344,62.34659194946289,180.2899932861328,103.9898681640625,102.68818664550781,93.30728149414062,134.91400146484375,403.1504821777344
2022-04-25,4.85699987411499,405.4877624511719,62.0457763671875,177.0500030517578,103.91280364990234,103.71513366699219,93.06925201416016,134.91400146484375,405.4877624511719
2022-04-26,4.864500045776367,393.7444763183594,60.31171417236328,177.32000732421875,104.13545989990234,104.75920104980469,91.53907012939453,134.86590576171875,393.7444763183594
2022-04-27,4.858500003814697,394.8515930175781,60.58599090576172,175.97999572753906,103.96417999267578,103.41558837890625,90.93547821044922,134.8961944580078,394.8515930175781
2022-04-28,4.8379998207092285,404.8253479003906,61.44416809082031,176.92999267578125,104.55513763427734,103.56967163085938,92.61018371582031,134.90969848632812,404.8253479003906
2022-04-29,4.832499980926514,389.8647766113281,60.727542877197266,176.91000366210938,103.69012451171875,102.22601318359375,88.35966491699219,134.9080047607422,389.8647766113281
2022-05-02,4.811999797821045,392.2115478515625,60.5771369934082,173.6300048828125,102.18653869628906,100.45407104492188,86.22589874267578,134.88839721679688,392.2115478515625
2022-05-03,4.823500156402588,394.0094299316406,61.02834701538086,174.08999633789062,102.55767822265625,101.13130187988281,87.29702758789062,134.8719940185547,394.0094299316406
2022-05-04,4.809500217437744,406.0082092285156,62.098873138427734,175.8000030517578,103.36039733886719,101.68854522705078,88.3001708984375,134.8719940185547,406.0082092285156
2022-05-05,4.7829999923706055,391.57757568359375,60.099388122558594,175.1300048828125,102.27283477783203,98.90242767333984,85.94538116455078,134.84910583496094,391.57757568359375
2022-05-06,4.786499977111816,389.24017333984375,59.51546096801758,175.4199981689453,102.00531005859375,97.445068359375,84.92524719238281,134.88839721679688,389.24017333984375
2022-05-09,4.7829999923706055,376.7778015136719,57.71947479248047,172.8800048828125,101.60824584960938,98.30233764648438,81.184814453125,134.91929626464844,376.7778015136719
2022-05-10,4.80649995803833,377.6483459472656,58.15299987792969,171.4199981689453,101.15078735351562,99.19389343261719,79.70562744140625,134.85260009765625,377.6483459472656
2022-05-11,4.80049991607666,371.6490173339844,57.80794143676758,172.82000732421875,102.37642669677734,101.10559844970703,79.53560638427734,134.843505859375,371.6490173339844
2022-05-12,4.829500198364258,371.2610778808594,57.6663932800293,170.1699981689453,101.93624114990234,100.9169921875,80.15618896484375,134.8542938232422,371.2610778808594
2022-05-13,4.820499897003174,380.1371154785156,59.26773452758789,168.7899932861328,102.46273803710938,99.42536163330078,82.27293395996094,134.89529418945312,380.1371154785156
2022-05-16,4.826499938964844,378.5946960449219,59.320831298828125,170.39999389648438,102.49724578857422,99.32246398925781,81.75435638427734,134.81509399414062,378.5946960449219
2022-05-17,4.802499771118164,386.3824462890625,60.426734924316406,169.3300018310547,101.97937774658203,98.122314453125,82.86801147460938,134.83689880371094,386.3824462890625
2022-05-18,4.802999973297119,370.8068542480469,58.98462677001953,169.4199981689453,102.68716430664062,100.21402740478516,80.46222686767578,134.8323974609375,370.8068542480469
2022-05-19,4.823500156402588,368.5357666015625,59.55084991455078,171.91000366210938,102.32465362548828,100.45407104492188,80.10518646240234,134.8238983154297,368.5357666015625
2022-05-20,4.817500114440918,368.6966552734375,59.957820892333984,172.02999877929688,102.36781311035156,101.59423828125,80.615234375,134.85389709472656,368.6966552734375
2022-05-23,4.811500072479248,375.594970703125,60.975257873535156,172.8300018310547,102.00531005859375,99.92257690429688,81.55035400390625,134.83180236816406,375.594970703125
2022-05-24,4.831999778747559,372.7277526855469,60.87793731689453,174.1300048828125,102.55767822265625,101.89424896240234,82.23892211914062,134.86180114746094,372.7277526855469
2022-05-25,4.8379998207092285,376.0208435058594,60.895633697509766,173.0800018310547,102.64399719238281,102.29720306396484,82.93602752685547,134.83380126953125,376.0208435058594
2022-05-26,4.835999965667725,383.5342712402344,61.56803512573242,172.75999450683594,103.06693267822266,101.83426666259766,83.03801727294922,134.8498992919922,383.5342712402344
2022-05-27,4.84250020980835,392.9495849609375,62.31119918823242,172.85000610351562,103.39494323730469,102.08285522460938,85.26528930664062,134.83889770507812,392.9495849609375
2022-05-30,4.83050012588501,392.9495849609375,62.31119918823242,172.85000610351562,103.39494323730469,102.08285522460938,85.26528930664062,134.81590270996094,392.9495849609375
2022-05-31,4.815999984741211,390.7447814941406,61.939613342285156,171.13999938964844,102.66124725341797,99.92257690429688,84.21965789794922,134.81939697265625,390.7447814941406
2022-06-01,4.795499801635742,387.5842590332031,61.284908294677734,172.22999572753906,102.23951721191406,99.80835723876953,83.52259063720703,134.81199645996094,387.5842590332031
2022-06-02,4.796500205993652,394.9651794433594,62.558929443359375,174.35000610351562,102.71101379394531,99.85987091064453,84.67021942138672,134.81199645996094,394.9651794433594
2022-06-03,4.7895002365112305,388.4832763671875,61.665348052978516,172.5800018310547,103.30477905273438,99.64517974853516,83.53958129882812,134.83790588378906,388.4832763671875
2022-06-06,4.766499996185303,389.6660461425781,61.91307830810547,171.82000732421875,102.6324691772461,97.80738067626953,83.27604675292969,134.7666015625,389.6660461425781
2022-06-07,4.784999847412109,393.40380859375,62.098873138427734,172.94000244140625,102.87694549560547,98.86369323730469,84.42366790771484,134.77810668945312,393.40380859375
2022-06-08,4.771999835968018,389.1266784667969,61.23183059692383,172.77999877929688,102.62372589111328,97.98771667480469,82.4769515991211,134.8043975830078,389.1266784667969
2022-06-09,4.753499984741211,379.8721008300781,59.9459228515625,172.22999572753906,102.60626220703125,98.31407165527344,80.5217056274414,134.75340270996094,379.8721008300781
2022-06-10,4.715000152587891,368.8574523925781,58.499046325683594,174.5399932861328,102.15219116210938,97.70431518554688,78.73651123046875,134.83399963378906,368.8574523925781
2022-06-13,4.668499946594238,354.8526916503906,56.563846588134766,169.92999267578125,100.43205261230469,94.63843536376953,74.80052947998047,134.7406005859375,354.8526916503906
2022-06-14,4.644499778747559,353.7833557128906,56.03030776977539,168.57000732421875,99.05242919921875,93.44470977783203,74.23095703125,134.69369506835938,353.7833557128906
2022-06-15,4.65749979019165,358.8269958496094,57.07929611206055,170.77000427246094,100.42334747314453,95.1880874633789,75.99066925048828,134.74249267578125,358.8269958496094
2022-06-16,4.671000003814697,346.95123291015625,55.82231903076172,172.69000244140625,100.12646484375,95.9438247680664,73.99295043945312,134.74249267578125,346.95123291015625
2022-06-17,4.689000129699707,347.6991882324219,55.596248626708984,171.27000427246094,100.17884063720703,96.2529525756836,74.55400085449219,134.7729034423828,347.6991882324219
2022-06-20,4.6595001220703125,347.6991882324219,55.596248626708984,171.27000427246094,100.17884063720703,96.2529525756836,74.55400085449219,134.7720947265625,347.6991882324219
2022-06-21,4.670000076293945,356.4520568847656,56.43724822998047,170.6300048828125,99.82957458496094,94.62127685546875,75.59111785888672,134.78489685058594,356.4520568847656
2022-06-22,4.680500030517578,355.8057861328125,56.05744552612305,171.30999755859375,100.40587615966797,97.22335815429688,76.5517349243164,134.75840759277344,355.8057861328125
2022-06-23,4.724999904632568,359.2935791015625,55.9941291809082,170.25999450683594,100.7027587890625,98.02207946777344,78.0061264038086,134.7454071044922,359.2935791015625
2022-06-24,4.7170000076293945,370.7169494628906,57.667091369628906,170.08999633789062,100.79881286621094,96.6651840209961,79.66584777832031,134.78460693359375,370.7169494628906
2022-06-27,4.692500114440918,369.3008728027344,57.42292785644531,169.89999389648438,100.07408905029297,95.84073638916016,79.54605865478516,134.74879455566406,369.3008728027344
2022-06-28,4.680500030517578,361.75506591796875,57.03408432006836,169.6199951171875,99.72480010986328,96.28731536865234,78.57930755615234,134.7476043701172,361.75506591796875
2022-06-29,4.706999778747559,361.46038818359375,56.81705093383789,169.49000549316406,99.55016326904297,97.79019165039062,78.09169006347656,134.72410583496094,361.46038818359375
2022-06-30,4.732999801635742,358.5238037109375,56.50959014892578,168.4600067138672,99.4628677368164,98.64899444580078,77.94623565673828,134.71839904785156,358.5238037109375
2022-07-01,4.759500026702881,362.3157043457031,56.645233154296875,168.32000732421875,101.0643310546875,99.66178131103516,79.34928894042969,134.6927032470703,362.3157043457031
2022-07-04,4.739999771118164,362.3157043457031,56.645233154296875,168.32000732421875,101.0643310546875,99.66178131103516,79.34928894042969,134.6927032470703,362.3157043457031
2022-07-05,4.77400016784668,363.0000305175781,55.433475494384766,164.75,100.78349304199219,100.44483947753906,79.12684631347656,134.726806640625,363.0000305175781
2022-07-06,4.763000011444092,364.2259521484375,55.47869110107422,162.13999938964844,99.87089538574219,98.75827026367188,78.98141479492188,134.6815948486328,364.2259521484375
2022-07-07,4.744999885559082,369.6810302734375,56.3196907043457,162.22999572753906,99.71293640136719,97.88916778564453,79.19529724121094,134.71229553222656,369.6810302734375
2022-07-08,4.726500034332275,369.3769836425781,56.38298034667969,162.3000030517578,99.60761260986328,96.80496978759766,78.77607727050781,134.75390625,369.3769836425781
2022-07-11,4.743000030517578,365.1573791503906,55.46964645385742,161.42999267578125,99.76558685302734,98.47430419921875,78.60498809814453,134.72659301757812,365.1573791503906
2022-07-12,4.766499996185303,361.92608642578125,55.46060562133789,160.8300018310547,99.73049926757812,99.0594482421875,78.2969970703125,134.7471923828125,361.92608642578125
2022-07-13,4.761000156402588,360.025390625,55.433475494384766,161.60000610351562,100.24822235107422,100.1952896118164,77.92057037353516,134.67359924316406,360.025390625
2022-07-14,4.755499839782715,359.1510925292969,54.65577697753906,159.3300018310547,100.00251770019531,99.37781524658203,77.21905517578125,134.71279907226562,359.1510925292969
2022-07-15,4.771999835968018,366.0126953125,55.52391052246094,159.00999450683594,100.58170318603516,99.93711853027344,78.52798461914062,134.70179748535156,366.0126953125
2022-07-18,4.748000144958496,362.99053955078125,55.74998092651367,159.16000366210938,100.45006561279297,98.89593505859375,77.97189331054688,134.71170043945312,362.99053955078125
2022-07-19,4.749499797821045,372.7982177734375,57.26919937133789,159.5399932861328,100.34477233886719,98.36245727539062,79.99092102050781,134.67950439453125,372.7982177734375
2022-07-20,4.75,375.1741943359375,56.889400482177734,158.0399932861328,100.25700378417969,98.62054443359375,79.80269622802734,134.67950439453125,375.1741943359375
2022-07-21,4.765999794006348,378.9946594238281,57.47719192504883,160.27000427246094,100.88003540039062,100.32435607910156,80.43577575683594,134.68910217285156,378.9946594238281
2022-07-22,4.811500072479248,375.478271484375,57.33250427246094,160.6699981689453,101.73124694824219,102.01093292236328,80.8550033569336,134.7200927734375,375.478271484375
2022-07-25,4.794000148773193,375.9344787597656,57.77560806274414,160.22999572753906,101.53816223144531,101.01274108886719,80.99188232421875,134.71060180664062,375.9344787597656
2022-07-26,4.8125,371.4867858886719,56.97078323364258,160.0399932861328,101.53816223144531,101.0902328491211,81.07743835449219,134.664794921875,371.4867858886719
2022-07-27,4.813000202178955,381.1329040527344,58.318180084228516,161.6699981689453,102.18754577636719,100.52226257324219,81.56507873535156,134.6864013671875,381.1329040527344
2022-07-28,4.846499919891357,385.9132385253906,58.61660385131836,163.63999938964844,103.23179626464844,101.3225326538086,84.20864868164062,134.6472930908203,385.9132385253906
2022-07-29,4.872000217437744,391.53936767578125,59.43047332763672,164.10000610351562,103.7495346069336,101.0471420288086,84.66205596923828,134.70550537109375,391.53936767578125
2022-08-01,4.867499828338623,390.3799743652344,59.51185607910156,165.02999877929688,103.7973861694336,103.48075103759766,83.97764587402344,134.6654052734375,390.3799743652344
2022-08-02,4.8404998779296875,387.8044128417969,58.562347412109375,164.0500030517578,102.57449340820312,101.29112243652344,82.8996810913086,134.67539978027344,387.8044128417969
2022-08-03,4.828999996185303,393.87725830078125,58.90597915649414,164.4499969482422,103.11504364013672,102.88591003417969,83.16490173339844,134.69790649414062,393.87725830078125
2022-08-04,4.848999977111816,393.6111755371094,59.204402923583984,167.1699981689453,103.09733581542969,102.85143280029297,83.03656768798828,134.69140625,393.6111755371094
2022-08-05,4.810999870300293,392.9459228515625,58.788421630859375,165.2899932861328,102.06050872802734,100.4032211303711,83.26754760742188,134.69659423828125,392.9459228515625
2022-08-08,4.820499897003174,392.48974609375,58.92406463623047,166.69000244140625,102.76055908203125,102.02388000488281,84.01185607910156,134.68479919433594,392.48974609375
2022-08-09,4.815499782562256,390.93115234375,58.60756301879883,167.1999969482422,102.46813201904297,101.6273193359375,84.47383880615234,134.7032012939453,390.93115234375
2022-08-10,4.832499980926514,399.1423034667969,59.92782974243164,166.77999877929688,102.29092407226562,100.96355438232422,85.75712585449219,134.6566925048828,399.1423034667969
2022-08-11,4.816999912261963,399.1423034667969,59.90974426269531,166.33999633789062,101.94529724121094,98.61016082763672,85.55178833007812,134.66189575195312,399.1423034667969
2022-08-12,4.813000202178955,405.8993225097656,60.370941162109375,167.8699951171875,102.3440933227539,99.6101303100586,87.02327728271484,134.66189575195312,405.8993225097656
2022-08-15,4.813000202178955,407.57196044921875,60.00922393798828,165.7100067138672,102.23771667480469,99.5239028930664,87.37403869628906,134.66189575195312,407.57196044921875
2022-08-16,4.810999870300293,408.3703308105469,59.99113082885742,165.4199981689453,102.26432037353516,99.93769836425781,87.14305877685547,134.64869689941406,408.3703308105469
2022-08-17,4.794000148773193,405.4715881347656,59.51185607910156,164.35000610351562,101.95417785644531,98.89462280273438,86.62118530273438,134.67080688476562,405.4715881347656
2022-08-18,4.802999973297119,406.6501770019531,59.312904357910156,163.9199981689453,102.47700500488281,99.04113006591797,86.04798889160156,134.64480590820312,406.6501770019531
2022-08-19,4.767000198364258,401.1855773925781,58.499046325683594,162.72000122070312,102.2997817993164,97.44637298583984,85.14114379882812,134.6768035888672,401.1855773925781
2022-08-22,4.750500202178955,392.83184814453125,57.50431823730469,161.63999938964844,102.10479736328125,97.11881256103516,83.28466033935547,134.65109252929688,392.83184814453125
2022-08-23,4.754000186920166,391.88153076171875,57.53144073486328,162.77000427246094,102.2731704711914,96.58432006835938,82.21527862548828,134.67660522460938,391.88153076171875
2022-08-24,4.732500076293945,393.135986328125,57.603790283203125,163.25,102.25546264648438,95.87742614746094,82.68580627441406,134.67660522460938,393.135986328125
2022-08-25,4.73799991607666,398.68609619140625,58.23680114746094,163.75,102.57449340820312,97.21361541748047,83.91775512695312,134.67849731445312,398.68609619140625
2022-08-26,4.739500045776367,385.1909484863281,56.708534240722656,161.75999450683594,102.42383575439453,97.94638061523438,81.80462646484375,134.62950134277344,385.1909484863281
2022-08-29,4.713500022888184,382.64398193359375,56.581932067871094,161.86000061035156,102.02503967285156,97.13603973388672,81.06887817382812,134.6381072998047,382.64398193359375
2022-08-30,4.7170000076293945,378.44342041015625,56.17499923706055,160.50999450683594,101.8478012084961,97.37738800048828,79.94815063476562,134.63999938964844,378.44342041015625
2022-08-31,4.703999996185303,375.5638122558594,55.795196533203125,159.27000427246094,100.94392395019531,96.44640350341797,79.57173156738281,134.6584930419922,375.5638122558594
2022-09-01,4.678999900817871,376.74224853515625,55.04462814331055,157.8699951171875,100.17923736572266,94.68061065673828,79.71717834472656,134.68600463867188,376.74224853515625
2022-09-02,4.693999767303467,372.76971435546875,54.68290710449219,159.25999450683594,100.77159881591797,95.21623992919922,78.60498809814453,134.63519287109375,372.76971435546875
2022-09-05,4.685500144958496,372.76971435546875,54.68290710449219,159.25999450683594,100.77159881591797,95.21623992919922,78.60498809814453,134.64559936523438,372.76971435546875
2022-09-06,4.671999931335449,371.36322021484375,54.547264099121094,158.3300018310547,99.81126403808594,92.85783386230469,79.3150634765625,134.67889404296875,371.36322021484375
2022-09-07,4.678999900817871,378.03472900390625,55.02653884887695,159.94000244140625,100.22412109375,94.32645416259766,80.86355590820312,134.67759704589844,378.03472900390625
2022-09-08,4.677000045776367,380.5057373046875,55.06270980834961,158.97999572753906,99.66768646240234,93.35891723632812,81.08600616455078,134.62359619140625,380.5057373046875
2022-09-09,4.670000076293945,386.4169921875,56.46437454223633,159.82000732421875,99.71253967285156,93.56624603271484,81.9671859741211,134.64439392089844,386.4169921875
2022-09-12,4.670499801635742,390.57000732421875,57.25111770629883,160.6300048828125,99.4163589477539,92.79737854003906,82.76280975341797,134.656005859375,390.57000732421875
2022-09-13,4.670499801635742,373.58709716796875,55.26165771484375,158.5399932861328,99.12019348144531,93.01335906982422,79.59737396240234,134.656005859375,373.58709716796875
2022-09-14,4.670499801635742,375.0125732421875,55.44252014160156,157.92999267578125,99.3714828491211,93.3329849243164,78.6905517578125,134.656005859375,375.0125732421875
2022-09-15,4.670499801635742,370.7549743652344,54.95419692993164,154.97999572753906,98.86888122558594,93.27250671386719,77.23615264892578,134.656005859375,370.7549743652344
2022-09-16,4.670499801635742,367.926513671875,54.61960983276367,155.83999633789062,98.45604705810547,92.4950180053711,77.24471282958984,134.656005859375,367.926513671875
2022-09-19,4.670499801635742,370.7798156738281,54.809513092041016,155.9600067138672,98.0073013305664,92.71099853515625,77.13351440429688,134.656005859375,370.7798156738281
2022-09-20,4.670499801635742,366.5237731933594,53.878082275390625,155.07000732421875,97.854736328125,91.7866439819336,75.25990295410156,134.656005859375,366.5237731933594
2022-09-21,4.604499816894531,360.1302185058594,53.1727294921875,155.7899932861328,98.04318237304688,93.32435607910156,74.07075500488281,134.65960693359375,360.1302185058594
2022-09-22,4.582499980926514,357.105224609375,53.01900100708008,155.6999969482422,96.9302978515625,90.94003295898438,73.12966918945312,134.6750946044922,357.105224609375
2022-09-23,4.572999954223633,351.12188720703125,51.32795715332031,153.00999450683594,96.5174560546875,91.31150817871094,72.15764617919922,134.74130249023438,351.12188720703125
2022-09-26,4.534999847412109,347.64837646484375,50.5683479309082,151.22999572753906,94.97372436523438,89.5665054321289,70.13404846191406,134.65769958496094,347.64837646484375
2022-09-27,4.504000186920166,346.7608642578125,50.22471237182617,151.5399932861328,94.47113800048828,87.2081527709961,69.20008850097656,134.64190673828125,346.7608642578125
2022-09-28,4.551499843597412,353.58392333984375,51.43648147583008,154.69000244140625,96.14051055908203,90.12802124023438,70.63562774658203,134.64520263671875,353.58392333984375
2022-09-29,4.5304999351501465,346.1979064941406,50.830596923828125,154.66000366210938,94.79425048828125,89.66154479980469,68.56015014648438,134.6999969482422,346.1979064941406
2022-09-30,4.550000190734863,340.844482421875,50.64973449707031,154.6699981689453,94.14801788330078,88.50393676757812,69.32980346679688,134.68820190429688,340.844482421875
2022-10-03,4.582499980926514,349.84320068359375,51.653507232666016,158.42999267578125,95.35966491699219,89.91020202636719,70.56645965576172,134.68789672851562,349.84320068359375
2022-10-04,4.598999977111816,360.68359375,53.7243537902832,160.6999969482422,95.73661041259766,89.6590805053711,71.99333953857422,134.69110107421875,360.68359375
2022-10-05,4.545000076293945,359.8438720703125,53.15464401245117,159.80999755859375,94.98270416259766,88.80182647705078,70.583740234375,134.70579528808594,359.8438720703125
2022-10-06,4.531499862670898,356.1318054199219,52.22321701049805,159.6300048828125,94.66858673095703,88.30821990966797,68.62068939208984,134.76390075683594,356.1318054199219
2022-10-07,4.513500213623047,346.1979064941406,51.391265869140625,157.8800048828125,94.69551849365234,87.4509506225586,66.96893310546875,134.74420166015625,346.1979064941406
2022-10-10,4.487500190734863,343.5545349121094,51.10188674926758,155.47999572753906,94.15701293945312,86.09142303466797,66.33763122558594,134.73150634765625,343.5545349121094
2022-10-11,4.504000186920166,341.3788146972656,50.541221618652344,155.16000366210938,94.69551849365234,86.47242736816406,67.01217651367188,134.7200927734375,341.3788146972656
2022-10-12,4.485499858856201,340.2528381347656,50.37844467163086,155.99000549316406,94.88398742675781,86.89675903320312,66.31169891357422,134.76809692382812,340.2528381347656
2022-10-13,4.484499931335449,349.2323913574219,51.41839599609375,154.91000366210938,94.7762680053711,86.06546020507812,67.52240753173828,134.7790985107422,349.2323913574219
2022-10-14,4.4644999504089355,341.2738952636719,50.64973449707031,152.97999572753906,94.8570556640625,85.35540771484375,65.84471893310547,134.78109741210938,341.2738952636719
2022-10-17,4.486499786376953,350.0436096191406,51.897666931152344,153.4199981689453,95.11731719970703,84.93974304199219,68.32664489746094,134.74609375,350.0436096191406
2022-10-18,4.47599983215332,354.1565246582031,52.2684326171875,153.75,94.86604309082031,85.13888549804688,69.07038116455078,134.74159240722656,354.1565246582031
2022-10-19,4.468500137329102,351.646728515625,51.626380920410156,151.69000244140625,94.38136291503906,83.5888671875,67.34945678710938,134.7230987548828,351.646728515625
2022-10-20,4.462500095367432,348.6980895996094,51.508819580078125,151.4499969482422,94.29161071777344,82.16010284423828,67.05542755126953,134.7653045654297,348.6980895996094
2022-10-21,4.44350004196167,357.1719665527344,52.44025421142578,154.14999389648438,94.53397369384766,80.67930603027344,67.58293914794922,134.7666015625,357.1719665527344
2022-10-24,4.452499866485596,361.54248046875,52.44928741455078,153.64999389648438,94.75833129882812,80.01254272460938,67.57430267333984,134.7664031982422,361.54248046875
2022-10-25,4.499000072479248,367.3157958984375,53.60679626464844,154.0,95.1442642211914,82.34190368652344,70.22919464111328,134.75149536132812,367.3157958984375
2022-10-26,4.500500202178955,364.54840087890625,54.11320114135742,154.97999572753906,95.0006332397461,83.52825164794922,70.18595123291016,134.73280334472656,364.54840087890625
2022-10-27,4.534999847412109,362.6017761230469,53.60679626464844,154.74000549316406,95.73661041259766,84.4028549194336,70.28971099853516,134.69960021972656,362.6017761230469
2022-10-28,4.517499923706055,371.2283020019531,54.14032745361328,153.16000366210938,95.61995697021484,83.82269287109375,71.83767700195312,134.77000427246094,371.2283020019531
2022-10-31,4.513500213623047,368.5467834472656,53.63392639160156,151.91000366210938,95.48532104492188,83.22520446777344,71.7598648071289,134.77000427246094,368.5467834472656
2022-11-01,4.502999782562256,366.9340515136719,54.05894088745117,153.4600067138672,95.46736145019531,84.00296020507812,71.7339096069336,134.7454071044922,366.9340515136719
2022-11-02,4.534999847412109,357.72540283203125,53.2722053527832,152.38999938964844,95.251953125,83.63836669921875,69.76220703125,134.7821044921875,357.72540283203125
2022-11-03,4.479000091552734,354.0419616699219,52.82005310058594,151.80999755859375,94.19290924072266,83.18697357177734,69.66707611083984,134.77999877929688,354.0419616699219
2022-11-04,4.487500190734863,359.13775634765625,54.93610763549805,156.47000122070312,94.5429458618164,81.78938293457031,70.61833953857422,134.81649780273438,359.13775634765625
2022-11-07,4.468500137329102,362.5730895996094,55.1079216003418,155.85000610351562,94.65960693359375,80.97340393066406,70.61833953857422,134.78529357910156,362.5730895996094
2022-11-08,4.499499797821045,364.5293273925781,55.731895446777344,159.4499969482422,94.79425048828125,81.85884094238281,70.83452606201172,134.7913055419922,364.5293273925781
2022-11-09,4.499499797821045,357.0192565917969,54.95419692993164,158.64999389648438,94.5968017578125,82.1279296875,70.10810852050781,134.79739379882812,357.0192565917969
2022-11-10,4.55649995803833,376.6389465332031,58.0378532409668,163.47999572753906,96.16741180419922,85.28771209716797,75.23628997802734,134.8636932373047,376.6389465332031
2022-11-11,4.539000034332275,380.28424072265625,59.195350646972656,164.55999755859375,96.11355590820312,84.97518920898438,75.22764587402344,134.86289978027344,380.28424072265625
2022-11-14,4.540999889373779,377.04931640625,58.57138442993164,164.9199981689453,95.40453338623047,84.766845703125,73.39430236816406,134.8300018310547,377.04931640625
2022-11-15,4.559000015258789,380.2651062011719,58.96023178100586,165.5,96.0238037109375,86.13839721679688,74.18990325927734,134.8303985595703,380.2651062011719
2022-11-16,4.578499794006348,377.3642272949219,58.82460021972656,165.1199951171875,96.26615142822266,88.0221176147461,73.5153579711914,134.9093017578125,377.3642272949219
2022-11-17,4.572999954223633,376.2095642089844,58.79746627807617,163.9199981689453,95.61094665527344,87.09326934814453,73.01378631591797,134.85440063476562,376.2095642089844
2022-11-18,4.573500156402588,377.9176940917969,58.91502380371094,162.7899932861328,95.12629699707031,86.49433135986328,73.93910217285156,134.8784942626953,377.9176940917969
2022-11-21,4.578499794006348,376.5435485839844,58.47191619873047,161.8800048828125,95.6289291381836,86.85893249511719,74.32826232910156,134.87460327148438,376.5435485839844
2022-11-22,4.581999778747559,381.6106262207031,59.28578186035156,162.07000732421875,96.01483917236328,88.0915756225586,74.7347183227539,134.881103515625,381.6106262207031
2022-11-23,4.598499774932861,384.0154724121094,59.9368782043457,163.0800018310547,96.54436492919922,89.62803649902344,74.79525756835938,134.8881072998047,384.0154724121094
2022-11-24,4.616499900817871,384.0154724121094,59.9368782043457,163.0800018310547,96.54436492919922,89.62803649902344,74.79525756835938,134.92410278320312,384.0154724121094
2022-11-25,4.5980000495910645,383.9295349121094,60.244346618652344,163.22000122070312,96.45462036132812,89.32421875,75.2708740234375,134.9281005859375,383.9295349121094
2022-11-28,4.5954999923706055,377.80316162109375,59.466651916503906,161.92999267578125,96.23023986816406,89.57597351074219,73.25592803955078,134.97520446777344,377.80316162109375
2022-11-29,4.600500106811523,377.154296875,59.638458251953125,162.72999572753906,95.8173828125,88.52558898925781,74.46662902832031,134.96820068359375,377.154296875
2022-11-30,4.5879998207092285,389.03485107421875,60.696495056152344,164.80999755859375,97.23544311523438,89.17668151855469,76.17024993896484,134.9228973388672,389.03485107421875
2022-12-01,4.631999969482422,388.74859619140625,61.28428268432617,167.83999633789062,98.2786865234375,92.02547454833984,76.00594329833984,134.9293975830078,388.74859619140625
2022-12-02,4.629499912261963,388.3000793457031,61.239070892333984,167.25999450683594,99.00655364990234,93.18275451660156,75.7811050415039,134.89559936523438,388.3000793457031
2022-12-05,4.632999897003174,381.3148498535156,60.43424606323242,164.38999938964844,97.99114227294922,91.87754821777344,74.39744567871094,134.9980010986328,381.3148498535156
2022-12-06,4.640999794006348,375.8182678222656,60.1629524230957,164.83999633789062,97.97317504882812,93.0609359741211,73.69697570800781,134.9499969482422,375.8182678222656
2022-12-07,4.6539998054504395,375.178955078125,60.1629524230957,166.3300018310547,98.39552307128906,95.25367736816406,73.84398651123047,134.99330139160156,375.178955078125
2022-12-08,4.647500038146973,378.1180114746094,60.47041320800781,166.47000122070312,98.36856842041016,94.99262237548828,74.36285400390625,134.97860717773438,378.1180114746094
2022-12-09,4.640999794006348,375.2934265136719,60.506587982177734,167.05999755859375,97.43401336669922,92.52145385742188,74.22450256347656,135.04660034179688,375.2934265136719
2022-12-12,4.631499767303467,380.7041931152344,60.68745040893555,165.67999267578125,97.4430160522461,92.81731414794922,74.79525756835938,135.02099609375,380.7041931152344
2022-12-13,4.6519999504089355,383.58599853515625,61.54816436767578,168.50999450683594,97.73056030273438,93.71353149414062,76.17888641357422,134.9971923828125,383.58599853515625
2022-12-14,4.640999794006348,381.133544921875,61.493690490722656,168.10000610351562,97.4879379272461,94.1137924194336,75.66004180908203,134.9564971923828,381.133544921875
2022-12-15,4.632500171661377,371.810302734375,59.9229736328125,165.35000610351562,97.50508117675781,94.48103332519531,74.64823913574219,135.00120544433594,371.810302734375
2022-12-16,4.624000072479248,367.42071533203125,59.3963737487793,166.7899932861328,96.98222351074219,93.42559814453125,72.71976470947266,135.0590057373047,367.42071533203125
2022-12-19,4.60099983215332,364.3051452636719,59.25111770629883,166.32000732421875,96.64863586425781,91.85554504394531,71.79443359375,135.09910583496094,364.3051452636719
2022-12-20,4.576499938964844,364.80364990234375,59.4871711730957,169.0800018310547,96.62159729003906,90.22449493408203,71.61283111572266,135.0493927001953,364.80364990234375
2022-12-21,4.577499866485596,370.2583312988281,60.10456085205078,168.8000030517578,97.14446258544922,90.45123291015625,72.22683715820312,135.07290649414062,370.2583312988281
2022-12-22,4.601500034332275,364.9762268066406,59.61428451538086,166.75999450683594,96.61259460449219,90.43379974365234,71.92338562011719,135.13560485839844,364.9762268066406
2022-12-23,4.578000068664551,367.07562255859375,59.82310485839844,167.25999450683594,96.39625549316406,89.1080322265625,72.5636215209961,135.0791015625,367.07562255859375
2022-12-27,4.55649995803833,365.62811279296875,59.91389465332031,168.6699981689453,95.95448303222656,87.3460922241211,72.53728485107422,135.16270446777344,365.62811279296875
2022-12-28,4.566500186920166,361.0841064453125,59.27835464477539,167.91000366210938,95.84634399414062,86.83147430419922,71.30071258544922,135.0574951171875,361.0841064453125
2022-12-29,4.552000045776367,367.58367919921875,60.2135124206543,168.85000610351562,96.24298095703125,87.81710052490234,72.86178588867188,135.08920288085938,367.58367919921875
