Date,AGGH.MI,CSPX.L,EFA,GLD,TIP,TLT,VNQ,XEON.MI,AGG
2018-08-28,84.71479034423828,281.7200012207031,54.57044219970703,113.68000030517578,87.49954986572266,96.52449035644531,62.48386001586914,137.5970001220703,84.71479034423828
2018-08-29,84.69893646240234,283.260009765625,54.866676330566406,114.19999694824219,87.49954986572266,96.65229797363281,62.49869918823242,137.6112060546875,84.69893646240234
2018-08-30,84.73878479003906,282.55999755859375,54.346275329589844,113.63999938964844,87.57764434814453,96.85995483398438,62.098167419433594,137.6096954345703,84.73878479003906
2018-08-31,84.73082733154297,281.82000732421875,53.9139289855957,113.51000213623047,87.47615814208984,96.63627624511719,62.34293746948242,137.6063995361328,84.73082733154297
2018-09-03,84.73082733154297,282.94000244140625,53.9139289855957,113.51000213623047,87.47615814208984,96.63627624511719,62.34293746948242,137.6063995361328,84.73082733154297
2018-09-04,84.63663482666016,281.6199951171875,53.457576751708984,112.93000030517578,87.35556030273438,96.07756805419922,61.6012077331543,137.59710693359375,84.63663482666016
2018-09-05,84.59674072265625,280.125,52.96920394897461,113.31999969482422,87.26943969726562,95.82146453857422,61.95723342895508,137.6011962890625,84.59674072265625
2018-09-06,84.7403793334961,279.67999267578125,52.8090705871582,113.54000091552734,87.34774017333984,96.17366027832031,62.13523864746094,137.59800720214844,84.7403793334961
2018-09-07,84.4371337890625,280.489990234375,52.38475036621094,113.2300033569336,87.0971450805664,95.35718536376953,61.460289001464844,137.59559631347656,84.4371337890625
2018-09-10,84.51693725585938,280.4200134277344,52.704986572265625,113.1500015258789,87.12065887451172,95.7093734741211,61.73472213745117,137.59469604492188,84.51693725585938
2018-09-11,84.37328338623047,280.510009765625,52.75303268432617,113.22000122070312,86.94049835205078,94.98095703125,61.72730255126953,137.5883026123047,84.37328338623047
2018-09-12,84.42913055419922,281.3999938964844,52.977195739746094,114.16999816894531,87.01882934570312,95.20509338378906,61.756980895996094,137.57859802246094,84.42913055419922
2018-09-13,84.48503112792969,282.04998779296875,53.36951446533203,113.76000213623047,86.8935317993164,95.34919738769531,62.06107711791992,137.58689880371094,84.48503112792969
2018-09-14,84.32540130615234,283.010009765625,53.44956588745117,113.0199966430664,86.73690795898438,94.89291381835938,61.66794967651367,137.5841064453125,84.32540130615234
2018-09-17,84.32540130615234,282.0199890136719,53.49760437011719,113.61000061035156,86.7525863647461,94.89291381835938,61.86822509765625,137.57620239257812,84.32540130615234
2018-09-18,84.14183807373047,282.8999938964844,54.05803680419922,113.44000244140625,86.57245635986328,93.90037536621094,61.571529388427734,137.57650756835938,84.14183807373047
2018-09-19,83.98219299316406,283.29998779296875,54.25019073486328,113.87999725341797,86.47847747802734,93.34005737304688,60.852046966552734,137.59519958496094,83.98219299316406
2018-09-20,84.0939712524414,285.1000061035156,54.92271423339844,114.2699966430664,86.59597778320312,93.77227783203125,61.423187255859375,137.57150268554688,84.0939712524414
2018-09-21,84.15782165527344,285.80999755859375,54.946739196777344,113.48999786376953,86.60379791259766,93.73228454589844,61.40092849731445,137.5718994140625,84.15782165527344
2018-09-24,84.07801055908203,284.1449890136719,54.69852828979492,113.47000122070312,86.51766204833984,93.49217224121094,60.298309326171875,137.56309509277344,84.07801055908203
2018-09-25,84.03812408447266,284.5299987792969,54.97076416015625,113.6500015258789,86.48633575439453,93.39610290527344,60.30583953857422,137.56109619140625,84.03812408447266
2018-09-26,84.23760223388672,284.5899963378906,54.99477767944336,113.05000305175781,86.63512420654297,94.0524673461914,59.58378601074219,137.56149291992188,84.23760223388672
2018-09-27,84.29346466064453,284.3900146484375,54.88268280029297,112.05000305175781,86.66643524169922,94.11649322509766,59.869598388671875,137.56080627441406,84.29346466064453
2018-09-28,84.20567321777344,284.1499938964844,54.4343376159668,112.76000213623047,86.62730407714844,93.86832427978516,60.681880950927734,137.5592041015625,84.20567321777344
2018-10-01,84.18327331542969,285.55999755859375,54.49837875366211,112.56999969482422,86.36936950683594,93.17925262451172,60.11779022216797,137.55160522460938,84.18327331542969
2018-10-02,84.27928161621094,284.9200134277344,54.21817398071289,113.87000274658203,86.510498046875,93.74884033203125,59.982398986816406,137.5511932373047,84.27928161621094
2018-10-03,83.8792953491211,285.6700134277344,54.12208557128906,113.41999816894531,86.09503936767578,92.12028503417969,59.34309005737305,137.55029296875,83.8792953491211
2018-10-04,83.63935089111328,282.75,53.48959732055664,113.4800033569336,85.88341522216797,91.47048950195312,58.84669494628906,137.54769897460938,83.63935089111328
2018-10-05,83.45537567138672,281.2099914550781,53.169349670410156,113.80000305175781,85.6482925415039,90.6843490600586,58.816619873046875,137.54519653320312,83.45537567138672
2018-10-08,83.42338562011719,279.92999267578125,52.91314697265625,112.54000091552734,85.60912322998047,90.37944793701172,59.66652297973633,137.53829956054688,83.42338562011719
2018-10-09,83.54336547851562,281.3900146484375,52.77705001831055,112.5999984741211,85.85205841064453,91.29399108886719,59.74925994873047,137.53799438476562,83.54336547851562
2018-10-10,83.51934814453125,276.4599914550781,51.65617370605469,112.87999725341797,85.76583099365234,91.0452880859375,58.86174392700195,137.53720092773438,83.51934814453125
2018-10-11,83.7673568725586,268.6600036621094,50.93561553955078,115.77999877929688,85.90692901611328,92.15238952636719,57.17695236206055,137.53900146484375,83.7673568725586
2018-10-12,83.79132080078125,269.1199951171875,51.11976623535156,115.2300033569336,85.77368927001953,91.83147430419922,57.02655792236328,137.53790283203125,83.79132080078125
2018-10-15,83.7353515625,269.7300109863281,50.999664306640625,116.0,85.82856750488281,91.79137420654297,57.410133361816406,137.5290069580078,83.7353515625
2018-10-16,83.7833480834961,271.8800048828125,51.872344970703125,115.80000305175781,85.8364028930664,91.99995422363281,58.59098434448242,137.52699279785156,83.7833480834961
2018-10-17,83.61534118652344,272.3299865722656,51.576107025146484,115.79000091552734,85.63261413574219,91.45446014404297,58.365333557128906,137.5247039794922,83.61534118652344
2018-10-18,83.55938720703125,270.79998779296875,50.743473052978516,115.91999816894531,85.56988525390625,91.42236328125,58.252506256103516,137.5225067138672,83.55938720703125
2018-10-19,83.48738861083984,271.0899963378906,51.03168869018555,116.01000213623047,85.49150848388672,91.2218246459961,58.75642776489258,137.52609252929688,83.48738861083984
2018-10-22,83.47137451171875,269.0,50.807518005371094,115.70999908447266,85.44448852539062,91.1014633178711,57.936622619628906,137.51510620117188,83.47137451171875
2018-10-23,83.57535552978516,264.04998779296875,50.327144622802734,116.38999938964844,85.46797180175781,91.39026641845703,58.19234085083008,137.52040100097656,83.57535552978516
2018-10-24,83.79132080078125,263.760009765625,48.902042388916016,116.66000366210938,85.75019073486328,92.08014678955078,58.74138641357422,137.5153045654297,83.79132080078125
2018-10-25,83.7193374633789,263.2799987792969,49.51851272583008,116.4000015258789,85.3896255493164,91.69512176513672,59.493526458740234,137.5251007080078,83.7193374633789
2018-10-26,83.91134643554688,259.55999755859375,49.182247161865234,116.7699966430664,85.82074737548828,92.2486343383789,58.06446838378906,137.51870727539062,83.91134643554688
2018-10-29,83.8233413696289,260.3399963378906,49.046146392822266,116.30999755859375,85.7344741821289,92.04007720947266,58.80156707763672,137.51429748535156,83.8233413696289
2018-10-30,83.70333099365234,259.0400085449219,49.638614654541016,115.80000305175781,85.5071792602539,91.5827865600586,59.606346130371094,137.4989013671875,83.70333099365234
2018-10-31,83.66337585449219,264.79998779296875,50.00689697265625,115.1500015258789,85.31122589111328,91.11753845214844,58.9068717956543,137.5041046142578,83.66337585449219
2018-11-01,83.87480163574219,266.3399963378906,50.647396087646484,116.62999725341797,85.20217895507812,91.20194244384766,59.18516159057617,137.5030975341797,83.87480163574219
2018-11-02,83.62557983398438,264.3900146484375,50.71944808959961,116.6500015258789,84.94332122802734,90.06808471679688,58.6962776184082,137.4947967529297,83.62557983398438
2018-11-05,83.68183135986328,265.7699890136719,50.71944808959961,116.37000274658203,85.1002197265625,90.42188262939453,59.5687370300293,137.49290466308594,83.68183135986328
2018-11-06,83.68990325927734,267.489990234375,50.927616119384766,116.04000091552734,85.06881713867188,90.36558532714844,59.869598388671875,137.49330139160156,83.68990325927734
2018-11-07,83.76224517822266,271.8800048828125,51.60813522338867,116.02999877929688,85.13160705566406,90.4862060546875,60.58412551879883,137.49000549316406,83.76224517822266
2018-11-08,83.60948944091797,274.19000244140625,51.10374450683594,115.77999877929688,85.01393127441406,90.4781494140625,60.62925720214844,137.48309326171875,83.60948944091797
2018-11-09,83.71401977539062,271.42999267578125,50.76748275756836,114.4800033569336,85.21788787841797,91.15367126464844,60.62171936035156,137.48280334472656,83.71401977539062
2018-11-12,83.8507080078125,266.95001220703125,49.934837341308594,113.66000366210938,85.3983154296875,91.7488021850586,60.7420768737793,137.47779846191406,83.8507080078125
2018-11-13,83.8828125,268.2699890136719,50.151004791259766,113.69999694824219,85.32771301269531,91.6924819946289,60.681880950927734,137.4783935546875,83.8828125
2018-11-14,83.89083862304688,264.6600036621094,50.1910285949707,114.63999938964844,85.33556365966797,91.7488021850586,60.531471252441406,137.47650146484375,83.89083862304688
2018-11-15,83.99532318115234,263.82000732421875,50.351173400878906,114.7699966430664,85.4061508178711,91.70860290527344,60.11779022216797,137.4759979248047,83.99532318115234
2018-11-16,84.13199615478516,266.0799865722656,50.40719985961914,115.62000274658203,85.7591781616211,92.23934173583984,60.76464080810547,137.47540283203125,84.13199615478516
2018-11-19,84.12395477294922,263.9800109863281,49.96686553955078,115.66999816894531,85.71996307373047,92.49668884277344,60.84736251831055,137.4654998779297,84.12395477294922
2018-11-20,84.09178924560547,258.4700012207031,49.102195739746094,115.66999816894531,85.59442901611328,92.52887725830078,60.223106384277344,137.46839904785156,84.09178924560547
2018-11-21,84.14810180664062,260.4700012207031,49.79072570800781,115.86000061035156,85.55516052246094,92.49668884277344,60.275760650634766,137.46839904785156,84.14810180664062
2018-11-22,84.14810180664062,256.864990234375,49.79072570800781,115.86000061035156,85.55516052246094,92.49668884277344,60.275760650634766,137.46279907226562,84.14810180664062
2018-11-23,84.12395477294922,258.1199951171875,49.46247863769531,115.7699966430664,85.421875,92.59319305419922,60.1554069519043,137.46200561523438,84.12395477294922
2018-11-26,84.10786437988281,259.989990234375,50.20704650878906,115.63999938964844,85.32771301269531,92.38410186767578,60.26824188232422,137.45680236816406,84.10786437988281
2018-11-27,84.13199615478516,260.79998779296875,50.014892578125,114.94999694824219,85.1002197265625,92.48865509033203,60.52396011352539,137.4669952392578,84.13199615478516
2018-11-28,84.29273223876953,262.92999267578125,50.727455139160156,115.37999725341797,85.20217895507812,92.03829956054688,61.065486907958984,137.4669952392578,84.29273223876953
2018-11-29,84.3329849243164,266.67999267578125,50.471256256103516,115.73999786376953,85.7042465209961,92.40016174316406,61.080535888671875,137.45089721679688,84.3329849243164
2018-11-30,84.3088607788086,267.239990234375,50.25508117675781,115.54000091552734,85.71996307373047,92.74595642089844,61.659664154052734,137.4501953125,84.3088607788086
2018-12-03,84.4466323852539,271.760009765625,50.91958999633789,116.41000366210938,85.88099670410156,93.4045181274414,61.9906120300293,137.44320678710938,84.4466323852539
2018-12-04,84.67223358154297,270.19000244140625,49.598575592041016,117.12000274658203,86.1402587890625,94.9682388305664,61.072994232177734,137.43690490722656,84.67223358154297
2018-12-05,84.67223358154297,264.79998779296875,49.598575592041016,117.12000274658203,86.1402587890625,94.9682388305664,61.072994232177734,137.44009399414062,84.67223358154297
2018-12-06,84.88177490234375,257.3699951171875,49.134212493896484,117.13999938964844,86.14812469482422,95.26646423339844,62.58479309082031,137.4420928955078,84.88177490234375
2018-12-07,84.99455261230469,259.75,48.63782501220703,118.08999633789062,86.2737808227539,95.44380950927734,61.76497268676758,137.43190002441406,84.99455261230469
2018-12-10,85.05099487304688,253.1699981689453,48.26152801513672,117.68000030517578,86.06168365478516,95.83873748779297,61.366329193115234,137.4326934814453,85.05099487304688
2018-12-11,85.0751724243164,258.3999938964844,48.41364669799805,117.54000091552734,85.71599578857422,95.82263946533203,61.39643859863281,137.43389892578125,85.0751724243164
2018-12-12,85.01072692871094,261.0,49.12621307373047,117.79000091552734,85.59033966064453,95.39541625976562,60.44872283935547,137.44200134277344,85.01072692871094
2018-12-13,85.03488159179688,259.4800109863281,49.03813934326172,117.52999877929688,85.6060562133789,95.16973114013672,60.79808807373047,137.43080139160156,85.03488159179688
2018-12-14,85.05905151367188,256.0799865722656,48.40564727783203,117.05999755859375,85.66891479492188,95.50019836425781,60.623023986816406,137.42449951171875,85.05905151367188
2018-12-17,85.2041015625,253.4199981689453,48.02134323120117,117.87000274658203,85.81815338134766,96.05640411376953,58.339664459228516,137.42300415039062,85.2041015625
2018-12-18,85.4543228149414,250.3000030517578,48.06018829345703,118.1500015258789,86.04161834716797,96.63168334960938,58.94095230102539,137.42129516601562,85.4543228149414
2018-12-19,85.53511047363281,250.33999633789062,47.59892654418945,117.43000030517578,86.19117736816406,97.90824890136719,58.294010162353516,137.41810607910156,85.53511047363281
2018-12-20,85.4543228149414,242.58999633789062,47.40471267700195,119.23999786376953,85.94720458984375,97.5527114868164,57.41872787475586,137.41140747070312,85.4543228149414
2018-12-21,85.41400909423828,241.27000427246094,46.57929992675781,118.72000122070312,85.90788269042969,97.53660583496094,56.61954879760742,137.41610717773438,85.41400909423828
2018-12-24,85.47049713134766,234.7899932861328,46.03711700439453,120.0199966430664,86.03376770019531,98.02135467529297,54.60258483886719,137.41610717773438,85.47049713134766
2018-12-26,85.30906677246094,234.7899932861328,47.10530090332031,119.66000366210938,85.86064147949219,96.97101593017578,56.42927551269531,137.41610717773438,85.30906677246094
2018-12-27,85.44628143310547,238.3699951171875,47.242862701416016,120.56999969482422,85.86064147949219,96.98719787597656,56.42164993286133,137.39889526367188,85.44628143310547
2018-12-28,85.76119232177734,243.33999633789062,47.49372863769531,121.05999755859375,86.11246490478516,97.80323028564453,56.60434341430664,137.398193359375,85.76119232177734
2018-12-31,85.97917175292969,245.33999633789062,47.56656265258789,121.25,86.17539978027344,98.17488098144531,56.75655746459961,137.398193359375,85.97917175292969
2019-01-02,86.04375457763672,244.89999389648438,47.469451904296875,121.33000183105469,86.30918884277344,98.69194793701172,55.52354431152344,137.39370727539062,86.04375457763672
2019-01-03,86.39903259277344,241.3000030517578,47.04056167602539,122.43000030517578,86.81282806396484,99.8149642944336,55.911705017089844,137.39370727539062,86.39903259277344
2019-01-04,86.14066314697266,246.13999938964844,48.48099136352539,121.44000244140625,86.6318130493164,98.6596450805664,56.56626892089844,137.39370727539062,86.14066314697266
2019-01-07,85.99533081054688,249.25999450683594,48.667110443115234,121.86000061035156,86.57670593261719,98.3687515258789,57.12187957763672,137.4156036376953,85.99533081054688
2019-01-08,85.93073272705078,249.47999572753906,48.982704162597656,121.52999877929688,86.64759826660156,98.11021423339844,58.30161666870117,137.37649536132812,85.93073272705078
2019-01-09,86.00342559814453,252.89999389648438,49.53299331665039,122.30999755859375,86.7498550415039,97.95673370361328,58.2179069519043,137.37469482421875,86.00342559814453
2019-01-10,85.9065170288086,253.07000732421875,49.727203369140625,121.58999633789062,86.5452651977539,97.32652282714844,59.009464263916016,137.36300659179688,85.9065170288086
2019-01-11,86.02761840820312,253.24000549316406,49.387332916259766,121.80000305175781,86.7734603881836,97.70623779296875,59.1768913269043,137.37179565429688,86.02761840820312
2019-01-14,85.9065170288086,252.7100067138672,49.160743713378906,122.08999633789062,86.61610412597656,97.3426284790039,58.97900390625,137.3571014404297,85.9065170288086
2019-01-15,85.92267608642578,254.4199981689453,49.41969299316406,121.87999725341797,86.5373764038086,96.98719787597656,59.54222106933594,137.35670471191406,85.92267608642578
2019-01-16,85.99533081054688,256.489990234375,49.55727005004883,122.2699966430664,86.52950286865234,97.08412170410156,59.960845947265625,137.36019897460938,85.99533081054688
2019-01-17,85.93073272705078,256.4599914550781,49.73529815673828,122.11000061035156,86.45867919921875,97.10834503173828,60.250091552734375,137.36309814453125,85.93073272705078
2019-01-18,85.86612701416016,260.9800109863281,50.23701858520508,121.0199966430664,86.35639953613281,96.59935760498047,60.45558166503906,137.3616943359375,85.86612701416016
2019-01-21,85.86612701416016,260.4800109863281,50.23701858520508,121.0199966430664,86.35639953613281,96.59935760498047,60.45558166503906,137.356201171875,85.86612701416016
2019-01-22,85.93880462646484,258.8900146484375,49.46015548706055,121.44999694824219,86.41148376464844,97.25379943847656,60.27291488647461,137.28880310058594,85.93880462646484
2019-01-23,86.02761840820312,257.5199890136719,49.686744689941406,121.27999877929688,86.30918884277344,97.21337127685547,60.28050994873047,137.3520965576172,86.02761840820312
2019-01-24,86.1729965209961,258.05999755859375,49.74338912963867,121.08999633789062,86.44293212890625,97.85165405273438,60.48604965209961,137.3520965576172,86.1729965209961
2019-01-25,86.13256072998047,260.8500061035156,50.309852600097656,122.86000061035156,86.30918884277344,97.38308715820312,61.23952102661133,137.3520965576172,86.13256072998047
2019-01-28,86.0841293334961,257.8399963378906,50.03470993041992,123.29000091552734,86.19117736816406,97.28609466552734,61.840816497802734,137.3437042236328,86.0841293334961
2019-01-29,86.31019592285156,258.07000732421875,50.14801025390625,123.9800033569336,86.44293212890625,97.7789535522461,62.32795333862305,137.3437042236328,86.31019592285156
2019-01-30,86.50397491455078,260.29998779296875,50.69827651977539,124.69000244140625,86.91513061523438,97.70623779296875,62.83026885986328,137.35009765625,86.50397491455078
2019-01-31,86.76237487792969,264.2799987792969,50.722564697265625,124.75,87.40301513671875,98.54655456542969,63.484840393066406,137.34019470214844,86.76237487792969
2019-02-01,86.58264923095703,265.3299865722656,50.70637893676758,124.5,87.09611511230469,97.95130157470703,63.08144760131836,137.3430938720703,86.58264923095703
2019-02-04,86.50980377197266,265.5,50.89250564575195,123.95999908447266,86.92300415039062,97.51403045654297,63.55333709716797,137.3430938720703,86.50980377197266
2019-02-05,86.69599151611328,267.5199890136719,51.28902816772461,124.27999877929688,87.041015625,97.95944213867188,63.918663024902344,137.3430938720703,86.69599151611328
2019-02-06,86.64740753173828,267.42999267578125,51.03007125854492,123.44000244140625,86.98594665527344,98.0080337524414,63.50003433227539,137.32769775390625,86.64740753173828
2019-02-07,86.68789672851562,263.4599914550781,50.350318908691406,123.73999786376953,87.11969757080078,98.65585327148438,64.02522277832031,137.32769775390625,86.68789672851562
2019-02-08,86.88212585449219,262.8500061035156,50.18846893310547,124.20999908447266,87.15908813476562,99.0769271850586,64.02522277832031,137.32769775390625,86.88212585449219
2019-02-11,86.79310607910156,265.2900085449219,50.139915466308594,123.5999984741211,86.97807312011719,98.68824768066406,64.20027923583984,137.3188934326172,86.79310607910156
2019-02-12,86.80931091308594,268.42999267578125,50.722564697265625,123.86000061035156,86.99382019042969,98.43720245361328,63.79690170288086,137.3188934326172,86.80931091308594
2019-02-13,86.65548706054688,269.32000732421875,50.730648040771484,123.37000274658203,86.97807312011719,98.064697265625,64.1241683959961,137.3188934326172,86.65548706054688
2019-02-14,86.78500366210938,268.44000244140625,50.74683380126953,124.05999755859375,87.22200775146484,98.62348937988281,64.32965087890625,137.31370544433594,86.78500366210938
2019-02-15,86.84976959228516,271.239990234375,51.48323440551758,124.80000305175781,87.22200775146484,98.7773208618164,64.76350402832031,137.31370544433594,86.84976959228516
2019-02-18,86.84976959228516,272.1499938964844,51.48323440551758,124.80000305175781,87.22200775146484,98.7773208618164,64.76350402832031,137.31370544433594,86.84976959228516
2019-02-19,86.89834594726562,272.1000061035156,51.677452087402344,126.69999694824219,87.42662811279297,99.02835083007812,64.74828338623047,137.30279541015625,86.89834594726562
2019-02-20,86.90641021728516,272.7300109863281,51.8231086730957,126.4800033569336,87.45808410644531,98.74494171142578,64.34488677978516,137.30279541015625,86.90641021728516
2019-02-21,86.71216583251953,272.0,51.71791076660156,125.05000305175781,87.30856323242188,97.86225128173828,64.40579986572266,137.27890014648438,86.71216583251953
2019-02-22,86.93071746826172,273.70001220703125,51.887847900390625,125.5,87.53678894042969,98.44527435302734,64.7863540649414,137.29690551757812,86.93071746826172
2019-02-25,86.90641021728516,275.5199890136719,52.041603088378906,125.37000274658203,87.47383880615234,98.15379333496094,64.2763900756836,137.29690551757812,86.90641021728516
2019-02-26,87.00354766845703,274.510009765625,52.29247283935547,125.58000183105469,87.59973907470703,98.63963317871094,64.07849884033203,137.29139709472656,87.00354766845703
2019-02-27,86.81739044189453,272.95001220703125,52.08206558227539,124.69000244140625,87.39513397216797,97.5221176147461,63.75883483886719,137.28640747070312,86.81739044189453
2019-02-28,86.66358947753906,273.6600036621094,52.00923156738281,123.98999786376953,87.25349426269531,97.190185546875,63.9262809753418,137.28640747070312,86.66358947753906
2019-03-01,86.5231704711914,273.8699951171875,52.29247283935547,121.87999725341797,87.08037567138672,96.29181671142578,63.728397369384766,137.28829956054688,86.5231704711914
2019-03-04,86.62870788574219,273.739990234375,52.09825134277344,121.55999755859375,87.20628356933594,97.04649353027344,64.01760864257812,137.28219604492188,86.62870788574219
2019-03-05,86.68553161621094,273.8599853515625,52.14680862426758,121.72000122070312,87.1748046875,97.24937438964844,64.19266510009766,137.281494140625,86.68553161621094
2019-03-06,86.81533813476562,272.5400085449219,52.0173225402832,121.61000061035156,87.27710723876953,97.60640716552734,63.895835876464844,137.281494140625,86.81533813476562
2019-03-07,87.05877685546875,270.0400085449219,51.353763580322266,121.51000213623047,87.52104187011719,98.23941802978516,63.75883483886719,137.281494140625,87.05877685546875
2019-03-08,87.17235565185547,268.0299987792969,51.361854553222656,122.83999633789062,87.59973907470703,98.65327453613281,63.82733917236328,137.281494140625,87.17235565185547
2019-03-11,87.18050384521484,272.2300109863281,51.80692672729492,122.23999786376953,87.58401489257812,98.36115264892578,64.76350402832031,137.27650451660156,87.18050384521484
2019-03-12,87.34278869628906,274.17999267578125,51.77455520629883,122.9800033569336,87.74925231933594,99.05091857910156,65.06034088134766,137.27239990234375,87.34278869628906
2019-03-13,87.30218505859375,276.07000732421875,52.21963119506836,123.83999633789062,87.85155487060547,98.86427307128906,65.38001251220703,137.2657012939453,87.30218505859375
2019-03-14,87.17235565185547,275.8999938964844,52.21154022216797,122.41000366210938,87.82794952392578,98.1501235961914,65.47896575927734,137.26600646972656,87.17235565185547
2019-03-15,87.39141082763672,277.4800109863281,52.77800750732422,122.97000122070312,88.13481903076172,98.79932403564453,65.2734603881836,137.24440002441406,87.39141082763672
2019-03-18,87.37523651123047,277.2799987792969,52.96412658691406,123.04000091552734,88.12696838378906,98.7425308227539,64.9461898803711,137.2633056640625,87.37523651123047
2019-03-19,87.3265380859375,279.55999755859375,53.0693359375,123.37999725341797,88.0483169555664,98.52344512939453,64.74828338623047,137.2615966796875,87.3265380859375
2019-03-20,87.68358612060547,276.2900085449219,53.093605041503906,124.18000030517578,88.6305923461914,99.55401611328125,64.9461898803711,137.2615966796875,87.68358612060547
2019-03-21,87.69982147216797,279.1199951171875,53.06122970581055,123.68000030517578,88.62273406982422,99.77313232421875,66.10306549072266,137.25140380859375,87.69982147216797
2019-03-22,88.13798522949219,275.989990234375,52.041603088378906,123.97000122070312,88.89028930664062,101.32308197021484,65.62357330322266,137.25140380859375,88.13798522949219
2019-03-25,88.3002700805664,274.5799865722656,52.114437103271484,124.91999816894531,88.8666763305664,101.48534393310547,65.70729064941406,137.25140380859375,88.3002700805664
2019-03-26,88.31645965576172,276.44000244140625,52.373390197753906,124.30000305175781,88.70928955078125,101.41230773925781,66.23246765136719,137.25990295410156,88.31645965576172
2019-03-27,88.50312805175781,274.7200012207031,52.397666931152344,123.6500015258789,88.7486343383789,102.34554290771484,66.04218292236328,137.2292022705078,88.50312805175781
2019-03-28,88.51123809814453,275.29998779296875,52.26819610595703,121.9000015258789,88.81945037841797,102.70262908935547,66.68305206298828,137.2292022705078,88.51123809814453
2019-03-29,88.50312805175781,277.760009765625,52.48667526245117,122.01000213623047,88.97684478759766,102.60523223876953,66.6217041015625,137.24130249023438,88.50312805175781
2019-04-01,88.09803009033203,280.6600036621094,53.15834426879883,121.52999877929688,88.64630889892578,101.14781951904297,66.58338165283203,137.2559051513672,88.09803009033203
2019-04-02,88.1956558227539,281.2300109863281,53.17453384399414,121.9800033569336,88.73290252685547,101.33485412597656,67.05097198486328,137.22959899902344,88.1956558227539
2019-04-03,88.03299713134766,283.1400146484375,53.58723068237305,121.80000305175781,88.45748901367188,100.45655059814453,66.97432708740234,137.2332000732422,88.03299713134766
2019-04-04,88.09803009033203,282.20001220703125,53.47394561767578,122.11000061035156,88.52044677734375,100.74115753173828,66.86700439453125,137.22909545898438,88.09803009033203
2019-04-05,88.16313934326172,283.80999755859375,53.61151123046875,121.9800033569336,88.62273406982422,100.87130737304688,67.33460235595703,137.22250366210938,88.16313934326172
2019-04-08,88.12247467041016,283.80999755859375,53.64389419555664,122.51000213623047,88.53616333007812,100.51347351074219,66.958984375,137.21910095214844,88.12247467041016
2019-04-09,88.1712646484375,283.0,53.30400848388672,123.1500015258789,88.62273406982422,100.83067321777344,66.60639190673828,137.21910095214844,88.1712646484375
2019-04-10,88.34207153320312,283.4200134277344,53.506309509277344,123.52999877929688,88.94538116455078,101.07462310791016,67.21961212158203,137.21910095214844,88.34207153320312
2019-04-11,88.23634338378906,283.8800048828125,53.39302062988281,121.94999694824219,88.7407455444336,100.48092651367188,67.17363739013672,137.21910095214844,88.23634338378906
2019-04-12,88.06550598144531,285.0799865722656,53.76526641845703,121.83000183105469,88.57550811767578,99.76526641845703,67.49559020996094,137.2169952392578,88.06550598144531
2019-04-15,88.04927062988281,285.0799865722656,53.789546966552734,121.5999984741211,88.62273406982422,100.01737213134766,67.150634765625,137.2093048095703,88.04927062988281
2019-04-16,87.89468383789062,285.9200134277344,53.83000183105469,120.51000213623047,88.41813659667969,99.39115142822266,65.6328353881836,137.20469665527344,87.89468383789062
2019-04-17,87.88655853271484,284.8599853515625,53.98375701904297,120.27999877929688,88.40238189697266,99.43182373046875,65.03491973876953,137.20469665527344,87.88655853271484
2019-04-18,88.00047302246094,284.9599914550781,53.95138931274414,120.37000274658203,88.65422058105469,99.9522705078125,65.53319549560547,137.20469665527344,88.00047302246094
2019-04-22,87.89468383789062,284.9599914550781,53.86236572265625,120.37000274658203,88.56763458251953,99.47247314453125,64.81263732910156,137.20469665527344,87.89468383789062
2019-04-23,88.04927062988281,287.8999938964844,53.96757888793945,120.12000274658203,88.77227020263672,99.68387603759766,65.67115783691406,137.18580627441406,88.04927062988281
2019-04-24,88.25263214111328,288.44000244140625,53.59532928466797,120.47000122070312,89.0791244506836,100.49720764160156,66.15410614013672,137.1905975341797,88.25263214111328
2019-04-25,88.24445343017578,287.7799987792969,53.55486297607422,120.56999969482422,89.0791244506836,100.35083770751953,66.0161361694336,137.1905975341797,88.24445343017578
2019-04-26,88.42341613769531,288.0199890136719,53.77335739135742,121.37000274658203,89.27588653564453,100.69239807128906,66.53740692138672,137.1916961669922,88.42341613769531
2019-04-29,88.26885986328125,289.3500061035156,53.991851806640625,120.83000183105469,89.02406311035156,100.04989624023438,65.88580322265625,137.177001953125,88.26885986328125
2019-04-30,88.3258056640625,288.3500061035156,54.02421188354492,121.19999694824219,89.17355346679688,100.562255859375,66.51437377929688,137.18069458007812,88.3258056640625
2019-05-01,88.38286590576172,289.9100036621094,53.716712951660156,120.4000015258789,88.98070526123047,100.97712707519531,66.56806182861328,137.18069458007812,88.38286590576172
2019-05-02,88.18721771240234,286.20001220703125,53.63579177856445,119.94000244140625,88.61863708496094,100.49623107910156,66.63703155517578,137.18569946289062,88.18721771240234
2019-05-03,88.33399200439453,288.67999267578125,54.21034240722656,120.6500015258789,88.86262512207031,100.78153228759766,67.20431518554688,137.1750030517578,88.33399200439453
2019-05-06,88.4481201171875,288.67999267578125,53.59532928466797,120.80999755859375,88.99647521972656,101.05856323242188,66.98965454101562,137.1750030517578,88.4481201171875
2019-05-07,88.55410766601562,284.2200012207031,52.6566162109375,121.20999908447266,89.04369354248047,101.83282470703125,65.77848052978516,137.1739959716797,88.55410766601562
2019-05-08,88.53778839111328,283.7300109863281,52.72135543823242,120.91000366210938,88.8154067993164,101.39277648925781,65.70950317382812,137.1717071533203,88.53778839111328
2019-05-09,88.58670806884766,279.45001220703125,52.47858810424805,121.19999694824219,88.96499633789062,101.80839538574219,65.8781509399414,137.1717071533203,88.58670806884766
2019-05-10,88.60301208496094,278.2200012207031,52.86702346801758,121.43000030517578,89.1617431640625,101.6698226928711,66.58338165283203,137.18910217285156,88.60301208496094
2019-05-13,88.74978637695312,276.75,51.636993408203125,122.66999816894531,89.35066986083984,102.46855926513672,66.51437377929688,137.18409729003906,88.74978637695312
2019-05-14,88.82317352294922,279.989990234375,52.15489196777344,122.45999908447266,89.41361999511719,102.1669921875,66.75967407226562,137.1634979248047,88.82317352294922
2019-05-15,88.97808074951172,280.5400085449219,52.34101486206055,122.38999938964844,89.59468078613281,102.79451751708984,67.21195220947266,137.1614990234375,88.97808074951172
2019-05-16,88.87208557128906,284.20001220703125,52.761817932128906,121.51000213623047,89.45304107666016,102.45221710205078,67.48026275634766,137.1614990234375,88.87208557128906
2019-05-17,88.8965072631836,283.2799987792969,52.413848876953125,120.6500015258789,89.3664321899414,102.68045806884766,67.34993743896484,137.12229919433594,88.8965072631836
2019-05-20,88.77423095703125,280.29998779296875,52.203453063964844,120.63999938964844,89.24833679199219,102.46855926513672,66.37639617919922,137.14700317382812,88.77423095703125
2019-05-21,88.76609802246094,281.70001220703125,52.55142593383789,120.36000061035156,89.29559326171875,102.30553436279297,66.94365692138672,137.14700317382812,88.76609802246094
2019-05-22,88.91283416748047,281.45001220703125,52.34101486206055,120.23999786376953,89.32711029052734,102.8923110961914,67.1429443359375,137.1199951171875,88.91283416748047
2019-05-23,89.17378234863281,277.55999755859375,51.86357116699219,121.16999816894531,89.51598358154297,104.04960632324219,67.29624938964844,137.1396942138672,89.17378234863281
2019-05-24,89.20638275146484,278.2300109863281,52.42194366455078,121.30000305175781,89.66555786132812,104.13923645019531,67.50325775146484,137.20339965820312,89.20638275146484
2019-05-27,89.20638275146484,278.2300109863281,52.42194366455078,121.30000305175781,89.66555786132812,104.13923645019531,67.50325775146484,137.20339965820312,89.20638275146484
2019-05-28,89.33683776855469,278.0899963378906,51.91212463378906,120.83000183105469,89.7127914428711,104.88904571533203,66.83635711669922,137.16000366210938,89.33683776855469
2019-05-29,89.36126708984375,273.4200134277344,51.580345153808594,120.87000274658203,89.8702392578125,105.20684814453125,65.94713592529297,137.10389709472656,89.36126708984375
2019-05-30,89.59774017333984,274.20001220703125,51.77455520629883,121.69000244140625,90.16931915283203,106.11151123046875,66.22309112548828,137.12890625,89.59774017333984
2019-05-31,90.01355743408203,272.4200134277344,51.305198669433594,123.33000183105469,90.73609924316406,107.43993377685547,66.60639190673828,137.1343994140625,90.01355743408203
2019-06-03,90.22603607177734,271.3999938964844,51.6046257019043,125.11000061035156,90.98068237304688,108.15860748291016,66.7673568725586,137.1157989501953,90.22603607177734
2019-06-04,90.14433288574219,274.6099853515625,52.19535827636719,125.1500015258789,90.79864501953125,106.92547607421875,66.46839141845703,137.1157989501953,90.14433288574219
2019-06-05,90.09527587890625,277.260009765625,52.179176330566406,125.47000122070312,90.85403442382812,106.32113647460938,67.8558578491211,137.1157989501953,90.09527587890625
2019-06-06,90.0789794921875,279.3900146484375,52.38956832885742,125.87999725341797,90.79864501953125,106.66416931152344,67.9861831665039,137.1157989501953,90.0789794921875
2019-06-07,90.33228302001953,283.3900146484375,53.05314254760742,126.58999633789062,91.13105773925781,107.58697509765625,68.23915100097656,137.11329650878906,90.33228302001953
2019-06-10,90.09527587890625,285.8800048828125,53.19880294799805,125.33000183105469,90.64028930664062,106.57431030273438,68.01683044433594,137.10830688476562,90.09527587890625
2019-06-11,90.0789794921875,284.8999938964844,53.465850830078125,125.18000030517578,90.52157592773438,106.6396484375,68.20082092285156,137.114501953125,90.0789794921875
2019-06-12,90.1933364868164,283.94000244140625,53.0693359375,125.83000183105469,90.56905364990234,106.7212905883789,68.4307861328125,137.1074981689453,90.1933364868164
2019-06-13,90.3895492553711,284.510009765625,53.117881774902344,126.5999984741211,90.6007080078125,107.08879852294922,68.72209167480469,137.1053009033203,90.3895492553711
2019-06-14,90.36498260498047,284.45001220703125,52.729461669921875,126.55999755859375,90.45826721191406,107.35830688476562,68.76041412353516,137.10719299316406,90.36498260498047
2019-06-17,90.3404769897461,285.239990234375,52.76748275756836,126.4800033569336,90.28413391113281,107.54612731933594,69.4963150024414,137.102294921875,90.3404769897461
2019-06-18,90.58565521240234,288.260009765625,53.47016906738281,127.12000274658203,90.6561279296875,108.08512115478516,69.42733764648438,137.102294921875,90.58565521240234
2019-06-19,90.89617919921875,287.6000061035156,53.80084228515625,127.88999938964844,91.17854309082031,108.24029541015625,69.80292510986328,137.09129333496094,90.89617919921875
2019-06-20,91.0514907836914,289.95001220703125,54.272056579589844,131.11000061035156,91.69309997558594,108.52609252929688,70.15552520751953,137.09129333496094,91.0514907836914
2019-06-21,90.81448364257812,291.7799987792969,54.040584564208984,131.97999572753906,91.28146362304688,107.33379364013672,69.16668701171875,137.0970001220703,90.81448364257812
2019-06-24,90.97793579101562,291.1700134277344,54.15631866455078,133.94000244140625,91.45560455322266,108.1341323852539,68.92906188964844,137.0731964111328,90.97793579101562
2019-06-25,90.99427795410156,289.2799987792969,53.83391189575195,134.1999969482422,91.29728698730469,108.46893310546875,67.90950775146484,137.09779357910156,90.99427795410156
2019-06-26,90.78998565673828,288.1400146484375,53.90003967285156,132.97000122070312,91.21022033691406,107.77478790283203,66.55272674560547,137.09280395507812,90.78998565673828
2019-06-27,91.04335021972656,287.8800048828125,54.03231430053711,132.83999633789062,91.38433837890625,108.53428649902344,67.40947723388672,137.0803985595703,91.04335021972656
2019-06-28,91.00242614746094,289.239990234375,54.33818817138672,133.1999969482422,91.41600799560547,108.46076965332031,67.64164733886719,137.10020446777344,91.00242614746094
2019-07-01,91.06961059570312,292.3800048828125,54.594459533691406,130.6199951171875,91.22662353515625,108.20710754394531,67.6106948852539,137.0767059326172,91.06961059570312
2019-07-02,91.23345184326172,292.1099853515625,54.75153350830078,133.41000366210938,91.27437591552734,109.04175567626953,68.78707122802734,137.0767059326172,91.23345184326172
2019-07-03,91.3808822631836,294.7799987792969,55.123538970947266,133.6300048828125,91.51309967041016,109.81908416748047,69.60742950439453,137.0767059326172,91.3808822631836
2019-07-04,91.3808822631836,295.79998779296875,55.123538970947266,133.6300048828125,91.51309967041016,109.81908416748047,69.60742950439453,137.06910705566406,91.3808822631836
2019-07-05,90.99589538574219,293.6700134277344,54.701934814453125,132.13999938964844,91.23456573486328,108.36262512207031,69.3597640991211,137.06500244140625,90.99589538574219
2019-07-08,90.94674682617188,293.3399963378906,54.38779067993164,131.2899932861328,91.25048828125,108.50984954833984,69.60742950439453,137.05999755859375,90.94674682617188
2019-07-09,90.92218017578125,293.32000732421875,54.15631866455078,131.75,91.34599304199219,108.4689712524414,69.83961486816406,137.05999755859375,90.92218017578125
2019-07-10,90.98770141601562,294.94000244140625,54.34645462036133,133.8300018310547,91.50513458251953,107.87163543701172,70.24205780029297,137.05999755859375,90.98770141601562
2019-07-11,90.65185546875,296.0,54.329917907714844,132.6999969482422,91.21868896484375,106.43148040771484,69.32882690429688,137.06089782714844,90.65185546875
2019-07-12,90.75016784667969,296.67999267578125,54.39605712890625,133.52999877929688,91.3778305053711,106.55422973632812,69.23591613769531,137.05149841308594,90.75016784667969
2019-07-15,90.8812255859375,297.1199951171875,54.445655822753906,133.52999877929688,91.60862731933594,107.16793823242188,69.18174743652344,137.0478973388672,90.8812255859375
2019-07-16,90.78292846679688,297.1199951171875,54.22244644165039,132.39999389648438,91.45738983154297,106.84881591796875,69.01923370361328,137.0240936279297,90.78292846679688
2019-07-17,91.02045440673828,295.4599914550781,54.148040771484375,134.5800018310547,91.64839935302734,108.00260162353516,68.78707122802734,137.04190063476562,91.02045440673828
2019-07-18,91.16790771484375,293.7099914550781,54.31338119506836,136.47999572753906,91.83937072753906,108.01071166992188,68.78707122802734,137.02099609375,91.16790771484375
2019-07-19,91.06143188476562,295.8599853515625,54.15631866455078,134.47000122070312,91.69615936279297,107.75712585449219,67.66487884521484,137.05520629882812,91.06143188476562
2019-07-22,91.17611694335938,294.1000061035156,54.21418380737305,134.4499969482422,91.72000122070312,107.96163177490234,67.60294342041016,137.05520629882812,91.17611694335938
2019-07-23,91.08598327636719,295.05999755859375,54.55311584472656,133.69000244140625,91.69615936279297,107.37252807617188,68.36913299560547,137.05520629882812,91.08598327636719
2019-07-24,91.21705627441406,296.3999938964844,54.594459533691406,134.3699951171875,91.72000122070312,107.83888244628906,68.4233169555664,137.05520629882812,91.21705627441406
2019-07-25,91.07779693603516,296.8599853515625,54.040584564208984,133.4199981689453,91.56881713867188,107.32339477539062,68.02085876464844,137.03280639648438,91.07779693603516
2019-07-26,91.09416198730469,298.1600036621094,54.148040771484375,133.63999938964844,91.50513458251953,107.57704162597656,68.33045196533203,137.03280639648438,91.09416198730469
2019-07-29,91.1351547241211,297.9800109863281,54.26378631591797,134.52999877929688,91.42558288574219,107.60979461669922,68.51619720458984,137.03280639648438,91.1351547241211
2019-07-30,91.126953125,297.3800048828125,53.635501861572266,134.97999572753906,91.56084442138672,107.87163543701172,69.065673828125,137.02850341796875,91.126953125
2019-07-31,91.16790771484375,297.5199890136719,53.280025482177734,133.2100067138672,91.7041015625,108.73899841308594,68.79480743408203,137.0260009765625,91.16790771484375
2019-08-01,91.8822250366211,297.2900085449219,53.1312255859375,136.41000366210938,92.03912353515625,110.89854431152344,68.79480743408203,137.01499938964844,91.8822250366211
2019-08-02,91.91503143310547,288.30999755859375,52.66000747680664,135.88999938964844,92.1029052734375,111.9234619140625,69.1275863647461,137.02049255371094,91.91503143310547
2019-08-05,92.31739044189453,283.0799865722656,51.34557342529297,137.7899932861328,92.42198181152344,113.85836791992188,67.76547241210938,137.03179931640625,92.31739044189453
2019-08-06,92.56363677978516,281.32000732421875,51.692787170410156,138.91000366210938,92.76496887207031,114.76854705810547,68.51619720458984,137.03179931640625,92.56363677978516
2019-08-07,92.51444244384766,282.29998779296875,51.89118576049805,141.02000427246094,92.81281280517578,114.80945587158203,69.18174743652344,137.03179931640625,92.51444244384766
2019-08-08,92.60474395751953,288.45001220703125,52.39547348022461,141.72999572753906,93.05211639404297,115.0554428100586,70.39683532714844,137.01109313964844,92.60474395751953
2019-08-09,92.48155975341797,286.760009765625,52.03172302246094,141.25999450683594,92.95639038085938,114.82591247558594,70.31170654296875,137.00929260253906,92.48155975341797
2019-08-12,92.81818389892578,285.6000061035156,51.61838912963867,142.6300048828125,93.33126068115234,117.21996307373047,70.12596893310547,137.00929260253906,92.81818389892578
2019-08-13,92.68681335449219,288.239990234375,52.10612869262695,141.77999877929688,93.17973327636719,116.81822967529297,70.22657775878906,137.00259399414062,92.68681335449219
2019-08-14,92.97417449951172,283.25,50.67595672607422,142.75,93.35519409179688,119.44998931884766,69.15853881835938,137.0012969970703,92.97417449951172
2019-08-15,93.40111541748047,281.17999267578125,50.84956359863281,143.6999969482422,93.76998138427734,120.77824401855469,69.84733581542969,137.0012969970703,93.40111541748047
2019-08-16,93.32723236083984,285.239990234375,51.46131134033203,142.77999877929688,93.498779296875,119.81082916259766,70.56710052490234,136.99850463867188,93.32723236083984
2019-08-19,93.08090209960938,289.2699890136719,51.775455474853516,141.11000061035156,93.1478271484375,118.09725952148438,71.07789611816406,136.99240112304688,93.08090209960938
2019-08-20,93.33546447753906,288.45001220703125,51.60184860229492,142.2100067138672,93.2674331665039,119.3188705444336,70.57485961914062,136.99240112304688,93.33546447753906
2019-08-21,93.28620910644531,289.3800048828125,51.96559524536133,141.75999450683594,93.17173767089844,118.52359771728516,70.86893463134766,136.99240112304688,93.28620910644531
2019-08-22,93.0398941040039,288.3500061035156,51.86638641357422,141.39999389648438,93.09195709228516,117.73649597167969,71.19398498535156,136.98069763183594,93.0398941040039
2019-08-23,93.41753387451172,284.5,51.221580505371094,144.1699981689453,93.62640380859375,119.67140197753906,70.19561767578125,136.98069763183594,93.41753387451172
2019-08-26,93.3764877319336,284.5,51.64318084716797,144.19000244140625,93.52271270751953,119.18769836425781,70.73736572265625,136.98069763183594,93.3764877319336
2019-08-27,93.67207336425781,284.5899963378906,51.60184860229492,145.57000732421875,93.96138763427734,121.0242919921875,70.53616333007812,136.98069763183594,93.67207336425781
2019-08-28,93.6802749633789,285.1000061035156,51.60184860229492,145.16000366210938,94.14488983154297,121.1800308227539,70.76832580566406,136.98069763183594,93.6802749633789
2019-08-29,93.62283325195312,289.05999755859375,52.04826736450195,144.1199951171875,94.20069885253906,120.7209243774414,71.31783294677734,136.9687957763672,93.62283325195312
2019-08-30,93.70491027832031,288.8800048828125,52.25492858886719,143.75,93.841796875,120.75370025634766,71.37200927734375,136.9656982421875,93.70491027832031
2019-09-02,93.70491027832031,288.2200012207031,52.25492858886719,143.75,93.841796875,120.75370025634766,71.37200927734375,136.96279907226562,93.70491027832031
2019-09-03,93.6827163696289,287.1300048828125,52.15572738647461,145.75,93.72920227050781,120.90974426269531,72.08401489257812,136.9658966064453,93.6827163696289
2019-09-04,93.84725952148438,290.0799865722656,52.891475677490234,146.66000366210938,93.96066284179688,121.09046936035156,72.68766021728516,136.95880126953125,93.84725952148438
2019-09-05,93.44401550292969,294.8900146484375,53.17255783081055,143.13999938964844,93.5377197265625,118.89740753173828,72.16140747070312,136.95880126953125,93.44401550292969
2019-09-06,93.54279327392578,294.9100036621094,53.34615707397461,141.9199981689453,93.61749267578125,119.7434310913086,72.32391357421875,136.93299865722656,93.54279327392578
2019-09-09,93.1478042602539,295.2799987792969,53.50323486328125,141.38999938964844,93.13867950439453,117.61611938476562,71.97566223144531,136.92799377441406,93.1478042602539
2019-09-10,92.64579010009766,292.82000732421875,53.59416198730469,140.17999267578125,92.60401916503906,115.5545425415039,71.23271179199219,136.92799377441406,92.64579010009766
2019-09-11,92.66223907470703,295.9200134277344,53.891780853271484,141.02999877929688,92.50025177001953,115.34920501708984,71.31005859375,136.9517059326172,92.66223907470703
2019-09-12,92.51410675048828,297.9599914550781,54.20591354370117,141.32000732421875,92.42848205566406,114.5936508178711,71.6893081665039,136.9477996826172,92.51410675048828
2019-09-13,91.9627456665039,298.17999267578125,54.51178741455078,140.14999389648438,91.88578796386719,112.14606475830078,70.92312622070312,136.9311981201172,91.9627456665039
2019-09-16,92.20964813232422,296.57000732421875,54.02404022216797,141.32000732421875,92.43645477294922,113.57516479492188,71.54227447509766,136.9434051513672,92.20964813232422
2019-09-17,92.3495101928711,296.760009765625,54.20591354370117,141.60000610351562,92.5561294555664,114.1911392211914,72.31617736816406,136.9429931640625,92.3495101928711
2019-09-18,92.45652770996094,296.5799865722656,54.13977813720703,140.7100067138672,92.26884460449219,114.67577362060547,72.06854248046875,136.9429931640625,92.45652770996094
2019-09-19,92.58819580078125,299.0,54.32164764404297,141.27999877929688,92.45237731933594,115.02074432373047,72.32391357421875,136.93609619140625,92.58819580078125
2019-09-20,92.92557525634766,297.989990234375,54.19765090942383,142.9499969482422,92.963134765625,116.54020690917969,72.32391357421875,136.93310546875,92.92557525634766
2019-09-23,92.96674346923828,296.260009765625,54.057106018066406,143.75,93.0908203125,116.51558685302734,72.44002532958984,136.92799377441406,92.96674346923828
2019-09-24,93.22183990478516,296.1000061035156,53.850440979003906,144.50999450683594,93.29827117919922,117.92008209228516,72.27930450439453,136.94790649414062,93.22183990478516
2019-09-25,92.83505249023438,294.2699890136719,53.69336700439453,141.8300018310547,92.81151580810547,116.19526672363281,72.41974639892578,136.94790649414062,92.83505249023438
2019-09-26,92.99140167236328,293.8500061035156,53.891780853271484,141.7899932861328,92.86734771728516,116.94263458251953,73.0282211303711,136.94790649414062,92.99140167236328
2019-09-27,93.10665130615234,295.489990234375,53.709903717041016,141.05999755859375,92.72370147705078,117.2301025390625,72.6225814819336,136.9346923828125,93.10665130615234
2019-09-30,93.13134002685547,294.8800048828125,53.90831756591797,138.8699951171875,92.80351257324219,117.51762390136719,72.74739074707031,136.9134979248047,93.13134002685547
2019-10-01,93.3003921508789,293.3599853515625,53.37923049926758,139.6300048828125,92.98419189453125,117.87139129638672,72.06086730957031,136.92149353027344,93.3003921508789
2019-10-02,93.36642456054688,285.6700134277344,52.28799819946289,141.25999450683594,92.98419189453125,118.15937805175781,71.75664520263672,136.90280151367188,93.36642456054688
2019-10-03,93.72930145263672,286.2799987792969,52.63521194458008,141.89999389648438,93.27995300292969,119.23722076416016,72.45094299316406,136.89810180664062,93.72930145263672
2019-10-04,93.87774658203125,290.7200012207031,53.048553466796875,141.89999389648438,93.5677261352539,120.1175537109375,72.8878173828125,136.90660095214844,93.87774658203125
2019-10-07,93.62210083007812,292.5,52.98241424560547,140.69000244140625,93.3118896484375,119.12201690673828,72.73177337646484,136.89590454101562,93.62210083007812
2019-10-08,93.65502166748047,286.9100036621094,52.48640060424805,141.9199981689453,93.22400665283203,119.44290161132812,72.3495101928711,136.90879821777344,93.65502166748047
2019-10-09,93.60557556152344,288.5199890136719,52.86668014526367,142.0500030517578,93.0321273803711,118.76824188232422,72.48992919921875,136.89129638671875,93.60557556152344
2019-10-10,93.2839126586914,291.8399963378906,53.238685607910156,140.80999755859375,92.73637390136719,116.99920654296875,72.60696411132812,136.88839721679688,93.2839126586914
2019-10-11,92.9787368774414,296.4800109863281,54.18938064575195,140.02999877929688,92.44859313964844,115.55113983154297,72.57576751708984,136.86390686035156,92.9787368774414
2019-10-14,93.13542175292969,294.30999755859375,53.96617126464844,140.58999633789062,92.60045623779297,116.39045715332031,72.60696411132812,136.87789916992188,93.13542175292969
2019-10-15,92.83026123046875,297.0,54.594459533691406,139.61000061035156,92.28868865966797,114.98348999023438,72.7005844116211,136.87710571289062,92.83026123046875
2019-10-16,92.9952392578125,296.2900085449219,54.677127838134766,140.41000366210938,92.4325942993164,115.123291015625,72.7083969116211,136.87710571289062,92.9952392578125
2019-10-17,92.97046661376953,296.8599853515625,54.80940246582031,140.61000061035156,92.56051635742188,114.84358215332031,73.18426513671875,136.87680053710938,92.97046661376953
2019-10-18,93.03648376464844,296.44000244140625,54.78459548950195,140.4600067138672,92.70435333251953,114.84358215332031,73.74595642089844,136.87559509277344,93.03648376464844
2019-10-21,92.78077697753906,297.6000061035156,55.08220672607422,139.7899932861328,92.40861511230469,113.97959899902344,74.30765533447266,136.87559509277344,92.78077697753906
2019-10-22,92.92101287841797,298.3399963378906,54.94993591308594,140.1999969482422,92.68838500976562,114.6460952758789,74.08922576904297,136.87559509277344,92.92101287841797
2019-10-23,92.9952392578125,297.3299865722656,55.2475471496582,140.52999877929688,92.75237274169922,114.76130676269531,74.2530288696289,136.85760498046875,92.9952392578125
2019-10-24,93.01997375488281,298.4800109863281,55.34674835205078,141.52999877929688,92.80829620361328,114.5308837890625,74.06582641601562,136.85609436035156,93.01997375488281
2019-10-25,92.88800048828125,299.8500061035156,55.40460968017578,141.86000061035156,92.82430267333984,113.97144317626953,73.43390655517578,136.85609436035156,92.88800048828125
2019-10-28,92.6900405883789,301.05999755859375,55.652618408203125,140.63999938964844,92.37664794921875,112.9346923828125,72.9892349243164,136.85609436035156,92.6900405883789
2019-10-29,92.69831848144531,301.7699890136719,55.63608932495117,140.25,92.14482116699219,113.0087890625,73.43390655517578,136.845703125,92.69831848144531
2019-10-30,92.96223449707031,300.9599914550781,55.867557525634766,141.02000427246094,92.48855590820312,114.66252899169922,73.69915771484375,136.845703125,92.96223449707031
2019-10-31,93.32514953613281,300.07000732421875,55.73529052734375,142.42999267578125,92.77632904052734,116.20935821533203,73.56654357910156,136.8415985107422,93.32514953613281
2019-11-01,93.35076904296875,303.2699890136719,56.23129653930664,142.55999755859375,92.91221618652344,115.85165405273438,73.55093383789062,136.84100341796875,93.35076904296875
2019-11-04,93.11933898925781,305.3599853515625,56.5206413269043,142.14999389648438,92.8482894897461,114.32684326171875,73.03604125976562,136.80250549316406,93.11933898925781
2019-11-05,92.77213287353516,305.010009765625,56.41316604614258,139.85000610351562,92.67240142822266,113.04108428955078,71.79562377929688,136.80250549316406,92.77213287353516
2019-11-06,92.91267395019531,304.8399963378906,56.388370513916016,140.4499969482422,92.96822357177734,113.72516632080078,71.95164489746094,136.8300018310547,92.91267395019531
2019-11-07,92.47454833984375,306.739990234375,56.561973571777344,138.27000427246094,92.44854736328125,111.66468048095703,71.23393249511719,136.82749938964844,92.47454833984375
2019-11-08,92.4249496459961,305.739990234375,56.528900146484375,137.38999938964844,92.39254760742188,111.19481658935547,71.06229400634766,136.75360107421875,92.4249496459961
2019-11-11,92.44149017333984,305.5899963378906,56.45450973510742,137.05999755859375,92.44054412841797,111.26904296875,71.21834564208984,136.81979370117188,92.44149017333984
2019-11-12,92.54066467285156,307.4200134277344,56.479305267333984,137.42999267578125,92.42455291748047,111.78005981445312,70.68002319335938,136.81979370117188,92.54066467285156
2019-11-13,92.70600891113281,306.5400085449219,56.280906677246094,137.97999572753906,92.50450897216797,112.50537872314453,71.32754516601562,136.82760620117188,92.70600891113281
2019-11-14,92.97052001953125,306.510009765625,56.12382507324219,138.55999755859375,92.7203598022461,113.66751098632812,71.88143157958984,136.81069946289062,92.97052001953125
2019-11-15,92.92092895507812,309.0,56.479305267333984,138.2100067138672,92.60844421386719,113.54388427734375,72.27151489257812,136.83560180664062,92.92092895507812
2019-11-18,93.09453582763672,309.6499938964844,56.54544448852539,138.6199951171875,92.79235076904297,113.74990844726562,72.6225814819336,136.81329345703125,93.09453582763672
2019-11-19,93.16065216064453,309.5799865722656,56.47102737426758,138.69000244140625,92.9602279663086,114.6977767944336,72.74739074707031,136.84669494628906,93.16065216064453
2019-11-20,93.38385009765625,309.1400146484375,56.115562438964844,138.75999450683594,93.32000732421875,115.88468170166016,72.7083969116211,136.78660583496094,93.38385009765625
2019-11-21,93.25154113769531,307.54998779296875,56.04117202758789,138.0,93.11212158203125,115.15935516357422,71.68640899658203,136.79580688476562,93.25154113769531
2019-11-22,93.3011703491211,307.9200134277344,56.19823455810547,137.74000549316406,93.14411163330078,115.30768585205078,71.4211654663086,136.79469299316406,93.3011703491211
2019-11-25,93.39212036132812,310.6099853515625,56.64463806152344,137.0800018310547,93.24803161621094,115.64561462402344,71.64740753173828,136.79220581054688,93.39212036132812
2019-11-26,93.52436828613281,311.42999267578125,56.611576080322266,137.74000549316406,93.44792938232422,116.32147979736328,72.59915924072266,136.81520080566406,93.52436828613281
2019-11-27,93.40862274169922,312.3999938964844,56.7603874206543,137.00999450683594,93.2640609741211,115.98358917236328,72.9424057006836,136.79029846191406,93.40862274169922
2019-11-28,93.40862274169922,312.79998779296875,56.7603874206543,137.00999450683594,93.2640609741211,115.98358917236328,72.9424057006836,136.79029846191406,93.40862274169922
2019-11-29,93.29290771484375,312.1199951171875,56.36357116699219,137.86000061035156,93.04815673828125,115.73621368408203,72.60696411132812,136.7801971435547,93.29290771484375
2019-12-02,93.19019317626953,309.0799865722656,56.07423782348633,137.7899932861328,92.91535949707031,114.19318389892578,71.50698852539062,136.76519775390625,93.19019317626953
2019-12-03,93.61266326904297,305.510009765625,55.867557525634766,139.11000061035156,93.49151611328125,116.58750915527344,71.96725463867188,136.78089904785156,93.61266326904297
2019-12-04,93.45526885986328,309.4800109863281,56.38010025024414,138.9199981689453,93.427490234375,115.4233627319336,72.26371002197266,136.7779998779297,93.45526885986328
2019-12-05,93.3476333618164,308.70001220703125,56.27263641357422,139.0,93.29143524169922,114.86194610595703,72.30271911621094,136.77659606933594,93.3476333618164
2019-12-06,93.21504211425781,312.739990234375,56.785186767578125,137.6199951171875,93.2274169921875,114.22624206542969,72.45094299316406,136.77920532226562,93.21504211425781
2019-12-09,93.26472473144531,312.2699890136719,56.487571716308594,137.5800018310547,93.2514419555664,114.47390747070312,72.59136962890625,136.77920532226562,93.26472473144531
2019-12-10,93.23159790039062,311.6499938964844,56.51237106323242,137.97000122070312,93.2274169921875,114.48213195800781,72.17009735107422,136.77920532226562,93.23159790039062
2019-12-11,93.48013305664062,311.6000061035156,56.80998229980469,138.9199981689453,93.55553436279297,115.38211059570312,71.43675994873047,136.75680541992188,93.48013305664062
2019-12-12,93.0824966430664,313.94000244140625,57.19025421142578,138.42999267578125,93.0993881225586,113.48314666748047,70.46941375732422,136.75680541992188,93.0824966430664
2019-12-13,93.45526885986328,314.0199890136719,57.587074279785156,139.0500030517578,93.47553253173828,114.79590606689453,70.4850082397461,136.75430297851562,93.45526885986328
2019-12-16,93.26472473144531,317.5199890136719,58.20236587524414,139.0399932861328,93.25944519042969,113.76382446289062,70.9920883178711,136.75430297851562,93.26472473144531
2019-12-17,93.27300262451172,317.239990234375,57.86796188354492,139.00999450683594,93.38746643066406,113.60696411132812,70.32118225097656,136.75430297851562,93.27300262451172
2019-12-18,93.09076690673828,317.6700134277344,57.792724609375,139.02000427246094,93.28348541259766,112.67404174804688,71.17827606201172,136.7458953857422,93.09076690673828
2019-12-19,93.1911849975586,318.1700134277344,57.792724609375,139.3800048828125,93.43484497070312,112.85428619384766,71.80907440185547,136.7458953857422,93.1911849975586
2019-12-20,93.20777893066406,320.5,57.83451843261719,139.52000427246094,93.38675689697266,113.00310516357422,72.2033462524414,136.74290466308594,93.20777893066406
2019-12-23,93.14138793945312,320.8800048828125,57.92647933959961,139.9499969482422,93.22659301757812,112.83775329589844,71.84062957763672,136.73910522460938,93.14138793945312
2019-12-24,93.25758361816406,320.8699951171875,57.86796188354492,141.27000427246094,93.3387222290039,113.16030883789062,72.02986145019531,136.73910522460938,93.25758361816406
2019-12-26,93.34053802490234,320.8699951171875,58.11876678466797,142.3800048828125,93.4028091430664,113.43318939208984,72.34526824951172,136.73910522460938,93.34053802490234
2019-12-27,93.46504974365234,322.6099853515625,58.219085693359375,142.3300018310547,93.43484497070312,113.5571517944336,72.57395935058594,136.72279357910156,93.46504974365234
2019-12-30,93.46504974365234,320.3299865722656,57.78436279296875,142.6300048828125,93.46687316894531,113.14368438720703,72.64488983154297,136.72279357910156,93.46504974365234
2019-12-31,93.24927520751953,320.29998779296875,58.0518798828125,142.89999389648438,93.3707504272461,112.03561401367188,73.16531372070312,136.72279357910156,93.24927520751953
2020-01-02,93.50650024414062,321.7300109863281,58.6370849609375,143.9499969482422,93.82732391357422,113.30082702636719,72.30585479736328,136.71310424804688,93.50650024414062
2020-01-03,93.7803955078125,322.04998779296875,57.90975570678711,145.86000061035156,94.25987243652344,115.04571533203125,72.75530242919922,136.7093963623047,93.7803955078125
2020-01-06,93.7056884765625,321.55999755859375,58.13548278808594,147.38999938964844,94.01954650878906,114.3924560546875,72.8420181274414,136.6999053955078,93.7056884765625
2020-01-07,93.60609436035156,322.3299865722656,57.976646423339844,147.97000122070312,93.73121643066406,113.83008575439453,72.02986145019531,136.6999053955078,93.60609436035156
2020-01-08,93.49822235107422,322.9200134277344,58.14385986328125,146.86000061035156,93.64306640625,113.07755279541016,72.25064086914062,136.6999969482422,93.49822235107422
2020-01-09,93.59780883789062,325.42999267578125,58.277610778808594,146.02999877929688,93.63510131835938,113.47451782226562,72.21122741699219,136.6999969482422,93.59780883789062
2020-01-10,93.7554702758789,325.7799987792969,58.06024932861328,146.91000366210938,93.9154281616211,114.48339080810547,72.76316833496094,136.6999969482422,93.7554702758789
2020-01-13,93.69740295410156,326.0899963378906,58.3612060546875,145.82000732421875,93.89938354492188,114.13601684570312,73.63841247558594,136.6999969482422,93.69740295410156
2020-01-14,93.7803955078125,326.8900146484375,58.41972351074219,145.69000244140625,94.02757263183594,114.7231674194336,73.36243438720703,136.6999969482422,93.7803955078125
2020-01-15,93.92145538330078,327.8599853515625,58.41972351074219,146.5399932861328,94.09964752197266,115.48397064208984,74.02476501464844,136.6999969482422,93.92145538330078
2020-01-16,93.92145538330078,328.7300109863281,58.66215515136719,146.30999755859375,93.94747161865234,115.12012481689453,74.61615753173828,136.6999969482422,93.92145538330078
2020-01-17,93.81358337402344,330.4800109863281,58.83772659301758,146.5800018310547,93.79529571533203,114.13601684570312,74.68711853027344,136.69869995117188,93.81358337402344
2020-01-20,93.81358337402344,330.7200012207031,58.83772659301758,146.5800018310547,93.79529571533203,114.13601684570312,74.68711853027344,136.67190551757812,93.81358337402344
2020-01-21,94.07913208007812,330.8599853515625,58.36956024169922,146.74000549316406,94.09964752197266,115.33515167236328,75.39678192138672,136.6468963623047,94.07913208007812
2020-01-22,94.12891387939453,331.2699890136719,58.48660659790039,146.7899932861328,94.03559875488281,115.74034118652344,74.89215850830078,136.64430236816406,94.12891387939453
2020-01-23,94.25340270996094,329.04998779296875,58.3444938659668,147.1199951171875,94.22781372070312,116.55081176757812,75.52294921875,136.664306640625,94.25340270996094
2020-01-24,94.42765045166016,329.6400146484375,58.09368133544922,147.97999572753906,94.4360580444336,117.49349212646484,75.26272583007812,136.69129943847656,94.42765045166016
2020-01-27,94.71809387207031,322.989990234375,56.889854431152344,148.99000549316406,94.65233612060547,119.32108306884766,74.9000244140625,136.69129943847656,94.71809387207031
2020-01-28,94.6351089477539,326.1000061035156,57.42488479614258,147.66000366210938,94.50812530517578,118.38658142089844,75.19966125488281,136.65829467773438,94.6351089477539
2020-01-29,94.85086822509766,326.70001220703125,57.43324661254883,148.4600067138672,94.8525619506836,119.54434204101562,74.9236831665039,136.65829467773438,94.85086822509766
2020-01-30,94.85916137695312,323.8800048828125,57.383087158203125,148.47000122070312,94.95669555664062,119.56083679199219,74.97886657714844,136.65919494628906,94.85916137695312
2020-01-31,95.14129638671875,322.260009765625,56.4133186340332,149.3300018310547,95.36520385742188,120.65245056152344,74.06421661376953,136.65570068359375,95.14129638671875
2020-02-03,95.11054992675781,323.6199951171875,56.547088623046875,148.36000061035156,95.1382827758789,120.55474090576172,74.30865478515625,136.63609313964844,95.11054992675781
2020-02-04,94.79458618164062,328.7200012207031,57.491764068603516,146.42999267578125,94.72933959960938,118.93120574951172,75.07349395751953,136.64849853515625,94.79458618164062
2020-02-05,94.65316772460938,330.5299987792969,58.043521881103516,146.61000061035156,94.44869995117188,117.63068389892578,75.12079620361328,136.64849853515625,94.65316772460938
2020-02-06,94.71136474609375,332.8999938964844,58.20236587524414,147.39999389648438,94.6250991821289,118.16087341308594,75.37312316894531,136.66650390625,94.71136474609375
2020-02-07,94.98580169677734,332.3399963378906,57.65060806274414,147.7899932861328,95.0099868774414,119.63524627685547,75.35736083984375,136.66650390625,94.98580169677734
2020-02-10,95.09391784667969,332.3299865722656,57.76764678955078,148.1699981689453,95.1543197631836,119.96662139892578,76.20106506347656,136.66650390625,95.09391784667969
2020-02-11,94.97749328613281,334.95001220703125,58.160560607910156,147.66000366210938,94.87370300292969,119.36194610595703,76.77665710449219,136.66650390625,94.97749328613281
2020-02-12,94.87767791748047,336.2799987792969,58.3612060546875,147.5399932861328,94.77743530273438,118.75728607177734,77.23400115966797,136.66650390625,94.87767791748047
2020-02-13,94.9442367553711,336.489990234375,57.95157241821289,148.3800048828125,94.9779281616211,119.21289825439453,77.69921875,136.622802734375,94.9442367553711
2020-02-14,95.04402160644531,336.5199890136719,57.85123825073242,149.0,95.05008697509766,119.73468017578125,78.50349426269531,136.622802734375,95.04402160644531
2020-02-17,95.04402160644531,337.5899963378906,57.85123825073242,149.0,95.05008697509766,119.73468017578125,78.50349426269531,136.622802734375,95.04402160644531
2020-02-18,95.1687240600586,334.7200012207031,57.48341369628906,150.91000366210938,95.25856018066406,120.55474090576172,78.41675567626953,136.61810302734375,95.1687240600586
2020-02-19,95.1438217163086,337.6199951171875,57.675682067871094,151.7899932861328,95.21845245361328,120.54639434814453,77.36016082763672,136.61810302734375,95.1438217163086
2020-02-20,95.36004638671875,333.5,57.33292770385742,152.41000366210938,95.40289306640625,121.49070739746094,78.2826919555664,136.60560607910156,95.36004638671875
2020-02-21,95.55130004882812,333.32000732421875,57.06540298461914,154.6999969482422,95.57929992675781,122.62557220458984,78.51136779785156,136.6024932861328,95.55130004882812
2020-02-24,95.85897064208984,323.1000061035156,54.78312301635742,156.08999633789062,96.02030944824219,124.45616912841797,77.43900299072266,136.59959411621094,95.85897064208984
2020-02-25,96.02531433105469,317.82000732421875,53.8802375793457,153.3000030517578,95.85994720458984,125.11885070800781,75.3415756225586,136.606201171875,96.02531433105469
2020-02-26,95.9255142211914,316.0,53.947120666503906,153.97000122070312,95.81185150146484,124.45616912841797,74.5294189453125,136.625,95.9255142211914
2020-02-27,95.94215393066406,304.05999755859375,52.35036087036133,154.0,96.09249114990234,125.80632781982422,70.56322479248047,136.625,95.94215393066406
2020-02-28,96.64898681640625,290.9200134277344,52.03268051147461,148.3800048828125,96.24484252929688,128.64744567871094,68.86007690429688,136.60699462890625,96.64898681640625
2020-03-02,96.61485290527344,300.2799987792969,52.70148468017578,149.1999969482422,96.46932983398438,127.70098876953125,71.80120086669922,136.61399841308594,96.61485290527344
2020-03-03,97.273193359375,304.1000061035156,52.27511978149414,153.88999938964844,97.44757843017578,129.68357849121094,71.6356201171875,136.6179962158203,97.273193359375
2020-03-04,97.19818115234375,305.17999267578125,53.83843994140625,154.16000366210938,97.30322265625,128.30653381347656,74.34017181396484,136.58189392089844,97.19818115234375
2020-03-05,97.49815368652344,306.32000732421875,52.408878326416016,157.49000549316406,97.60797882080078,131.50022888183594,72.74742126464844,136.5821075439453,97.49815368652344
2020-03-06,98.21478271484375,294.5400085449219,51.62303924560547,157.5500030517578,98.2574462890625,138.34410095214844,71.49366760253906,136.5825958251953,98.21478271484375
2020-03-09,98.08985900878906,279.489990234375,47.618595123291016,157.80999755859375,96.23680877685547,142.09365844726562,65.98204040527344,136.7012939453125,98.08985900878906
2020-03-10,96.98151397705078,274.8800048828125,49.37419891357422,154.47999572753906,93.47846221923828,134.8101348876953,68.76969146728516,136.7012939453125,96.98151397705078
2020-03-11,95.59822082519531,277.1000061035156,46.85783767700195,153.92999267578125,91.36164093017578,129.84947204589844,64.63746643066406,136.57139587402344,95.59822082519531
2020-03-12,91.77327728271484,251.1999969482422,41.70806884765625,147.7899932861328,91.1451187133789,130.6541748046875,58.0894889831543,136.6071014404297,91.77327728271484
2020-03-13,93.21488189697266,252.52999877929688,44.232791900634766,143.27999877929688,91.50593566894531,127.70098876953125,63.159420013427734,136.57359313964844,93.21488189697266
2020-03-16,94.77320098876953,251.13999938964844,39.66823196411133,141.63999938964844,90.87249755859375,135.97157287597656,51.96267318725586,136.781005859375,94.77320098876953
2020-03-17,92.32328033447266,249.3000030517578,41.59939193725586,143.55999755859375,88.3306655883789,126.90457153320312,54.966495513916016,136.58799743652344,92.32328033447266
2020-03-18,88.806640625,236.66000366210938,39.216793060302734,140.6999969482422,87.24818420410156,119.74560546875,49.737632751464844,136.7209014892578,88.806640625
2020-03-19,90.78994750976562,238.5,39.827064514160156,138.0399932861328,88.9400634765625,123.00575256347656,49.9124755859375,136.45370483398438,90.78994750976562
2020-03-20,91.68992614746094,237.22000122070312,39.33382034301758,140.11000061035156,92.90113830566406,132.25523376464844,47.42518997192383,136.69320678710938,91.68992614746094
2020-03-23,93.86488342285156,223.14999389648438,38.87403106689453,146.3000030517578,94.64916229248047,137.70538330078125,45.2239875793457,137.56689453125,93.86488342285156
2020-03-24,94.63990020751953,242.80999755859375,42.16788101196289,153.39999389648438,94.70529174804688,135.1420440673828,49.292633056640625,136.72569274902344,94.63990020751953
2020-03-25,95.60655975341797,250.33999633789062,43.53891372680664,151.3000030517578,95.61937713623047,134.8351287841797,51.9467887878418,136.5583038330078,95.60655975341797
2020-03-26,95.898193359375,259.3399963378906,45.486793518066406,153.24000549316406,96.10851287841797,135.4987335205078,55.61016082763672,136.54359436035156,95.898193359375
2020-03-27,96.30652618408203,255.0,44.19099426269531,152.25,96.42123413085938,139.1156005859375,55.66579055786133,136.53900146484375,96.30652618408203
2020-03-30,96.39817810058594,259.79998779296875,45.08551025390625,152.9199981689453,94.88973236083984,137.9708251953125,56.8816032409668,136.5364990234375,96.39817810058594
2020-03-31,96.13986206054688,263.5,44.692596435546875,148.0500030517578,94.55292510986328,136.85089111328125,55.50685501098633,136.5364990234375,96.13986206054688
2020-04-01,95.8133544921875,250.16000366210938,42.711273193359375,149.4499969482422,95.1279067993164,138.76821899414062,51.859378814697266,136.7178955078125,95.8133544921875
2020-04-02,95.9552993774414,250.14999389648438,43.54727554321289,151.89999389648438,96.5814208984375,139.6488037109375,52.034202575683594,136.60650634765625,95.9552993774414
2020-04-03,96.02212524414062,248.9600067138672,42.55242919921875,152.64999389648438,97.43267059326172,139.981201171875,51.27927780151367,136.52609252929688,96.02212524414062
2020-04-06,96.48977661132812,260.3999938964844,44.80963897705078,156.8800048828125,97.368408203125,139.61563110351562,55.07774353027344,136.54490661621094,96.48977661132812
2020-04-07,96.62339782714844,271.7799987792969,45.0604362487793,156.0399932861328,97.30415344238281,138.15354919433594,55.58631896972656,136.4582061767578,96.62339782714844
2020-04-08,96.71525573730469,271.20001220703125,45.42827606201172,154.64999389648438,96.6376724243164,137.14828491210938,59.37683868408203,136.51609802246094,96.71525573730469
2020-04-09,97.91785430908203,278.4700012207031,46.45655822753906,158.69000244140625,97.59324645996094,137.3975067138672,62.70644760131836,136.51609802246094,97.91785430908203
2020-04-13,97.45852661132812,278.4700012207031,46.01346969604492,161.41000366210938,97.7699203491211,136.1431121826172,60.06819534301758,136.51609802246094,97.45852661132812
2020-04-14,97.50862121582031,281.55999755859375,46.832759857177734,162.67999267578125,98.05900573730469,136.10992431640625,61.752872467041016,136.49989318847656,97.50862121582031
2020-04-15,97.90946960449219,277.2699890136719,45.36975860595703,161.85000610351562,98.16340637207031,139.71531677246094,59.305328369140625,136.50140380859375,97.90946960449219
2020-04-16,98.03472137451172,279.30999755859375,45.39483642578125,161.7100067138672,97.31217193603516,141.3020477294922,58.62986755371094,136.50790405273438,98.03472137451172
2020-04-17,97.91785430908203,283.8299865722656,46.59867477416992,158.57000732421875,96.84642791748047,139.4078826904297,60.48141098022461,136.4971923828125,97.91785430908203
2020-04-20,97.77587127685547,285.760009765625,45.90479278564453,159.6999969482422,96.54930114746094,140.52947998046875,58.232547760009766,136.49220275878906,97.77587127685547
2020-04-21,97.82596588134766,273.29998779296875,45.01028060913086,158.61000061035156,97.03913116455078,142.29898071289062,57.175636291503906,136.4853057861328,97.82596588134766
2020-04-22,97.82596588134766,278.8299865722656,45.771034240722656,161.72999572753906,97.62533569335938,140.84510803222656,58.04977798461914,136.55859375,97.82596588134766
2020-04-23,98.05977630615234,282.8800048828125,45.62891387939453,163.33999633789062,97.56916809082031,141.59286499023438,57.56502151489258,136.47850036621094,98.05977630615234
2020-04-24,98.00968933105469,279.6700134277344,46.15559387207031,162.63999938964844,98.12322235107422,141.92507934570312,57.811363220214844,136.4832000732422,98.00968933105469
2020-04-27,97.55870819091797,287.17999267578125,46.76587677001953,161.55999755859375,97.93051147460938,139.28341674804688,59.7900505065918,136.4407958984375,97.55870819091797
2020-04-28,97.94288635253906,288.0,47.117000579833984,160.83999633789062,98.267822265625,140.8866729736328,60.28274154663086,136.5054931640625,97.94288635253906
2020-04-29,98.00968933105469,293.1300048828125,48.295753479003906,161.72999572753906,98.1473617553711,140.1556396484375,61.18865203857422,136.39010620117188,98.00968933105469
2020-04-30,97.79254913330078,291.32000732421875,47.29255294799805,158.8000030517578,97.41655731201172,138.5190887451172,60.48141098022461,136.00509643554688,97.79254913330078
2020-05-01,97.79755401611328,283.92999267578125,46.264278411865234,159.77999877929688,97.41497039794922,139.7051544189453,58.43914031982422,136.00509643554688,97.79755401611328
2020-05-04,97.88125610351562,281.7099914550781,46.24755859375,160.33999633789062,97.51158905029297,139.04803466796875,58.153053283691406,136.5229034423828,97.88125610351562
2020-05-05,97.80592346191406,289.0799865722656,46.33115005493164,161.02000427246094,97.624267578125,138.15802001953125,58.43914031982422,136.50050354003906,97.80592346191406
2020-05-06,97.41265106201172,286.70001220703125,46.03019714355469,158.9499969482422,97.14930725097656,135.9287567138672,57.39017868041992,136.4857940673828,97.41265106201172
2020-05-07,97.71393585205078,288.9800109863281,46.72407150268555,161.38999938964844,97.76113891601562,138.19964599609375,58.208702087402344,136.45779418945312,97.71393585205078
2020-05-08,97.45450592041016,288.9800109863281,47.518280029296875,160.4199981689453,97.72891998291016,136.4028778076172,59.591400146484375,136.49710083007812,97.45450592041016
2020-05-11,97.16163635253906,292.20001220703125,47.476478576660156,159.4199981689453,97.39083862304688,135.33816528320312,58.725215911865234,136.44239807128906,97.16163635253906
2020-05-12,97.41265106201172,292.69000244140625,46.874549865722656,160.0399932861328,97.47936248779297,136.727294921875,56.05516815185547,136.4405059814453,97.41265106201172
2020-05-13,97.57164764404297,283.94000244140625,46.515079498291016,161.5800018310547,97.56792449951172,137.68392944335938,54.696311950683594,136.43800354003906,97.57164764404297
2020-05-14,97.87287139892578,280.3500061035156,46.07200241088867,163.00999450683594,97.68062591552734,139.03147888183594,54.887020111083984,136.43069458007812,97.87287139892578
2020-05-15,97.93147277832031,283.239990234375,46.11379623413086,163.92999267578125,97.84964752197266,138.67372131347656,54.67247009277344,136.4279022216797,97.93147277832031
2020-05-18,97.78921508789062,295.6000061035156,47.97807312011719,162.69000244140625,97.84159851074219,135.6292724609375,57.90672302246094,136.43649291992188,97.78921508789062
2020-05-19,97.89798736572266,296.0,47.31763458251953,164.25999450683594,97.72891998291016,136.1366424560547,57.12797164916992,136.44020080566406,97.89798736572266
2020-05-20,98.1490478515625,298.0899963378906,48.30411911010742,164.64999389648438,98.01874542236328,136.5442657470703,57.636531829833984,136.44090270996094,98.1490478515625
2020-05-21,98.22429656982422,294.7900085449219,47.743995666503906,162.25,97.91405487060547,136.8852996826172,57.6842155456543,136.44439697265625,98.22429656982422
2020-05-22,98.27458190917969,294.0199890136719,47.6102409362793,163.2100067138672,97.97042083740234,137.70887756347656,58.462982177734375,136.46290588378906,98.27458190917969
2020-05-25,98.27458190917969,294.0199890136719,47.6102409362793,163.2100067138672,97.97042083740234,137.70887756347656,58.462982177734375,136.41929626464844,98.27458190917969
2020-05-26,98.11557006835938,301.0299987792969,48.97291946411133,160.88999938964844,97.60818481445312,135.86219787597656,60.64830780029297,136.42880249023438,98.11557006835938
2020-05-27,98.25782012939453,299.3800048828125,49.56648254394531,161.17999267578125,97.70478820800781,135.61260986328125,61.856178283691406,136.47340393066406,98.25782012939453
2020-05-28,98.1908950805664,305.17999267578125,50.03464126586914,161.72000122070312,98.01068115234375,135.113525390625,62.150203704833984,136.41700744628906,98.1908950805664
2020-05-29,98.45030212402344,301.5199890136719,49.859073638916016,162.91000366210938,98.05093383789062,136.07839965820312,61.53036117553711,136.39599609375,98.45030212402344
2020-06-01,98.39497375488281,305.04998779296875,50.9709587097168,163.66000366210938,98.17166900634766,135.16221618652344,62.95281219482422,136.16940307617188,98.39497375488281
2020-06-02,98.4787826538086,306.4100036621094,51.447486877441406,162.60000610351562,97.9543228149414,134.67086791992188,63.46137619018555,136.39419555664062,98.4787826538086
2020-06-03,98.23565673828125,312.3699951171875,52.67640686035156,159.60000610351562,97.6323471069336,132.880126953125,65.49571228027344,136.3950958251953,98.23565673828125
2020-06-04,97.94223022460938,311.92999267578125,52.45067596435547,161.27999877929688,97.26201629638672,130.95611572265625,64.84408569335938,136.39120483398438,97.94223022460938
2020-06-05,98.00092315673828,321.1400146484375,53.35355758666992,158.00999450683594,97.25396728515625,130.02334594726562,67.29957580566406,136.39549255371094,98.00092315673828
2020-06-08,98.10992431640625,320.29998779296875,54.04743957519531,159.72000122070312,97.46328735351562,130.52305603027344,68.96836853027344,136.3563995361328,98.10992431640625
2020-06-09,98.23565673828125,321.42999267578125,53.34520721435547,161.25999450683594,97.55988311767578,132.00558471679688,67.82405090332031,136.38819885253906,98.23565673828125
2020-06-10,98.6380615234375,319.2300109863281,53.22816467285156,163.57000732421875,98.30854034423828,133.962890625,66.09963989257812,136.37840270996094,98.6380615234375
2020-06-11,98.47042083740234,308.55999755859375,50.37739562988281,162.38999938964844,98.34071350097656,136.4949188232422,61.856178283691406,136.3509979248047,98.47042083740234
2020-06-12,98.57099914550781,303.8599853515625,51.24684524536133,162.6199951171875,98.07511138916016,135.178955078125,64.0732650756836,136.33009338378906,98.57099914550781
2020-06-15,98.8979263305664,301.7799987792969,51.45710754394531,162.3300018310547,98.1153335571289,135.25389099121094,64.97918701171875,136.3466033935547,98.8979263305664
2020-06-16,98.70513153076172,313.3599853515625,52.093013763427734,162.25,98.06703186035156,133.1800079345703,66.2585678100586,136.97889709472656,98.70513153076172
2020-06-17,98.62128448486328,312.94000244140625,52.288021087646484,162.55999755859375,98.00263214111328,133.7296142578125,65.29704284667969,136.3155059814453,98.62128448486328
2020-06-18,98.72191619873047,311.8599853515625,52.00822448730469,162.24000549316406,98.44538116455078,135.14556884765625,64.58185577392578,136.22549438476562,98.72191619873047
2020-06-19,98.75543212890625,313.80999755859375,51.753868103027344,164.02999877929688,98.63858795166016,135.25389099121094,63.64413833618164,136.41810607910156,98.75543212890625
2020-06-22,98.73027038574219,310.6400146484375,52.372802734375,165.08999633789062,98.8881607055664,135.2705841064453,63.5805778503418,136.35580444335938,98.73027038574219
2020-06-23,98.71354675292969,315.6600036621094,52.66107940673828,166.47999572753906,98.94453430175781,134.34597778320312,63.31834411621094,136.41119384765625,98.71354675292969
2020-06-24,98.69674682617188,305.989990234375,51.3129768371582,165.89999389648438,98.80765533447266,135.78695678710938,61.514469146728516,136.38580322265625,98.69674682617188
2020-06-25,98.81414794921875,304.3999938964844,52.042137145996094,165.8000030517578,98.89618682861328,136.178466796875,62.300140380859375,136.3509979248047,98.81414794921875
2020-06-26,98.93151092529297,303.5,51.28753662109375,166.5399932861328,99.06523895263672,137.63597106933594,61.104373931884766,136.34739685058594,98.93151092529297
2020-06-29,99.01531982421875,304.6000061035156,51.7029914855957,166.6300048828125,99.17796325683594,137.20286560058594,62.28411102294922,136.3282012939453,99.01531982421875
2020-06-30,99.0991439819336,308.29998779296875,51.60972595214844,167.3699951171875,99.01695251464844,136.5365753173828,63.02243423461914,136.3654022216797,99.0991439819336
2020-07-01,99.15206909179688,311.3699951171875,51.80472946166992,166.6199951171875,99.08135986328125,136.2713165283203,64.47499084472656,136.14999389648438,99.15206909179688
2020-07-02,99.26969146728516,315.0199890136719,52.372802734375,166.97999572753906,99.35504913330078,136.41311645507812,64.2904052734375,136.37579345703125,99.26969146728516
2020-07-03,99.26969146728516,313.20001220703125,52.372802734375,166.97999572753906,99.35504913330078,136.41311645507812,64.2904052734375,136.339599609375,99.26969146728516
2020-07-06,99.2612533569336,318.7799987792969,53.229148864746094,167.97999572753906,99.54827880859375,135.85446166992188,64.25831604003906,136.32449340820312,99.2612533569336
2020-07-07,99.41239929199219,318.5199890136719,52.44911575317383,169.0399932861328,99.57242584228516,137.76394653320312,62.98228073120117,136.32350158691406,99.41239929199219
2020-07-08,99.37881469726562,315.30999755859375,52.890010833740234,170.08999633789062,99.39532470703125,137.2136993408203,62.894020080566406,136.32000732421875,99.37881469726562
2020-07-09,99.63925170898438,313.6499938964844,52.288021087646484,169.6300048828125,99.65289306640625,139.39837646484375,62.500770568847656,136.31790161132812,99.63925170898438
2020-07-10,99.52163696289062,316.8800048828125,52.847618103027344,169.19000244140625,99.54827880859375,138.69796752929688,62.693382263183594,136.38400268554688,99.52163696289062
2020-07-13,99.51324462890625,323.8699951171875,52.50847244262695,169.39999389648438,99.765625,139.15658569335938,61.9470329284668,136.3065948486328,99.51324462890625
2020-07-14,99.67282104492188,317.70001220703125,53.280025482177734,170.19000244140625,99.78170776367188,139.3567352294922,62.468666076660156,136.30880737304688,99.67282104492188
2020-07-15,99.68119812011719,323.19000244140625,53.882015228271484,170.33999633789062,99.725341796875,138.7062530517578,63.07859420776367,136.29769897460938,99.68119812011719
2020-07-16,99.7484130859375,321.42999267578125,53.534385681152344,168.72999572753906,99.9266357421875,139.36495971679688,62.32421112060547,136.2747039794922,99.7484130859375
2020-07-17,99.84921264648438,322.760009765625,53.84809494018555,170.1199951171875,100.1117935180664,139.07321166992188,63.13477325439453,136.30149841308594,99.84921264648438
2020-07-20,99.95838165283203,324.42999267578125,54.11093521118164,170.94000244140625,100.24866485595703,139.41513061523438,62.38040542602539,136.29559326171875,99.95838165283203
2020-07-21,100.01719665527344,328.239990234375,54.221160888671875,173.0,100.4740219116211,139.49847412109375,62.53287887573242,136.36090087890625,100.01719665527344
2020-07-22,100.1011734008789,327.1400146484375,54.36529541015625,175.6300048828125,100.4740219116211,139.9153594970703,63.48787307739258,136.28790283203125,100.1011734008789
2020-07-23,100.21876525878906,328.5199890136719,53.93288803100586,177.17999267578125,100.52233123779297,141.54983520507812,63.22303771972656,136.29710388183594,100.21876525878906
2020-07-24,100.18521118164062,323.1600036621094,53.636131286621094,178.6999969482422,100.4981689453125,141.54141235351562,62.75759506225586,136.31790161132812,100.18521118164062
2020-07-27,100.11797332763672,323.489990234375,54.33986282348633,182.22999572753906,100.4981689453125,141.01612854003906,63.3514518737793,136.30740356445312,100.11797332763672
2020-07-28,100.18521118164062,324.79998779296875,53.992244720458984,183.75,100.68335723876953,141.9917449951172,64.61141967773438,136.30540466308594,100.18521118164062
2020-07-29,100.30274963378906,325.45001220703125,54.560306549072266,185.1300048828125,100.91679382324219,141.74990844726562,65.86335754394531,136.31260681152344,100.30274963378906
2020-07-30,100.37834167480469,324.3599853515625,53.75483322143555,183.75999450683594,101.02142333984375,142.6837921142578,65.43801879882812,136.34190368652344,100.37834167480469
2020-07-31,100.42034149169922,325.54998779296875,52.610206604003906,185.42999267578125,101.31932067871094,142.59214782714844,65.3176498413086,136.27490234375,100.42034149169922
2020-08-03,100.45988464355469,330.67999267578125,53.636131286621094,185.63999938964844,101.45613861083984,141.8741912841797,64.45091247558594,136.2711944580078,100.45988464355469
2020-08-04,100.65341186523438,331.2200012207031,53.93288803100586,189.58999633789062,101.68156433105469,143.22662353515625,65.4139404296875,136.26010131835938,100.65341186523438
2020-08-05,100.45988464355469,333.95001220703125,54.11093521118164,191.35000610351562,101.72986602783203,141.97439575195312,65.08493041992188,136.247802734375,100.45988464355469
2020-08-06,100.6029281616211,333.3900146484375,54.1702880859375,193.88999938964844,101.84255981445312,142.76748657226562,65.1892318725586,136.2458038330078,100.6029281616211
2020-08-07,100.4851303100586,335.9200134277344,53.94984817504883,190.80999755859375,101.56884765625,141.81573486328125,66.12017822265625,136.2541961669922,100.4851303100586
2020-08-10,100.39257049560547,336.2799987792969,54.127891540527344,190.14999389648438,101.4481201171875,141.1813507080078,66.22450256347656,136.24749755859375,100.39257049560547
2020-08-11,100.11493682861328,338.8800048828125,54.322906494140625,179.94000244140625,101.22268676757812,139.50341796875,65.26949310302734,136.2469940185547,100.11493682861328
2020-08-12,99.91300964355469,339.1099853515625,55.52687072753906,179.10000610351562,101.28712463378906,138.2344970703125,65.92758178710938,136.21099853515625,99.91300964355469
2020-08-13,99.54277801513672,339.4200134277344,55.28099060058594,183.3300018310547,101.02949523925781,136.75685119628906,65.11701965332031,136.23789978027344,99.54277801513672
2020-08-14,99.4502182006836,339.010009765625,54.941856384277344,182.5399932861328,100.86043548583984,136.2226104736328,65.12503051757812,136.2386932373047,99.4502182006836
2020-08-17,99.5848159790039,339.5799865722656,55.35730743408203,186.5,101.07778930664062,136.56480407714844,65.65470123291016,136.20640563964844,99.5848159790039
2020-08-18,99.72789001464844,340.1400146484375,55.323387145996094,188.17999267578125,101.52857208251953,137.54159545898438,65.34170532226562,136.23049926757812,99.72789001464844
2020-08-19,99.57640838623047,341.3500061035156,55.07750701904297,182.24000549316406,101.22268676757812,136.68170166015625,64.19409942626953,136.23049926757812,99.57640838623047
2020-08-20,99.75312805175781,339.04998779296875,54.899444580078125,183.5,101.12609100341797,137.91725158691406,64.80401611328125,136.24090576171875,99.75312805175781
2020-08-21,99.85409545898438,340.1400146484375,54.619651794433594,182.02999877929688,101.47223663330078,138.74366760253906,64.90834045410156,136.24090576171875,99.85409545898438
2020-08-24,99.81206512451172,343.55999755859375,55.3403434753418,181.0,101.67353057861328,138.518310546875,65.32569122314453,136.22129821777344,99.81206512451172
2020-08-25,99.6016845703125,344.760009765625,55.3742561340332,181.22000122070312,101.64129638671875,137.45806884765625,65.49419403076172,136.2158966064453,99.6016845703125
2020-08-26,99.5848159790039,347.2099914550781,55.69645690917969,183.36000061035156,101.84255981445312,136.9322052001953,64.8923110961914,136.19850158691406,99.5848159790039
2020-08-27,99.23990631103516,350.9599914550781,55.12837600708008,181.24000549316406,101.4400634765625,134.60308837890625,65.84730529785156,136.1851043701172,99.23990631103516
2020-08-28,99.37450408935547,350.9700012207031,55.51839828491211,184.38999938964844,101.7620620727539,134.5028839111328,66.28067779541016,136.20860290527344,99.37450408935547
2020-08-31,99.59329986572266,350.9700012207031,55.094478607177734,184.8300018310547,102.22091674804688,135.39614868164062,65.6065444946289,136.20269775390625,99.59329986572266
2020-09-01,99.79976654052734,352.7200012207031,55.153812408447266,185.0500030517578,102.2772445678711,136.9447784423828,65.65470123291016,136.2021942138672,99.79976654052734
2020-09-02,100.00201416015625,356.5400085449219,55.89146423339844,182.6199951171875,102.31751251220703,138.24850463867188,66.87454223632812,136.2017059326172,100.00201416015625
2020-09-03,100.02727508544922,348.82000732421875,54.62813186645508,181.13999938964844,101.96334075927734,138.64134216308594,66.07202911376953,136.16400146484375,100.02727508544922
2020-09-04,99.53007507324219,339.0400085449219,54.704444885253906,181.63999938964844,101.64935302734375,136.00875854492188,65.72693634033203,136.16200256347656,99.53007507324219
2020-09-07,99.53007507324219,345.2799987792969,54.704444885253906,181.63999938964844,101.64935302734375,136.00875854492188,65.72693634033203,136.1905975341797,99.53007507324219
2020-09-08,99.63964080810547,337.3599853515625,54.03462219238281,181.2899932861328,101.74595642089844,136.84449768066406,64.92440032958984,136.1873016357422,99.63964080810547
2020-09-09,99.63119506835938,341.7699890136719,55.0435905456543,183.0500030517578,101.80232238769531,136.47679138183594,65.56642150878906,136.18460083007812,99.63119506835938
2020-09-10,99.63964080810547,341.92999267578125,54.39921569824219,182.4600067138672,101.89085388183594,137.1704559326172,64.76390838623047,136.18319702148438,99.63964080810547
2020-09-11,99.75764465332031,336.54998779296875,54.941856384277344,182.4499969482422,101.8344955444336,137.46298217773438,64.40274810791016,136.1800994873047,99.75764465332031
2020-09-14,99.76602935791016,341.6199951171875,55.23859786987305,183.88999938964844,101.7701187133789,137.45462036132812,65.9757308959961,136.2010955810547,99.76602935791016
2020-09-15,99.77449035644531,343.3900146484375,55.594703674316406,183.4499969482422,101.84255981445312,137.12033081054688,66.77021789550781,136.1688995361328,99.77449035644531
2020-09-16,99.72389221191406,344.0199890136719,55.594703674316406,183.97000122070312,101.84255981445312,136.71078491210938,67.12334442138672,136.16769409179688,99.72389221191406
2020-09-17,99.74913787841797,338.239990234375,55.67101287841797,182.9600067138672,101.8989028930664,137.1286163330078,65.81521606445312,136.14639282226562,99.74913787841797
2020-09-18,99.63119506835938,335.1400146484375,55.221641540527344,183.1999969482422,101.81037902832031,136.70242309570312,64.3305435180664,136.16600036621094,99.63119506835938
2020-09-21,99.6480484008789,324.989990234375,53.822662353515625,179.52000427246094,101.62519073486328,137.39605712890625,62.39644241333008,136.164794921875,99.6480484008789
2020-09-22,99.72389221191406,329.3299865722656,53.80570602416992,178.64999389648438,101.65741729736328,137.2874755859375,63.1428108215332,136.16200256347656,99.72389221191406
2020-09-23,99.51321411132812,331.2300109863281,53.3563346862793,174.7899932861328,101.55274963378906,137.47132873535156,61.240806579589844,136.1820068359375,99.51321411132812
2020-09-24,99.5216293334961,326.3399963378906,53.30546188354492,175.44000244140625,101.62519073486328,137.99781799316406,61.56985092163086,136.1522979736328,99.5216293334961
2020-09-25,99.5553207397461,328.5799865722656,53.48351287841797,174.94000244140625,101.7620620727539,137.99781799316406,62.83958435058594,136.14950561523438,99.5553207397461
2020-09-28,99.63964080810547,336.8699951171875,54.28899002075195,176.6999969482422,101.97135925292969,137.6050262451172,64.12550354003906,136.1779022216797,99.63964080810547
2020-09-29,99.6564712524414,336.0400085449219,54.22964096069336,178.19000244140625,102.14044189453125,137.76377868652344,63.66450500488281,136.1221923828125,99.6564712524414
2020-09-30,99.49632263183594,339.6199951171875,53.966800689697266,177.1199951171875,101.8344955444336,136.4432830810547,63.85859680175781,136.14930725097656,99.49632263183594
2020-10-01,99.63311767578125,340.5799865722656,54.2805061340332,178.6999969482422,101.81592559814453,136.66836547851562,65.13641357421875,136.13600158691406,99.63311767578125
2020-10-02,99.53180694580078,337.29998779296875,54.1702880859375,178.5399932861328,101.83207702636719,136.1580810546875,66.26057434082031,136.13360595703125,99.53180694580078
2020-10-05,99.21100616455078,341.4599914550781,54.992713928222656,179.41000366210938,101.525146484375,133.4976806640625,66.64068603515625,136.15679931640625,99.21100616455078
2020-10-06,99.2954330444336,342.54998779296875,54.407691955566406,177.3000030517578,101.54132080078125,134.21707153320312,66.2039566040039,136.12550354003906,99.2954330444336
2020-10-07,99.22792053222656,342.6099853515625,54.874019622802734,177.22000122070312,101.53323364257812,133.23837280273438,66.30101013183594,136.12510681152344,99.22792053222656
2020-10-08,99.35456085205078,345.05999755859375,55.255558013916016,177.85000610351562,101.93711853027344,133.95774841308594,67.40899658203125,136.12069702148438,99.35456085205078
2020-10-09,99.37983703613281,349.1300048828125,55.68796920776367,181.0800018310547,101.96941375732422,133.93272399902344,67.14209747314453,136.08700561523438,99.37983703613281
2020-10-12,99.57402801513672,355.1400146484375,56.01015853881836,180.55999755859375,102.03401947021484,134.35931396484375,67.45752716064453,136.1414031982422,99.57402801513672
2020-10-13,99.5993423461914,354.9700012207031,55.38274002075195,177.72000122070312,102.03401947021484,135.32138061523438,66.30101013183594,136.0780029296875,99.5993423461914
2020-10-14,99.658447265625,353.2200012207031,55.28947830200195,178.27000427246094,102.03401947021484,135.63101196289062,65.49227142333984,136.07589721679688,99.658447265625
2020-10-15,99.57402801513672,348.75,54.63661575317383,178.9199981689453,102.001708984375,135.39674377441406,65.83194732666016,136.072998046875,99.57402801513672
2020-10-16,99.52336883544922,352.3500061035156,54.89097595214844,178.3000030517578,102.0420913696289,135.020263671875,65.36286926269531,136.07989501953125,99.52336883544922
2020-10-19,99.4051513671875,349.3699951171875,54.6874885559082,178.38999938964844,101.79977416992188,134.50991821289062,64.34384155273438,136.13299560546875,99.4051513671875
2020-10-20,99.32073974609375,346.4700012207031,54.95880126953125,179.25,101.71092987060547,133.22998046875,64.80482482910156,136.12939453125,99.32073974609375
2020-10-21,99.20256805419922,346.6600036621094,54.69596862792969,180.60000610351562,101.67864227294922,132.76980590820312,64.61073303222656,136.09500122070312,99.20256805419922
2020-10-22,99.02530670166016,345.6199951171875,54.73836135864258,178.8300018310547,101.525146484375,131.38941955566406,64.60264587402344,136.09030151367188,99.02530670166016
2020-10-23,99.1688003540039,347.45001220703125,55.094478607177734,178.63999938964844,101.64632415771484,132.1925811767578,64.99085235595703,136.05599975585938,99.1688003540039
2020-10-26,99.30389404296875,340.7300109863281,54.10246276855469,178.5500030517578,101.72708892822266,133.42237854003906,64.06078338623047,136.1179962158203,99.30389404296875
2020-10-27,99.53180694580078,341.94000244140625,53.678524017333984,179.02000427246094,101.92900085449219,134.3175048828125,63.033687591552734,136.0780029296875,99.53180694580078
2020-10-28,99.38829803466797,332.3399963378906,52.076045989990234,176.1300048828125,101.79977416992188,134.4429931640625,61.52941131591797,136.07730102539062,99.38829803466797
2020-10-29,99.21100616455078,332.2300109863281,52.321929931640625,175.39999389648438,101.45246887207031,133.13783264160156,62.354339599609375,136.0760040283203,99.21100616455078
2020-10-30,98.94087982177734,328.7200012207031,52.05061721801758,176.1999969482422,101.14556884765625,131.82437133789062,61.941856384277344,136.07330322265625,98.94087982177734
2020-11-02,99.12014770507812,333.239990234375,52.72890853881836,177.91000366210938,101.51640319824219,132.8118438720703,63.42186737060547,136.0706024169922,99.12014770507812
2020-11-03,99.07784271240234,340.8999938964844,54.11093521118164,178.9199981689453,101.43544006347656,132.04136657714844,64.6430892944336,136.0594940185547,99.07784271240234
2020-11-04,99.73741912841797,349.2200012207031,54.704444885253906,178.82000732421875,101.6054916381836,134.9055938720703,64.75630950927734,136.02999877929688,99.73741912841797
2020-11-05,99.83040618896484,354.20001220703125,56.01863479614258,182.92999267578125,101.68649291992188,135.14007568359375,65.06361389160156,136.05780029296875,99.83040618896484
2020-11-06,99.61058044433594,353.19000244140625,56.13734817504883,183.19000244140625,101.22491455078125,133.5070037841797,64.61882019042969,136.05099487304688,99.61058044433594
2020-11-09,99.1455078125,363.6099853515625,57.77372360229492,175.0800018310547,100.93342590332031,130.7013397216797,66.90758514404297,136.0200958251953,99.1455078125
2020-11-10,98.98485565185547,356.1600036621094,58.29092788696289,175.66000366210938,101.03057861328125,129.94757080078125,67.88613891601562,136.02020263671875,98.98485565185547
2020-11-11,99.04402923583984,359.7799987792969,58.78268814086914,174.89999389648438,101.208740234375,130.41661071777344,68.14494323730469,136.0500030517578,99.04402923583984
2020-11-12,99.45838928222656,358.4800109863281,57.926334381103516,175.9600067138672,101.49212646484375,132.6359405517578,67.25533294677734,136.04249572753906,99.45838928222656
2020-11-13,99.47528076171875,358.6400146484375,58.816619873046875,177.16000366210938,101.48402404785156,132.4600830078125,69.05075073242188,136.0399932861328,99.47528076171875
2020-11-16,99.46684265136719,364.989990234375,59.42705154418945,177.14999389648438,101.3464126586914,132.14181518554688,69.82711791992188,136.03579711914062,99.46684265136719
2020-11-17,99.6697769165039,363.9800109863281,59.367713928222656,176.5,101.51640319824219,133.00440979003906,69.89185333251953,136.03700256347656,99.6697769165039
2020-11-18,99.73741912841797,364.3699951171875,59.05400466918945,175.49000549316406,101.54879760742188,133.38973999023438,68.53314208984375,136.0323944091797,99.73741912841797
2020-11-19,99.92344665527344,358.67999267578125,59.46946334838867,175.16000366210938,101.65406036376953,134.07650756835938,68.80001831054688,136.02560424804688,99.92344665527344
2020-11-20,100.02494049072266,360.5199890136719,59.64751434326172,175.69000244140625,101.88081359863281,135.2657470703125,68.42803192138672,136.02439880371094,100.02494049072266
2020-11-23,99.99951934814453,358.2799987792969,59.57121658325195,172.22999572753906,101.79981231689453,134.64601135253906,68.55741119384766,136.0570068359375,99.99951934814453
2020-11-24,99.86426544189453,365.6700134277344,60.461463928222656,169.58999633789062,101.83219909667969,133.3059539794922,68.92135620117188,136.02029418945312,99.86426544189453
2020-11-25,99.83040618896484,365.3999938964844,60.38517379760742,169.50999450683594,102.00225067138672,132.89559936523438,68.9617691040039,136.0157012939453,99.83040618896484
2020-11-26,99.83040618896484,365.739990234375,60.38517379760742,169.50999450683594,102.00225067138672,132.89559936523438,68.9617691040039,136.0157928466797,99.83040618896484
2020-11-27,99.99951934814453,366.9100036621094,60.800621032714844,167.7899932861328,102.25326538085938,134.18533325195312,68.65446472167969,136.00819396972656,99.99951934814453
2020-11-30,100.13484191894531,362.82000732421875,59.47793960571289,166.6699981689453,102.36663055419922,134.01791381835938,67.93468475341797,136.00869750976562,100.13484191894531
2020-12-01,99.81806182861328,370.0199890136719,60.876914978027344,170.17999267578125,102.13400268554688,132.04183959960938,68.8081283569336,135.9929962158203,99.81806182861328
2020-12-02,99.70792388916016,369.260009765625,60.885414123535156,171.4600067138672,102.20694732666016,130.993896484375,68.2662582397461,135.97000122070312,99.70792388916016
2020-12-03,99.8773422241211,370.9100036621094,60.987152099609375,172.80999755859375,102.49064636230469,132.0502166748047,68.8404769897461,135.99240112304688,99.8773422241211
2020-12-04,99.60629272460938,372.2300109863281,61.50435256958008,172.32000732421875,102.27176666259766,130.1136016845703,69.89185333251953,135.9918975830078,99.60629272460938
2020-12-07,99.7587661743164,372.6000061035156,61.00410461425781,174.88999938964844,102.53931427001953,131.28729248046875,69.28528594970703,136.0279998779297,99.7587661743164
2020-12-08,99.76724243164062,372.8299865722656,61.216068267822266,175.5,102.70951843261719,131.90769958496094,69.04265594482422,135.98800659179688,99.76724243164062
2020-12-09,99.62322235107422,372.3900146484375,61.30086135864258,172.5,102.57984924316406,131.47178649902344,68.61402130126953,135.9853057861328,99.62322235107422
2020-12-10,99.86885070800781,370.6000061035156,61.38564682006836,172.1699981689453,102.81489562988281,132.63710021972656,68.3147964477539,135.95579528808594,99.86885070800781
2020-12-11,99.97897338867188,367.75,61.1991081237793,172.49000549316406,102.8067855834961,133.1065673828125,68.25010681152344,135.98199462890625,99.97897338867188
2020-12-14,99.9196548461914,370.6099853515625,61.236778259277344,171.5399932861328,102.8067855834961,132.73765563964844,67.95085906982422,136.01199340820312,99.9196548461914
2020-12-15,99.97897338867188,369.8800048828125,61.86174392700195,173.94000244140625,102.99320983886719,132.29331970214844,69.3418960571289,135.9669952392578,99.97897338867188
2020-12-16,99.93660736083984,373.45001220703125,62.101444244384766,174.89999389648438,102.98514556884766,131.94122314453125,69.42276763916016,135.9730987548828,99.93660736083984
2020-12-17,99.93238067626953,374.8699951171875,62.53805923461914,176.74000549316406,103.0443115234375,131.59217834472656,70.09402465820312,135.9644012451172,99.93238067626953
2020-12-18,99.88150024414062,373.17999267578125,62.212730407714844,176.44000244140625,102.99566650390625,131.1976776123047,68.6867904663086,135.96490478515625,99.88150024414062
2020-12-21,99.88150024414062,369.4200134277344,61.41655349731445,175.8800048828125,102.97943878173828,131.718017578125,68.29859924316406,135.96600341796875,99.88150024414062
2020-12-22,100.02564239501953,371.95001220703125,61.26245880126953,174.49000549316406,103.07673645019531,132.3977813720703,68.77574920654297,135.9949951171875,100.02564239501953
2020-12-23,99.95785522460938,373.5799865722656,61.921653747558594,175.64999389648438,103.12535858154297,131.48297119140625,68.33096313476562,135.9633026123047,99.95785522460938
2020-12-24,100.05107879638672,373.0400085449219,61.94734191894531,176.35000610351562,103.1659164428711,132.00335693359375,68.92919158935547,135.9633026123047,100.05107879638672
2020-12-28,100.06806182861328,373.0400085449219,62.45244598388672,175.7100067138672,103.23886108398438,132.06211853027344,69.340087890625,135.9512939453125,100.06806182861328
2020-12-29,100.08503723144531,377.6199951171875,62.854801177978516,176.35000610351562,103.19023132324219,131.89425659179688,68.74842834472656,135.9508056640625,100.08503723144531
2020-12-30,100.14439392089844,377.54998779296875,62.94041442871094,177.6999969482422,103.27131652832031,132.1795654296875,69.1264419555664,135.9508056640625,100.14439392089844
